feature_filepath,feature_type,filepath,subset_filepath,label,split,channel,dataset,speaker_id,attack_id,attack_category,shape
data/features/logmel/train/LA_train_LA_T_3891170.npy,logmel,data/raw/LA/LA/ASVspoof2019_LA_train/flac/LA_T_3891170.flac,data/subset_raw/LA_train_LA_T_3891170.flac,bonafide,train,clean,LA,LA_0085,-,bonafide,"[80, 400]"
data/features/mfcc/train/LA_train_LA_T_3891170.npy,mfcc,data/raw/LA/LA/ASVspoof2019_LA_train/flac/LA_T_3891170.flac,data/subset_raw/LA_train_LA_T_3891170.flac,bonafide,train,clean,LA,LA_0085,-,bonafide,"[20, 400]"
data/features/logmel/test/LA_test_LA_T_2948101.npy,logmel,data/raw/LA/LA/ASVspoof2019_LA_train/flac/LA_T_2948101.flac,data/subset_raw/LA_test_LA_T_2948101.flac,bonafide,test,clean,LA,LA_0097,-,bonafide,"[80, 400]"
data/features/mfcc/test/LA_test_LA_T_2948101.npy,mfcc,data/raw/LA/LA/ASVspoof2019_LA_train/flac/LA_T_2948101.flac,data/subset_raw/LA_test_LA_T_2948101.flac,bonafide,test,clean,LA,LA_0097,-,bonafide,"[20, 400]"
data/features/logmel/train/LA_train_LA_T_8919107.npy,logmel,data/raw/LA/LA/ASVspoof2019_LA_train/flac/LA_T_8919107.flac,data/subset_raw/LA_train_LA_T_8919107.flac,bonafide,train,clean,LA,LA_0084,-,bonafide,"[80, 400]"
data/features/mfcc/train/LA_train_LA_T_8919107.npy,mfcc,data/raw/LA/LA/ASVspoof2019_LA_train/flac/LA_T_8919107.flac,data/subset_raw/LA_train_LA_T_8919107.flac,bonafide,train,clean,LA,LA_0084,-,bonafide,"[20, 400]"
data/features/logmel/train/LA_train_LA_T_6650735.npy,logmel,data/raw/LA/LA/ASVspoof2019_LA_train/flac/LA_T_6650735.flac,data/subset_raw/LA_train_LA_T_6650735.flac,bonafide,train,clean,LA,LA_0081,-,bonafide,"[80, 400]"
data/features/mfcc/train/LA_train_LA_T_6650735.npy,mfcc,data/raw/LA/LA/ASVspoof2019_LA_train/flac/LA_T_6650735.flac,data/subset_raw/LA_train_LA_T_6650735.flac,bonafide,train,clean,LA,LA_0081,-,bonafide,"[20, 400]"
data/features/logmel/test/LA_test_LA_T_5362691.npy,logmel,data/raw/LA/LA/ASVspoof2019_LA_train/flac/LA_T_5362691.flac,data/subset_raw/LA_test_LA_T_5362691.flac,bonafide,test,clean,LA,LA_0086,-,bonafide,"[80, 400]"
data/features/mfcc/test/LA_test_LA_T_5362691.npy,mfcc,data/raw/LA/LA/ASVspoof2019_LA_train/flac/LA_T_5362691.flac,data/subset_raw/LA_test_LA_T_5362691.flac,bonafide,test,clean,LA,LA_0086,-,bonafide,"[20, 400]"
data/features/logmel/train/LA_train_LA_T_9132181.npy,logmel,data/raw/LA/LA/ASVspoof2019_LA_train/flac/LA_T_9132181.flac,data/subset_raw/LA_train_LA_T_9132181.flac,bonafide,train,clean,LA,LA_0098,-,bonafide,"[80, 400]"
data/features/mfcc/train/LA_train_LA_T_9132181.npy,mfcc,data/raw/LA/LA/ASVspoof2019_LA_train/flac/LA_T_9132181.flac,data/subset_raw/LA_train_LA_T_9132181.flac,bonafide,train,clean,LA,LA_0098,-,bonafide,"[20, 400]"
data/features/logmel/train/LA_train_LA_T_3517700.npy,logmel,data/raw/LA/LA/ASVspoof2019_LA_train/flac/LA_T_3517700.flac,data/subset_raw/LA_train_LA_T_3517700.flac,bonafide,train,clean,LA,LA_0098,-,bonafide,"[80, 400]"
data/features/mfcc/train/LA_train_LA_T_3517700.npy,mfcc,data/raw/LA/LA/ASVspoof2019_LA_train/flac/LA_T_3517700.flac,data/subset_raw/LA_train_LA_T_3517700.flac,bonafide,train,clean,LA,LA_0098,-,bonafide,"[20, 400]"
data/features/logmel/train/LA_train_LA_T_2502033.npy,logmel,data/raw/LA/LA/ASVspoof2019_LA_train/flac/LA_T_2502033.flac,data/subset_raw/LA_train_LA_T_2502033.flac,bonafide,train,clean,LA,LA_0092,-,bonafide,"[80, 400]"
data/features/mfcc/train/LA_train_LA_T_2502033.npy,mfcc,data/raw/LA/LA/ASVspoof2019_LA_train/flac/LA_T_2502033.flac,data/subset_raw/LA_train_LA_T_2502033.flac,bonafide,train,clean,LA,LA_0092,-,bonafide,"[20, 400]"
data/features/logmel/train/LA_train_LA_T_8234497.npy,logmel,data/raw/LA/LA/ASVspoof2019_LA_train/flac/LA_T_8234497.flac,data/subset_raw/LA_train_LA_T_8234497.flac,bonafide,train,clean,LA,LA_0090,-,bonafide,"[80, 400]"
data/features/mfcc/train/LA_train_LA_T_8234497.npy,mfcc,data/raw/LA/LA/ASVspoof2019_LA_train/flac/LA_T_8234497.flac,data/subset_raw/LA_train_LA_T_8234497.flac,bonafide,train,clean,LA,LA_0090,-,bonafide,"[20, 400]"
data/features/logmel/train/LA_train_LA_T_8847275.npy,logmel,data/raw/LA/LA/ASVspoof2019_LA_train/flac/LA_T_8847275.flac,data/subset_raw/LA_train_LA_T_8847275.flac,bonafide,train,clean,LA,LA_0094,-,bonafide,"[80, 400]"
data/features/mfcc/train/LA_train_LA_T_8847275.npy,mfcc,data/raw/LA/LA/ASVspoof2019_LA_train/flac/LA_T_8847275.flac,data/subset_raw/LA_train_LA_T_8847275.flac,bonafide,train,clean,LA,LA_0094,-,bonafide,"[20, 400]"
data/features/logmel/test/LA_test_LA_T_6175341.npy,logmel,data/raw/LA/LA/ASVspoof2019_LA_train/flac/LA_T_6175341.flac,data/subset_raw/LA_test_LA_T_6175341.flac,bonafide,test,clean,LA,LA_0097,-,bonafide,"[80, 400]"
data/features/mfcc/test/LA_test_LA_T_6175341.npy,mfcc,data/raw/LA/LA/ASVspoof2019_LA_train/flac/LA_T_6175341.flac,data/subset_raw/LA_test_LA_T_6175341.flac,bonafide,test,clean,LA,LA_0097,-,bonafide,"[20, 400]"
data/features/logmel/train/LA_train_LA_T_3324661.npy,logmel,data/raw/LA/LA/ASVspoof2019_LA_train/flac/LA_T_3324661.flac,data/subset_raw/LA_train_LA_T_3324661.flac,bonafide,train,clean,LA,LA_0087,-,bonafide,"[80, 400]"
data/features/mfcc/train/LA_train_LA_T_3324661.npy,mfcc,data/raw/LA/LA/ASVspoof2019_LA_train/flac/LA_T_3324661.flac,data/subset_raw/LA_train_LA_T_3324661.flac,bonafide,train,clean,LA,LA_0087,-,bonafide,"[20, 400]"
data/features/logmel/train/LA_train_LA_T_6636159.npy,logmel,data/raw/LA/LA/ASVspoof2019_LA_train/flac/LA_T_6636159.flac,data/subset_raw/LA_train_LA_T_6636159.flac,bonafide,train,clean,LA,LA_0092,-,bonafide,"[80, 400]"
data/features/mfcc/train/LA_train_LA_T_6636159.npy,mfcc,data/raw/LA/LA/ASVspoof2019_LA_train/flac/LA_T_6636159.flac,data/subset_raw/LA_train_LA_T_6636159.flac,bonafide,train,clean,LA,LA_0092,-,bonafide,"[20, 400]"
data/features/logmel/train/LA_train_LA_T_1744427.npy,logmel,data/raw/LA/LA/ASVspoof2019_LA_train/flac/LA_T_1744427.flac,data/subset_raw/LA_train_LA_T_1744427.flac,bonafide,train,clean,LA,LA_0091,-,bonafide,"[80, 400]"
data/features/mfcc/train/LA_train_LA_T_1744427.npy,mfcc,data/raw/LA/LA/ASVspoof2019_LA_train/flac/LA_T_1744427.flac,data/subset_raw/LA_train_LA_T_1744427.flac,bonafide,train,clean,LA,LA_0091,-,bonafide,"[20, 400]"
data/features/logmel/train/LA_train_LA_T_5314492.npy,logmel,data/raw/LA/LA/ASVspoof2019_LA_train/flac/LA_T_5314492.flac,data/subset_raw/LA_train_LA_T_5314492.flac,bonafide,train,clean,LA,LA_0088,-,bonafide,"[80, 400]"
data/features/mfcc/train/LA_train_LA_T_5314492.npy,mfcc,data/raw/LA/LA/ASVspoof2019_LA_train/flac/LA_T_5314492.flac,data/subset_raw/LA_train_LA_T_5314492.flac,bonafide,train,clean,LA,LA_0088,-,bonafide,"[20, 400]"
data/features/logmel/train/LA_train_LA_T_1933449.npy,logmel,data/raw/LA/LA/ASVspoof2019_LA_train/flac/LA_T_1933449.flac,data/subset_raw/LA_train_LA_T_1933449.flac,bonafide,train,clean,LA,LA_0083,-,bonafide,"[80, 400]"
data/features/mfcc/train/LA_train_LA_T_1933449.npy,mfcc,data/raw/LA/LA/ASVspoof2019_LA_train/flac/LA_T_1933449.flac,data/subset_raw/LA_train_LA_T_1933449.flac,bonafide,train,clean,LA,LA_0083,-,bonafide,"[20, 400]"
data/features/logmel/train/LA_train_LA_T_4400269.npy,logmel,data/raw/LA/LA/ASVspoof2019_LA_train/flac/LA_T_4400269.flac,data/subset_raw/LA_train_LA_T_4400269.flac,bonafide,train,clean,LA,LA_0081,-,bonafide,"[80, 400]"
data/features/mfcc/train/LA_train_LA_T_4400269.npy,mfcc,data/raw/LA/LA/ASVspoof2019_LA_train/flac/LA_T_4400269.flac,data/subset_raw/LA_train_LA_T_4400269.flac,bonafide,train,clean,LA,LA_0081,-,bonafide,"[20, 400]"
data/features/logmel/train/LA_train_LA_T_1897758.npy,logmel,data/raw/LA/LA/ASVspoof2019_LA_train/flac/LA_T_1897758.flac,data/subset_raw/LA_train_LA_T_1897758.flac,bonafide,train,clean,LA,LA_0096,-,bonafide,"[80, 400]"
data/features/mfcc/train/LA_train_LA_T_1897758.npy,mfcc,data/raw/LA/LA/ASVspoof2019_LA_train/flac/LA_T_1897758.flac,data/subset_raw/LA_train_LA_T_1897758.flac,bonafide,train,clean,LA,LA_0096,-,bonafide,"[20, 400]"
data/features/logmel/train/LA_train_LA_T_9074017.npy,logmel,data/raw/LA/LA/ASVspoof2019_LA_train/flac/LA_T_9074017.flac,data/subset_raw/LA_train_LA_T_9074017.flac,bonafide,train,clean,LA,LA_0096,-,bonafide,"[80, 400]"
data/features/mfcc/train/LA_train_LA_T_9074017.npy,mfcc,data/raw/LA/LA/ASVspoof2019_LA_train/flac/LA_T_9074017.flac,data/subset_raw/LA_train_LA_T_9074017.flac,bonafide,train,clean,LA,LA_0096,-,bonafide,"[20, 400]"
data/features/logmel/train/LA_train_LA_T_8874328.npy,logmel,data/raw/LA/LA/ASVspoof2019_LA_train/flac/LA_T_8874328.flac,data/subset_raw/LA_train_LA_T_8874328.flac,bonafide,train,clean,LA,LA_0087,-,bonafide,"[80, 400]"
data/features/mfcc/train/LA_train_LA_T_8874328.npy,mfcc,data/raw/LA/LA/ASVspoof2019_LA_train/flac/LA_T_8874328.flac,data/subset_raw/LA_train_LA_T_8874328.flac,bonafide,train,clean,LA,LA_0087,-,bonafide,"[20, 400]"
data/features/logmel/train/LA_train_LA_T_8388870.npy,logmel,data/raw/LA/LA/ASVspoof2019_LA_train/flac/LA_T_8388870.flac,data/subset_raw/LA_train_LA_T_8388870.flac,bonafide,train,clean,LA,LA_0081,-,bonafide,"[80, 400]"
data/features/mfcc/train/LA_train_LA_T_8388870.npy,mfcc,data/raw/LA/LA/ASVspoof2019_LA_train/flac/LA_T_8388870.flac,data/subset_raw/LA_train_LA_T_8388870.flac,bonafide,train,clean,LA,LA_0081,-,bonafide,"[20, 400]"
data/features/logmel/val/LA_val_LA_T_4290789.npy,logmel,data/raw/LA/LA/ASVspoof2019_LA_train/flac/LA_T_4290789.flac,data/subset_raw/LA_val_LA_T_4290789.flac,bonafide,val,clean,LA,LA_0089,-,bonafide,"[80, 400]"
data/features/mfcc/val/LA_val_LA_T_4290789.npy,mfcc,data/raw/LA/LA/ASVspoof2019_LA_train/flac/LA_T_4290789.flac,data/subset_raw/LA_val_LA_T_4290789.flac,bonafide,val,clean,LA,LA_0089,-,bonafide,"[20, 400]"
data/features/logmel/test/LA_test_LA_T_9506168.npy,logmel,data/raw/LA/LA/ASVspoof2019_LA_train/flac/LA_T_9506168.flac,data/subset_raw/LA_test_LA_T_9506168.flac,bonafide,test,clean,LA,LA_0097,-,bonafide,"[80, 400]"
data/features/mfcc/test/LA_test_LA_T_9506168.npy,mfcc,data/raw/LA/LA/ASVspoof2019_LA_train/flac/LA_T_9506168.flac,data/subset_raw/LA_test_LA_T_9506168.flac,bonafide,test,clean,LA,LA_0097,-,bonafide,"[20, 400]"
data/features/logmel/train/LA_train_LA_T_4606578.npy,logmel,data/raw/LA/LA/ASVspoof2019_LA_train/flac/LA_T_4606578.flac,data/subset_raw/LA_train_LA_T_4606578.flac,bonafide,train,clean,LA,LA_0084,-,bonafide,"[80, 400]"
data/features/mfcc/train/LA_train_LA_T_4606578.npy,mfcc,data/raw/LA/LA/ASVspoof2019_LA_train/flac/LA_T_4606578.flac,data/subset_raw/LA_train_LA_T_4606578.flac,bonafide,train,clean,LA,LA_0084,-,bonafide,"[20, 400]"
data/features/logmel/train/LA_train_LA_T_9863654.npy,logmel,data/raw/LA/LA/ASVspoof2019_LA_train/flac/LA_T_9863654.flac,data/subset_raw/LA_train_LA_T_9863654.flac,bonafide,train,clean,LA,LA_0087,-,bonafide,"[80, 400]"
data/features/mfcc/train/LA_train_LA_T_9863654.npy,mfcc,data/raw/LA/LA/ASVspoof2019_LA_train/flac/LA_T_9863654.flac,data/subset_raw/LA_train_LA_T_9863654.flac,bonafide,train,clean,LA,LA_0087,-,bonafide,"[20, 400]"
data/features/logmel/train/LA_train_LA_T_2439075.npy,logmel,data/raw/LA/LA/ASVspoof2019_LA_train/flac/LA_T_2439075.flac,data/subset_raw/LA_train_LA_T_2439075.flac,bonafide,train,clean,LA,LA_0096,-,bonafide,"[80, 400]"
data/features/mfcc/train/LA_train_LA_T_2439075.npy,mfcc,data/raw/LA/LA/ASVspoof2019_LA_train/flac/LA_T_2439075.flac,data/subset_raw/LA_train_LA_T_2439075.flac,bonafide,train,clean,LA,LA_0096,-,bonafide,"[20, 400]"
data/features/logmel/train/LA_train_LA_T_5954195.npy,logmel,data/raw/LA/LA/ASVspoof2019_LA_train/flac/LA_T_5954195.flac,data/subset_raw/LA_train_LA_T_5954195.flac,bonafide,train,clean,LA,LA_0079,-,bonafide,"[80, 400]"
data/features/mfcc/train/LA_train_LA_T_5954195.npy,mfcc,data/raw/LA/LA/ASVspoof2019_LA_train/flac/LA_T_5954195.flac,data/subset_raw/LA_train_LA_T_5954195.flac,bonafide,train,clean,LA,LA_0079,-,bonafide,"[20, 400]"
data/features/logmel/train/LA_train_LA_T_4362109.npy,logmel,data/raw/LA/LA/ASVspoof2019_LA_train/flac/LA_T_4362109.flac,data/subset_raw/LA_train_LA_T_4362109.flac,bonafide,train,clean,LA,LA_0079,-,bonafide,"[80, 400]"
data/features/mfcc/train/LA_train_LA_T_4362109.npy,mfcc,data/raw/LA/LA/ASVspoof2019_LA_train/flac/LA_T_4362109.flac,data/subset_raw/LA_train_LA_T_4362109.flac,bonafide,train,clean,LA,LA_0079,-,bonafide,"[20, 400]"
data/features/logmel/train/LA_train_LA_T_5326363.npy,logmel,data/raw/LA/LA/ASVspoof2019_LA_train/flac/LA_T_5326363.flac,data/subset_raw/LA_train_LA_T_5326363.flac,bonafide,train,clean,LA,LA_0091,-,bonafide,"[80, 400]"
data/features/mfcc/train/LA_train_LA_T_5326363.npy,mfcc,data/raw/LA/LA/ASVspoof2019_LA_train/flac/LA_T_5326363.flac,data/subset_raw/LA_train_LA_T_5326363.flac,bonafide,train,clean,LA,LA_0091,-,bonafide,"[20, 400]"
data/features/logmel/test/LA_test_LA_T_1611587.npy,logmel,data/raw/LA/LA/ASVspoof2019_LA_train/flac/LA_T_1611587.flac,data/subset_raw/LA_test_LA_T_1611587.flac,bonafide,test,clean,LA,LA_0086,-,bonafide,"[80, 400]"
data/features/mfcc/test/LA_test_LA_T_1611587.npy,mfcc,data/raw/LA/LA/ASVspoof2019_LA_train/flac/LA_T_1611587.flac,data/subset_raw/LA_test_LA_T_1611587.flac,bonafide,test,clean,LA,LA_0086,-,bonafide,"[20, 400]"
data/features/logmel/train/LA_train_LA_T_8052308.npy,logmel,data/raw/LA/LA/ASVspoof2019_LA_train/flac/LA_T_8052308.flac,data/subset_raw/LA_train_LA_T_8052308.flac,bonafide,train,clean,LA,LA_0084,-,bonafide,"[80, 400]"
data/features/mfcc/train/LA_train_LA_T_8052308.npy,mfcc,data/raw/LA/LA/ASVspoof2019_LA_train/flac/LA_T_8052308.flac,data/subset_raw/LA_train_LA_T_8052308.flac,bonafide,train,clean,LA,LA_0084,-,bonafide,"[20, 400]"
data/features/logmel/train/LA_train_LA_T_6015645.npy,logmel,data/raw/LA/LA/ASVspoof2019_LA_train/flac/LA_T_6015645.flac,data/subset_raw/LA_train_LA_T_6015645.flac,bonafide,train,clean,LA,LA_0087,-,bonafide,"[80, 400]"
data/features/mfcc/train/LA_train_LA_T_6015645.npy,mfcc,data/raw/LA/LA/ASVspoof2019_LA_train/flac/LA_T_6015645.flac,data/subset_raw/LA_train_LA_T_6015645.flac,bonafide,train,clean,LA,LA_0087,-,bonafide,"[20, 400]"
data/features/logmel/train/LA_train_LA_T_5065316.npy,logmel,data/raw/LA/LA/ASVspoof2019_LA_train/flac/LA_T_5065316.flac,data/subset_raw/LA_train_LA_T_5065316.flac,bonafide,train,clean,LA,LA_0092,-,bonafide,"[80, 400]"
data/features/mfcc/train/LA_train_LA_T_5065316.npy,mfcc,data/raw/LA/LA/ASVspoof2019_LA_train/flac/LA_T_5065316.flac,data/subset_raw/LA_train_LA_T_5065316.flac,bonafide,train,clean,LA,LA_0092,-,bonafide,"[20, 400]"
data/features/logmel/train/LA_train_LA_T_5374473.npy,logmel,data/raw/LA/LA/ASVspoof2019_LA_train/flac/LA_T_5374473.flac,data/subset_raw/LA_train_LA_T_5374473.flac,bonafide,train,clean,LA,LA_0091,-,bonafide,"[80, 400]"
data/features/mfcc/train/LA_train_LA_T_5374473.npy,mfcc,data/raw/LA/LA/ASVspoof2019_LA_train/flac/LA_T_5374473.flac,data/subset_raw/LA_train_LA_T_5374473.flac,bonafide,train,clean,LA,LA_0091,-,bonafide,"[20, 400]"
data/features/logmel/train/LA_train_LA_T_4176612.npy,logmel,data/raw/LA/LA/ASVspoof2019_LA_train/flac/LA_T_4176612.flac,data/subset_raw/LA_train_LA_T_4176612.flac,bonafide,train,clean,LA,LA_0080,-,bonafide,"[80, 400]"
data/features/mfcc/train/LA_train_LA_T_4176612.npy,mfcc,data/raw/LA/LA/ASVspoof2019_LA_train/flac/LA_T_4176612.flac,data/subset_raw/LA_train_LA_T_4176612.flac,bonafide,train,clean,LA,LA_0080,-,bonafide,"[20, 400]"
data/features/logmel/train/LA_train_LA_T_9593260.npy,logmel,data/raw/LA/LA/ASVspoof2019_LA_train/flac/LA_T_9593260.flac,data/subset_raw/LA_train_LA_T_9593260.flac,bonafide,train,clean,LA,LA_0084,-,bonafide,"[80, 400]"
data/features/mfcc/train/LA_train_LA_T_9593260.npy,mfcc,data/raw/LA/LA/ASVspoof2019_LA_train/flac/LA_T_9593260.flac,data/subset_raw/LA_train_LA_T_9593260.flac,bonafide,train,clean,LA,LA_0084,-,bonafide,"[20, 400]"
data/features/logmel/train/LA_train_LA_T_3154528.npy,logmel,data/raw/LA/LA/ASVspoof2019_LA_train/flac/LA_T_3154528.flac,data/subset_raw/LA_train_LA_T_3154528.flac,bonafide,train,clean,LA,LA_0084,-,bonafide,"[80, 400]"
data/features/mfcc/train/LA_train_LA_T_3154528.npy,mfcc,data/raw/LA/LA/ASVspoof2019_LA_train/flac/LA_T_3154528.flac,data/subset_raw/LA_train_LA_T_3154528.flac,bonafide,train,clean,LA,LA_0084,-,bonafide,"[20, 400]"
data/features/logmel/val/LA_val_LA_T_5669661.npy,logmel,data/raw/LA/LA/ASVspoof2019_LA_train/flac/LA_T_5669661.flac,data/subset_raw/LA_val_LA_T_5669661.flac,bonafide,val,clean,LA,LA_0089,-,bonafide,"[80, 400]"
data/features/mfcc/val/LA_val_LA_T_5669661.npy,mfcc,data/raw/LA/LA/ASVspoof2019_LA_train/flac/LA_T_5669661.flac,data/subset_raw/LA_val_LA_T_5669661.flac,bonafide,val,clean,LA,LA_0089,-,bonafide,"[20, 400]"
data/features/logmel/train/LA_train_LA_T_3995089.npy,logmel,data/raw/LA/LA/ASVspoof2019_LA_train/flac/LA_T_3995089.flac,data/subset_raw/LA_train_LA_T_3995089.flac,bonafide,train,clean,LA,LA_0079,-,bonafide,"[80, 400]"
data/features/mfcc/train/LA_train_LA_T_3995089.npy,mfcc,data/raw/LA/LA/ASVspoof2019_LA_train/flac/LA_T_3995089.flac,data/subset_raw/LA_train_LA_T_3995089.flac,bonafide,train,clean,LA,LA_0079,-,bonafide,"[20, 400]"
data/features/logmel/train/LA_train_LA_T_2345808.npy,logmel,data/raw/LA/LA/ASVspoof2019_LA_train/flac/LA_T_2345808.flac,data/subset_raw/LA_train_LA_T_2345808.flac,bonafide,train,clean,LA,LA_0091,-,bonafide,"[80, 400]"
data/features/mfcc/train/LA_train_LA_T_2345808.npy,mfcc,data/raw/LA/LA/ASVspoof2019_LA_train/flac/LA_T_2345808.flac,data/subset_raw/LA_train_LA_T_2345808.flac,bonafide,train,clean,LA,LA_0091,-,bonafide,"[20, 400]"
data/features/logmel/train/LA_train_LA_T_7075102.npy,logmel,data/raw/LA/LA/ASVspoof2019_LA_train/flac/LA_T_7075102.flac,data/subset_raw/LA_train_LA_T_7075102.flac,bonafide,train,clean,LA,LA_0081,-,bonafide,"[80, 400]"
data/features/mfcc/train/LA_train_LA_T_7075102.npy,mfcc,data/raw/LA/LA/ASVspoof2019_LA_train/flac/LA_T_7075102.flac,data/subset_raw/LA_train_LA_T_7075102.flac,bonafide,train,clean,LA,LA_0081,-,bonafide,"[20, 400]"
data/features/logmel/train/LA_train_LA_T_7974459.npy,logmel,data/raw/LA/LA/ASVspoof2019_LA_train/flac/LA_T_7974459.flac,data/subset_raw/LA_train_LA_T_7974459.flac,bonafide,train,clean,LA,LA_0083,-,bonafide,"[80, 400]"
data/features/mfcc/train/LA_train_LA_T_7974459.npy,mfcc,data/raw/LA/LA/ASVspoof2019_LA_train/flac/LA_T_7974459.flac,data/subset_raw/LA_train_LA_T_7974459.flac,bonafide,train,clean,LA,LA_0083,-,bonafide,"[20, 400]"
data/features/logmel/train/LA_train_LA_T_4105004.npy,logmel,data/raw/LA/LA/ASVspoof2019_LA_train/flac/LA_T_4105004.flac,data/subset_raw/LA_train_LA_T_4105004.flac,bonafide,train,clean,LA,LA_0080,-,bonafide,"[80, 400]"
data/features/mfcc/train/LA_train_LA_T_4105004.npy,mfcc,data/raw/LA/LA/ASVspoof2019_LA_train/flac/LA_T_4105004.flac,data/subset_raw/LA_train_LA_T_4105004.flac,bonafide,train,clean,LA,LA_0080,-,bonafide,"[20, 400]"
data/features/logmel/train/LA_train_LA_T_3485288.npy,logmel,data/raw/LA/LA/ASVspoof2019_LA_train/flac/LA_T_3485288.flac,data/subset_raw/LA_train_LA_T_3485288.flac,bonafide,train,clean,LA,LA_0092,-,bonafide,"[80, 400]"
data/features/mfcc/train/LA_train_LA_T_3485288.npy,mfcc,data/raw/LA/LA/ASVspoof2019_LA_train/flac/LA_T_3485288.flac,data/subset_raw/LA_train_LA_T_3485288.flac,bonafide,train,clean,LA,LA_0092,-,bonafide,"[20, 400]"
data/features/logmel/train/LA_train_LA_T_7208401.npy,logmel,data/raw/LA/LA/ASVspoof2019_LA_train/flac/LA_T_7208401.flac,data/subset_raw/LA_train_LA_T_7208401.flac,bonafide,train,clean,LA,LA_0094,-,bonafide,"[80, 400]"
data/features/mfcc/train/LA_train_LA_T_7208401.npy,mfcc,data/raw/LA/LA/ASVspoof2019_LA_train/flac/LA_T_7208401.flac,data/subset_raw/LA_train_LA_T_7208401.flac,bonafide,train,clean,LA,LA_0094,-,bonafide,"[20, 400]"
data/features/logmel/val/LA_val_LA_T_4436477.npy,logmel,data/raw/LA/LA/ASVspoof2019_LA_train/flac/LA_T_4436477.flac,data/subset_raw/LA_val_LA_T_4436477.flac,bonafide,val,clean,LA,LA_0089,-,bonafide,"[80, 400]"
data/features/mfcc/val/LA_val_LA_T_4436477.npy,mfcc,data/raw/LA/LA/ASVspoof2019_LA_train/flac/LA_T_4436477.flac,data/subset_raw/LA_val_LA_T_4436477.flac,bonafide,val,clean,LA,LA_0089,-,bonafide,"[20, 400]"
data/features/logmel/train/LA_train_LA_T_8208951.npy,logmel,data/raw/LA/LA/ASVspoof2019_LA_train/flac/LA_T_8208951.flac,data/subset_raw/LA_train_LA_T_8208951.flac,bonafide,train,clean,LA,LA_0096,-,bonafide,"[80, 400]"
data/features/mfcc/train/LA_train_LA_T_8208951.npy,mfcc,data/raw/LA/LA/ASVspoof2019_LA_train/flac/LA_T_8208951.flac,data/subset_raw/LA_train_LA_T_8208951.flac,bonafide,train,clean,LA,LA_0096,-,bonafide,"[20, 400]"
data/features/logmel/train/LA_train_LA_T_8651978.npy,logmel,data/raw/LA/LA/ASVspoof2019_LA_train/flac/LA_T_8651978.flac,data/subset_raw/LA_train_LA_T_8651978.flac,bonafide,train,clean,LA,LA_0087,-,bonafide,"[80, 400]"
data/features/mfcc/train/LA_train_LA_T_8651978.npy,mfcc,data/raw/LA/LA/ASVspoof2019_LA_train/flac/LA_T_8651978.flac,data/subset_raw/LA_train_LA_T_8651978.flac,bonafide,train,clean,LA,LA_0087,-,bonafide,"[20, 400]"
data/features/logmel/train/LA_train_LA_T_1963829.npy,logmel,data/raw/LA/LA/ASVspoof2019_LA_train/flac/LA_T_1963829.flac,data/subset_raw/LA_train_LA_T_1963829.flac,bonafide,train,clean,LA,LA_0084,-,bonafide,"[80, 400]"
data/features/mfcc/train/LA_train_LA_T_1963829.npy,mfcc,data/raw/LA/LA/ASVspoof2019_LA_train/flac/LA_T_1963829.flac,data/subset_raw/LA_train_LA_T_1963829.flac,bonafide,train,clean,LA,LA_0084,-,bonafide,"[20, 400]"
data/features/logmel/test/LA_test_LA_T_4891261.npy,logmel,data/raw/LA/LA/ASVspoof2019_LA_train/flac/LA_T_4891261.flac,data/subset_raw/LA_test_LA_T_4891261.flac,bonafide,test,clean,LA,LA_0093,-,bonafide,"[80, 400]"
data/features/mfcc/test/LA_test_LA_T_4891261.npy,mfcc,data/raw/LA/LA/ASVspoof2019_LA_train/flac/LA_T_4891261.flac,data/subset_raw/LA_test_LA_T_4891261.flac,bonafide,test,clean,LA,LA_0093,-,bonafide,"[20, 400]"
data/features/logmel/train/LA_train_LA_T_2280500.npy,logmel,data/raw/LA/LA/ASVspoof2019_LA_train/flac/LA_T_2280500.flac,data/subset_raw/LA_train_LA_T_2280500.flac,bonafide,train,clean,LA,LA_0084,-,bonafide,"[80, 400]"
data/features/mfcc/train/LA_train_LA_T_2280500.npy,mfcc,data/raw/LA/LA/ASVspoof2019_LA_train/flac/LA_T_2280500.flac,data/subset_raw/LA_train_LA_T_2280500.flac,bonafide,train,clean,LA,LA_0084,-,bonafide,"[20, 400]"
data/features/logmel/train/LA_train_LA_T_5799348.npy,logmel,data/raw/LA/LA/ASVspoof2019_LA_train/flac/LA_T_5799348.flac,data/subset_raw/LA_train_LA_T_5799348.flac,bonafide,train,clean,LA,LA_0090,-,bonafide,"[80, 400]"
data/features/mfcc/train/LA_train_LA_T_5799348.npy,mfcc,data/raw/LA/LA/ASVspoof2019_LA_train/flac/LA_T_5799348.flac,data/subset_raw/LA_train_LA_T_5799348.flac,bonafide,train,clean,LA,LA_0090,-,bonafide,"[20, 400]"
data/features/logmel/train/LA_train_LA_T_3680444.npy,logmel,data/raw/LA/LA/ASVspoof2019_LA_train/flac/LA_T_3680444.flac,data/subset_raw/LA_train_LA_T_3680444.flac,bonafide,train,clean,LA,LA_0096,-,bonafide,"[80, 400]"
data/features/mfcc/train/LA_train_LA_T_3680444.npy,mfcc,data/raw/LA/LA/ASVspoof2019_LA_train/flac/LA_T_3680444.flac,data/subset_raw/LA_train_LA_T_3680444.flac,bonafide,train,clean,LA,LA_0096,-,bonafide,"[20, 400]"
data/features/logmel/train/LA_train_LA_T_2054424.npy,logmel,data/raw/LA/LA/ASVspoof2019_LA_train/flac/LA_T_2054424.flac,data/subset_raw/LA_train_LA_T_2054424.flac,bonafide,train,clean,LA,LA_0096,-,bonafide,"[80, 400]"
data/features/mfcc/train/LA_train_LA_T_2054424.npy,mfcc,data/raw/LA/LA/ASVspoof2019_LA_train/flac/LA_T_2054424.flac,data/subset_raw/LA_train_LA_T_2054424.flac,bonafide,train,clean,LA,LA_0096,-,bonafide,"[20, 400]"
data/features/logmel/train/LA_train_LA_T_7357748.npy,logmel,data/raw/LA/LA/ASVspoof2019_LA_train/flac/LA_T_7357748.flac,data/subset_raw/LA_train_LA_T_7357748.flac,bonafide,train,clean,LA,LA_0087,-,bonafide,"[80, 400]"
data/features/mfcc/train/LA_train_LA_T_7357748.npy,mfcc,data/raw/LA/LA/ASVspoof2019_LA_train/flac/LA_T_7357748.flac,data/subset_raw/LA_train_LA_T_7357748.flac,bonafide,train,clean,LA,LA_0087,-,bonafide,"[20, 400]"
data/features/logmel/train/LA_train_LA_T_1873366.npy,logmel,data/raw/LA/LA/ASVspoof2019_LA_train/flac/LA_T_1873366.flac,data/subset_raw/LA_train_LA_T_1873366.flac,bonafide,train,clean,LA,LA_0083,-,bonafide,"[80, 400]"
data/features/mfcc/train/LA_train_LA_T_1873366.npy,mfcc,data/raw/LA/LA/ASVspoof2019_LA_train/flac/LA_T_1873366.flac,data/subset_raw/LA_train_LA_T_1873366.flac,bonafide,train,clean,LA,LA_0083,-,bonafide,"[20, 400]"
data/features/logmel/train/LA_train_LA_T_7514330.npy,logmel,data/raw/LA/LA/ASVspoof2019_LA_train/flac/LA_T_7514330.flac,data/subset_raw/LA_train_LA_T_7514330.flac,bonafide,train,clean,LA,LA_0087,-,bonafide,"[80, 400]"
data/features/mfcc/train/LA_train_LA_T_7514330.npy,mfcc,data/raw/LA/LA/ASVspoof2019_LA_train/flac/LA_T_7514330.flac,data/subset_raw/LA_train_LA_T_7514330.flac,bonafide,train,clean,LA,LA_0087,-,bonafide,"[20, 400]"
data/features/logmel/train/LA_train_LA_T_7179987.npy,logmel,data/raw/LA/LA/ASVspoof2019_LA_train/flac/LA_T_7179987.flac,data/subset_raw/LA_train_LA_T_7179987.flac,bonafide,train,clean,LA,LA_0098,-,bonafide,"[80, 400]"
data/features/mfcc/train/LA_train_LA_T_7179987.npy,mfcc,data/raw/LA/LA/ASVspoof2019_LA_train/flac/LA_T_7179987.flac,data/subset_raw/LA_train_LA_T_7179987.flac,bonafide,train,clean,LA,LA_0098,-,bonafide,"[20, 400]"
data/features/logmel/train/LA_train_LA_T_7121055.npy,logmel,data/raw/LA/LA/ASVspoof2019_LA_train/flac/LA_T_7121055.flac,data/subset_raw/LA_train_LA_T_7121055.flac,bonafide,train,clean,LA,LA_0088,-,bonafide,"[80, 400]"
data/features/mfcc/train/LA_train_LA_T_7121055.npy,mfcc,data/raw/LA/LA/ASVspoof2019_LA_train/flac/LA_T_7121055.flac,data/subset_raw/LA_train_LA_T_7121055.flac,bonafide,train,clean,LA,LA_0088,-,bonafide,"[20, 400]"
data/features/logmel/train/LA_train_LA_T_9378967.npy,logmel,data/raw/LA/LA/ASVspoof2019_LA_train/flac/LA_T_9378967.flac,data/subset_raw/LA_train_LA_T_9378967.flac,bonafide,train,clean,LA,LA_0098,-,bonafide,"[80, 400]"
data/features/mfcc/train/LA_train_LA_T_9378967.npy,mfcc,data/raw/LA/LA/ASVspoof2019_LA_train/flac/LA_T_9378967.flac,data/subset_raw/LA_train_LA_T_9378967.flac,bonafide,train,clean,LA,LA_0098,-,bonafide,"[20, 400]"
data/features/logmel/train/LA_train_LA_T_7839297.npy,logmel,data/raw/LA/LA/ASVspoof2019_LA_train/flac/LA_T_7839297.flac,data/subset_raw/LA_train_LA_T_7839297.flac,bonafide,train,clean,LA,LA_0096,-,bonafide,"[80, 400]"
data/features/mfcc/train/LA_train_LA_T_7839297.npy,mfcc,data/raw/LA/LA/ASVspoof2019_LA_train/flac/LA_T_7839297.flac,data/subset_raw/LA_train_LA_T_7839297.flac,bonafide,train,clean,LA,LA_0096,-,bonafide,"[20, 400]"
data/features/logmel/test/LA_test_LA_T_1991708.npy,logmel,data/raw/LA/LA/ASVspoof2019_LA_train/flac/LA_T_1991708.flac,data/subset_raw/LA_test_LA_T_1991708.flac,bonafide,test,clean,LA,LA_0093,-,bonafide,"[80, 400]"
data/features/mfcc/test/LA_test_LA_T_1991708.npy,mfcc,data/raw/LA/LA/ASVspoof2019_LA_train/flac/LA_T_1991708.flac,data/subset_raw/LA_test_LA_T_1991708.flac,bonafide,test,clean,LA,LA_0093,-,bonafide,"[20, 400]"
data/features/logmel/train/LA_train_LA_T_6105178.npy,logmel,data/raw/LA/LA/ASVspoof2019_LA_train/flac/LA_T_6105178.flac,data/subset_raw/LA_train_LA_T_6105178.flac,bonafide,train,clean,LA,LA_0079,-,bonafide,"[80, 400]"
data/features/mfcc/train/LA_train_LA_T_6105178.npy,mfcc,data/raw/LA/LA/ASVspoof2019_LA_train/flac/LA_T_6105178.flac,data/subset_raw/LA_train_LA_T_6105178.flac,bonafide,train,clean,LA,LA_0079,-,bonafide,"[20, 400]"
data/features/logmel/val/LA_val_LA_T_9772981.npy,logmel,data/raw/LA/LA/ASVspoof2019_LA_train/flac/LA_T_9772981.flac,data/subset_raw/LA_val_LA_T_9772981.flac,bonafide,val,clean,LA,LA_0082,-,bonafide,"[80, 400]"
data/features/mfcc/val/LA_val_LA_T_9772981.npy,mfcc,data/raw/LA/LA/ASVspoof2019_LA_train/flac/LA_T_9772981.flac,data/subset_raw/LA_val_LA_T_9772981.flac,bonafide,val,clean,LA,LA_0082,-,bonafide,"[20, 400]"
data/features/logmel/train/LA_train_LA_T_7223058.npy,logmel,data/raw/LA/LA/ASVspoof2019_LA_train/flac/LA_T_7223058.flac,data/subset_raw/LA_train_LA_T_7223058.flac,bonafide,train,clean,LA,LA_0095,-,bonafide,"[80, 400]"
data/features/mfcc/train/LA_train_LA_T_7223058.npy,mfcc,data/raw/LA/LA/ASVspoof2019_LA_train/flac/LA_T_7223058.flac,data/subset_raw/LA_train_LA_T_7223058.flac,bonafide,train,clean,LA,LA_0095,-,bonafide,"[20, 400]"
data/features/logmel/train/LA_train_LA_T_5114581.npy,logmel,data/raw/LA/LA/ASVspoof2019_LA_train/flac/LA_T_5114581.flac,data/subset_raw/LA_train_LA_T_5114581.flac,bonafide,train,clean,LA,LA_0094,-,bonafide,"[80, 400]"
data/features/mfcc/train/LA_train_LA_T_5114581.npy,mfcc,data/raw/LA/LA/ASVspoof2019_LA_train/flac/LA_T_5114581.flac,data/subset_raw/LA_train_LA_T_5114581.flac,bonafide,train,clean,LA,LA_0094,-,bonafide,"[20, 400]"
data/features/logmel/train/LA_train_LA_T_6877652.npy,logmel,data/raw/LA/LA/ASVspoof2019_LA_train/flac/LA_T_6877652.flac,data/subset_raw/LA_train_LA_T_6877652.flac,bonafide,train,clean,LA,LA_0095,-,bonafide,"[80, 400]"
data/features/mfcc/train/LA_train_LA_T_6877652.npy,mfcc,data/raw/LA/LA/ASVspoof2019_LA_train/flac/LA_T_6877652.flac,data/subset_raw/LA_train_LA_T_6877652.flac,bonafide,train,clean,LA,LA_0095,-,bonafide,"[20, 400]"
data/features/logmel/val/LA_val_LA_T_6946670.npy,logmel,data/raw/LA/LA/ASVspoof2019_LA_train/flac/LA_T_6946670.flac,data/subset_raw/LA_val_LA_T_6946670.flac,bonafide,val,clean,LA,LA_0082,-,bonafide,"[80, 400]"
data/features/mfcc/val/LA_val_LA_T_6946670.npy,mfcc,data/raw/LA/LA/ASVspoof2019_LA_train/flac/LA_T_6946670.flac,data/subset_raw/LA_val_LA_T_6946670.flac,bonafide,val,clean,LA,LA_0082,-,bonafide,"[20, 400]"
data/features/logmel/train/LA_train_LA_T_9251617.npy,logmel,data/raw/LA/LA/ASVspoof2019_LA_train/flac/LA_T_9251617.flac,data/subset_raw/LA_train_LA_T_9251617.flac,bonafide,train,clean,LA,LA_0092,-,bonafide,"[80, 400]"
data/features/mfcc/train/LA_train_LA_T_9251617.npy,mfcc,data/raw/LA/LA/ASVspoof2019_LA_train/flac/LA_T_9251617.flac,data/subset_raw/LA_train_LA_T_9251617.flac,bonafide,train,clean,LA,LA_0092,-,bonafide,"[20, 400]"
data/features/logmel/train/LA_train_LA_T_7826829.npy,logmel,data/raw/LA/LA/ASVspoof2019_LA_train/flac/LA_T_7826829.flac,data/subset_raw/LA_train_LA_T_7826829.flac,bonafide,train,clean,LA,LA_0085,-,bonafide,"[80, 400]"
data/features/mfcc/train/LA_train_LA_T_7826829.npy,mfcc,data/raw/LA/LA/ASVspoof2019_LA_train/flac/LA_T_7826829.flac,data/subset_raw/LA_train_LA_T_7826829.flac,bonafide,train,clean,LA,LA_0085,-,bonafide,"[20, 400]"
data/features/logmel/train/LA_train_LA_T_2147294.npy,logmel,data/raw/LA/LA/ASVspoof2019_LA_train/flac/LA_T_2147294.flac,data/subset_raw/LA_train_LA_T_2147294.flac,bonafide,train,clean,LA,LA_0091,-,bonafide,"[80, 400]"
data/features/mfcc/train/LA_train_LA_T_2147294.npy,mfcc,data/raw/LA/LA/ASVspoof2019_LA_train/flac/LA_T_2147294.flac,data/subset_raw/LA_train_LA_T_2147294.flac,bonafide,train,clean,LA,LA_0091,-,bonafide,"[20, 400]"
data/features/logmel/val/LA_val_LA_T_8172146.npy,logmel,data/raw/LA/LA/ASVspoof2019_LA_train/flac/LA_T_8172146.flac,data/subset_raw/LA_val_LA_T_8172146.flac,bonafide,val,clean,LA,LA_0089,-,bonafide,"[80, 400]"
data/features/mfcc/val/LA_val_LA_T_8172146.npy,mfcc,data/raw/LA/LA/ASVspoof2019_LA_train/flac/LA_T_8172146.flac,data/subset_raw/LA_val_LA_T_8172146.flac,bonafide,val,clean,LA,LA_0089,-,bonafide,"[20, 400]"
data/features/logmel/train/LA_train_LA_T_9276467.npy,logmel,data/raw/LA/LA/ASVspoof2019_LA_train/flac/LA_T_9276467.flac,data/subset_raw/LA_train_LA_T_9276467.flac,bonafide,train,clean,LA,LA_0091,-,bonafide,"[80, 400]"
data/features/mfcc/train/LA_train_LA_T_9276467.npy,mfcc,data/raw/LA/LA/ASVspoof2019_LA_train/flac/LA_T_9276467.flac,data/subset_raw/LA_train_LA_T_9276467.flac,bonafide,train,clean,LA,LA_0091,-,bonafide,"[20, 400]"
data/features/logmel/train/LA_train_LA_T_1410416.npy,logmel,data/raw/LA/LA/ASVspoof2019_LA_train/flac/LA_T_1410416.flac,data/subset_raw/LA_train_LA_T_1410416.flac,bonafide,train,clean,LA,LA_0087,-,bonafide,"[80, 400]"
data/features/mfcc/train/LA_train_LA_T_1410416.npy,mfcc,data/raw/LA/LA/ASVspoof2019_LA_train/flac/LA_T_1410416.flac,data/subset_raw/LA_train_LA_T_1410416.flac,bonafide,train,clean,LA,LA_0087,-,bonafide,"[20, 400]"
data/features/logmel/train/LA_train_LA_T_1831818.npy,logmel,data/raw/LA/LA/ASVspoof2019_LA_train/flac/LA_T_1831818.flac,data/subset_raw/LA_train_LA_T_1831818.flac,bonafide,train,clean,LA,LA_0084,-,bonafide,"[80, 400]"
data/features/mfcc/train/LA_train_LA_T_1831818.npy,mfcc,data/raw/LA/LA/ASVspoof2019_LA_train/flac/LA_T_1831818.flac,data/subset_raw/LA_train_LA_T_1831818.flac,bonafide,train,clean,LA,LA_0084,-,bonafide,"[20, 400]"
data/features/logmel/test/LA_test_LA_T_6034182.npy,logmel,data/raw/LA/LA/ASVspoof2019_LA_train/flac/LA_T_6034182.flac,data/subset_raw/LA_test_LA_T_6034182.flac,bonafide,test,clean,LA,LA_0086,-,bonafide,"[80, 400]"
data/features/mfcc/test/LA_test_LA_T_6034182.npy,mfcc,data/raw/LA/LA/ASVspoof2019_LA_train/flac/LA_T_6034182.flac,data/subset_raw/LA_test_LA_T_6034182.flac,bonafide,test,clean,LA,LA_0086,-,bonafide,"[20, 400]"
data/features/logmel/test/LA_test_LA_T_7579441.npy,logmel,data/raw/LA/LA/ASVspoof2019_LA_train/flac/LA_T_7579441.flac,data/subset_raw/LA_test_LA_T_7579441.flac,bonafide,test,clean,LA,LA_0097,-,bonafide,"[80, 400]"
data/features/mfcc/test/LA_test_LA_T_7579441.npy,mfcc,data/raw/LA/LA/ASVspoof2019_LA_train/flac/LA_T_7579441.flac,data/subset_raw/LA_test_LA_T_7579441.flac,bonafide,test,clean,LA,LA_0097,-,bonafide,"[20, 400]"
data/features/logmel/train/LA_train_LA_T_8589988.npy,logmel,data/raw/LA/LA/ASVspoof2019_LA_train/flac/LA_T_8589988.flac,data/subset_raw/LA_train_LA_T_8589988.flac,bonafide,train,clean,LA,LA_0084,-,bonafide,"[80, 400]"
data/features/mfcc/train/LA_train_LA_T_8589988.npy,mfcc,data/raw/LA/LA/ASVspoof2019_LA_train/flac/LA_T_8589988.flac,data/subset_raw/LA_train_LA_T_8589988.flac,bonafide,train,clean,LA,LA_0084,-,bonafide,"[20, 400]"
data/features/logmel/val/LA_val_LA_T_9969620.npy,logmel,data/raw/LA/LA/ASVspoof2019_LA_train/flac/LA_T_9969620.flac,data/subset_raw/LA_val_LA_T_9969620.flac,bonafide,val,clean,LA,LA_0089,-,bonafide,"[80, 400]"
data/features/mfcc/val/LA_val_LA_T_9969620.npy,mfcc,data/raw/LA/LA/ASVspoof2019_LA_train/flac/LA_T_9969620.flac,data/subset_raw/LA_val_LA_T_9969620.flac,bonafide,val,clean,LA,LA_0089,-,bonafide,"[20, 400]"
data/features/logmel/test/LA_test_LA_T_3470152.npy,logmel,data/raw/LA/LA/ASVspoof2019_LA_train/flac/LA_T_3470152.flac,data/subset_raw/LA_test_LA_T_3470152.flac,bonafide,test,clean,LA,LA_0093,-,bonafide,"[80, 400]"
data/features/mfcc/test/LA_test_LA_T_3470152.npy,mfcc,data/raw/LA/LA/ASVspoof2019_LA_train/flac/LA_T_3470152.flac,data/subset_raw/LA_test_LA_T_3470152.flac,bonafide,test,clean,LA,LA_0093,-,bonafide,"[20, 400]"
data/features/logmel/train/LA_train_LA_T_6093991.npy,logmel,data/raw/LA/LA/ASVspoof2019_LA_train/flac/LA_T_6093991.flac,data/subset_raw/LA_train_LA_T_6093991.flac,bonafide,train,clean,LA,LA_0096,-,bonafide,"[80, 400]"
data/features/mfcc/train/LA_train_LA_T_6093991.npy,mfcc,data/raw/LA/LA/ASVspoof2019_LA_train/flac/LA_T_6093991.flac,data/subset_raw/LA_train_LA_T_6093991.flac,bonafide,train,clean,LA,LA_0096,-,bonafide,"[20, 400]"
data/features/logmel/train/LA_train_LA_T_7214355.npy,logmel,data/raw/LA/LA/ASVspoof2019_LA_train/flac/LA_T_7214355.flac,data/subset_raw/LA_train_LA_T_7214355.flac,bonafide,train,clean,LA,LA_0090,-,bonafide,"[80, 400]"
data/features/mfcc/train/LA_train_LA_T_7214355.npy,mfcc,data/raw/LA/LA/ASVspoof2019_LA_train/flac/LA_T_7214355.flac,data/subset_raw/LA_train_LA_T_7214355.flac,bonafide,train,clean,LA,LA_0090,-,bonafide,"[20, 400]"
data/features/logmel/train/LA_train_LA_T_2127844.npy,logmel,data/raw/LA/LA/ASVspoof2019_LA_train/flac/LA_T_2127844.flac,data/subset_raw/LA_train_LA_T_2127844.flac,bonafide,train,clean,LA,LA_0088,-,bonafide,"[80, 400]"
data/features/mfcc/train/LA_train_LA_T_2127844.npy,mfcc,data/raw/LA/LA/ASVspoof2019_LA_train/flac/LA_T_2127844.flac,data/subset_raw/LA_train_LA_T_2127844.flac,bonafide,train,clean,LA,LA_0088,-,bonafide,"[20, 400]"
data/features/logmel/train/LA_train_LA_T_1636151.npy,logmel,data/raw/LA/LA/ASVspoof2019_LA_train/flac/LA_T_1636151.flac,data/subset_raw/LA_train_LA_T_1636151.flac,bonafide,train,clean,LA,LA_0092,-,bonafide,"[80, 400]"
data/features/mfcc/train/LA_train_LA_T_1636151.npy,mfcc,data/raw/LA/LA/ASVspoof2019_LA_train/flac/LA_T_1636151.flac,data/subset_raw/LA_train_LA_T_1636151.flac,bonafide,train,clean,LA,LA_0092,-,bonafide,"[20, 400]"
data/features/logmel/train/LA_train_LA_T_1363347.npy,logmel,data/raw/LA/LA/ASVspoof2019_LA_train/flac/LA_T_1363347.flac,data/subset_raw/LA_train_LA_T_1363347.flac,bonafide,train,clean,LA,LA_0095,-,bonafide,"[80, 400]"
data/features/mfcc/train/LA_train_LA_T_1363347.npy,mfcc,data/raw/LA/LA/ASVspoof2019_LA_train/flac/LA_T_1363347.flac,data/subset_raw/LA_train_LA_T_1363347.flac,bonafide,train,clean,LA,LA_0095,-,bonafide,"[20, 400]"
data/features/logmel/train/LA_train_LA_T_8925615.npy,logmel,data/raw/LA/LA/ASVspoof2019_LA_train/flac/LA_T_8925615.flac,data/subset_raw/LA_train_LA_T_8925615.flac,bonafide,train,clean,LA,LA_0096,-,bonafide,"[80, 400]"
data/features/mfcc/train/LA_train_LA_T_8925615.npy,mfcc,data/raw/LA/LA/ASVspoof2019_LA_train/flac/LA_T_8925615.flac,data/subset_raw/LA_train_LA_T_8925615.flac,bonafide,train,clean,LA,LA_0096,-,bonafide,"[20, 400]"
data/features/logmel/test/LA_test_LA_T_6450026.npy,logmel,data/raw/LA/LA/ASVspoof2019_LA_train/flac/LA_T_6450026.flac,data/subset_raw/LA_test_LA_T_6450026.flac,bonafide,test,clean,LA,LA_0093,-,bonafide,"[80, 400]"
data/features/mfcc/test/LA_test_LA_T_6450026.npy,mfcc,data/raw/LA/LA/ASVspoof2019_LA_train/flac/LA_T_6450026.flac,data/subset_raw/LA_test_LA_T_6450026.flac,bonafide,test,clean,LA,LA_0093,-,bonafide,"[20, 400]"
data/features/logmel/train/LA_train_LA_T_9213454.npy,logmel,data/raw/LA/LA/ASVspoof2019_LA_train/flac/LA_T_9213454.flac,data/subset_raw/LA_train_LA_T_9213454.flac,bonafide,train,clean,LA,LA_0081,-,bonafide,"[80, 400]"
data/features/mfcc/train/LA_train_LA_T_9213454.npy,mfcc,data/raw/LA/LA/ASVspoof2019_LA_train/flac/LA_T_9213454.flac,data/subset_raw/LA_train_LA_T_9213454.flac,bonafide,train,clean,LA,LA_0081,-,bonafide,"[20, 400]"
data/features/logmel/val/LA_val_LA_T_3068473.npy,logmel,data/raw/LA/LA/ASVspoof2019_LA_train/flac/LA_T_3068473.flac,data/subset_raw/LA_val_LA_T_3068473.flac,bonafide,val,clean,LA,LA_0082,-,bonafide,"[80, 400]"
data/features/mfcc/val/LA_val_LA_T_3068473.npy,mfcc,data/raw/LA/LA/ASVspoof2019_LA_train/flac/LA_T_3068473.flac,data/subset_raw/LA_val_LA_T_3068473.flac,bonafide,val,clean,LA,LA_0082,-,bonafide,"[20, 400]"
data/features/logmel/train/LA_train_LA_T_5683238.npy,logmel,data/raw/LA/LA/ASVspoof2019_LA_train/flac/LA_T_5683238.flac,data/subset_raw/LA_train_LA_T_5683238.flac,bonafide,train,clean,LA,LA_0088,-,bonafide,"[80, 400]"
data/features/mfcc/train/LA_train_LA_T_5683238.npy,mfcc,data/raw/LA/LA/ASVspoof2019_LA_train/flac/LA_T_5683238.flac,data/subset_raw/LA_train_LA_T_5683238.flac,bonafide,train,clean,LA,LA_0088,-,bonafide,"[20, 400]"
data/features/logmel/val/LA_val_LA_T_1923872.npy,logmel,data/raw/LA/LA/ASVspoof2019_LA_train/flac/LA_T_1923872.flac,data/subset_raw/LA_val_LA_T_1923872.flac,bonafide,val,clean,LA,LA_0082,-,bonafide,"[80, 400]"
data/features/mfcc/val/LA_val_LA_T_1923872.npy,mfcc,data/raw/LA/LA/ASVspoof2019_LA_train/flac/LA_T_1923872.flac,data/subset_raw/LA_val_LA_T_1923872.flac,bonafide,val,clean,LA,LA_0082,-,bonafide,"[20, 400]"
data/features/logmel/train/LA_train_LA_T_5399126.npy,logmel,data/raw/LA/LA/ASVspoof2019_LA_train/flac/LA_T_5399126.flac,data/subset_raw/LA_train_LA_T_5399126.flac,bonafide,train,clean,LA,LA_0080,-,bonafide,"[80, 400]"
data/features/mfcc/train/LA_train_LA_T_5399126.npy,mfcc,data/raw/LA/LA/ASVspoof2019_LA_train/flac/LA_T_5399126.flac,data/subset_raw/LA_train_LA_T_5399126.flac,bonafide,train,clean,LA,LA_0080,-,bonafide,"[20, 400]"
data/features/logmel/train/LA_train_LA_T_3849267.npy,logmel,data/raw/LA/LA/ASVspoof2019_LA_train/flac/LA_T_3849267.flac,data/subset_raw/LA_train_LA_T_3849267.flac,bonafide,train,clean,LA,LA_0079,-,bonafide,"[80, 400]"
data/features/mfcc/train/LA_train_LA_T_3849267.npy,mfcc,data/raw/LA/LA/ASVspoof2019_LA_train/flac/LA_T_3849267.flac,data/subset_raw/LA_train_LA_T_3849267.flac,bonafide,train,clean,LA,LA_0079,-,bonafide,"[20, 400]"
data/features/logmel/train/LA_train_LA_T_1482834.npy,logmel,data/raw/LA/LA/ASVspoof2019_LA_train/flac/LA_T_1482834.flac,data/subset_raw/LA_train_LA_T_1482834.flac,bonafide,train,clean,LA,LA_0087,-,bonafide,"[80, 400]"
data/features/mfcc/train/LA_train_LA_T_1482834.npy,mfcc,data/raw/LA/LA/ASVspoof2019_LA_train/flac/LA_T_1482834.flac,data/subset_raw/LA_train_LA_T_1482834.flac,bonafide,train,clean,LA,LA_0087,-,bonafide,"[20, 400]"
data/features/logmel/train/LA_train_LA_T_8490726.npy,logmel,data/raw/LA/LA/ASVspoof2019_LA_train/flac/LA_T_8490726.flac,data/subset_raw/LA_train_LA_T_8490726.flac,bonafide,train,clean,LA,LA_0091,-,bonafide,"[80, 400]"
data/features/mfcc/train/LA_train_LA_T_8490726.npy,mfcc,data/raw/LA/LA/ASVspoof2019_LA_train/flac/LA_T_8490726.flac,data/subset_raw/LA_train_LA_T_8490726.flac,bonafide,train,clean,LA,LA_0091,-,bonafide,"[20, 400]"
data/features/logmel/test/LA_test_LA_T_6724576.npy,logmel,data/raw/LA/LA/ASVspoof2019_LA_train/flac/LA_T_6724576.flac,data/subset_raw/LA_test_LA_T_6724576.flac,bonafide,test,clean,LA,LA_0097,-,bonafide,"[80, 400]"
data/features/mfcc/test/LA_test_LA_T_6724576.npy,mfcc,data/raw/LA/LA/ASVspoof2019_LA_train/flac/LA_T_6724576.flac,data/subset_raw/LA_test_LA_T_6724576.flac,bonafide,test,clean,LA,LA_0097,-,bonafide,"[20, 400]"
data/features/logmel/train/LA_train_LA_T_4043474.npy,logmel,data/raw/LA/LA/ASVspoof2019_LA_train/flac/LA_T_4043474.flac,data/subset_raw/LA_train_LA_T_4043474.flac,bonafide,train,clean,LA,LA_0085,-,bonafide,"[80, 400]"
data/features/mfcc/train/LA_train_LA_T_4043474.npy,mfcc,data/raw/LA/LA/ASVspoof2019_LA_train/flac/LA_T_4043474.flac,data/subset_raw/LA_train_LA_T_4043474.flac,bonafide,train,clean,LA,LA_0085,-,bonafide,"[20, 400]"
data/features/logmel/train/LA_train_LA_T_7344886.npy,logmel,data/raw/LA/LA/ASVspoof2019_LA_train/flac/LA_T_7344886.flac,data/subset_raw/LA_train_LA_T_7344886.flac,bonafide,train,clean,LA,LA_0083,-,bonafide,"[80, 400]"
data/features/mfcc/train/LA_train_LA_T_7344886.npy,mfcc,data/raw/LA/LA/ASVspoof2019_LA_train/flac/LA_T_7344886.flac,data/subset_raw/LA_train_LA_T_7344886.flac,bonafide,train,clean,LA,LA_0083,-,bonafide,"[20, 400]"
data/features/logmel/train/LA_train_LA_T_2707835.npy,logmel,data/raw/LA/LA/ASVspoof2019_LA_train/flac/LA_T_2707835.flac,data/subset_raw/LA_train_LA_T_2707835.flac,bonafide,train,clean,LA,LA_0088,-,bonafide,"[80, 400]"
data/features/mfcc/train/LA_train_LA_T_2707835.npy,mfcc,data/raw/LA/LA/ASVspoof2019_LA_train/flac/LA_T_2707835.flac,data/subset_raw/LA_train_LA_T_2707835.flac,bonafide,train,clean,LA,LA_0088,-,bonafide,"[20, 400]"
data/features/logmel/train/LA_train_LA_T_8898922.npy,logmel,data/raw/LA/LA/ASVspoof2019_LA_train/flac/LA_T_8898922.flac,data/subset_raw/LA_train_LA_T_8898922.flac,bonafide,train,clean,LA,LA_0087,-,bonafide,"[80, 400]"
data/features/mfcc/train/LA_train_LA_T_8898922.npy,mfcc,data/raw/LA/LA/ASVspoof2019_LA_train/flac/LA_T_8898922.flac,data/subset_raw/LA_train_LA_T_8898922.flac,bonafide,train,clean,LA,LA_0087,-,bonafide,"[20, 400]"
data/features/logmel/train/LA_train_LA_T_2066209.npy,logmel,data/raw/LA/LA/ASVspoof2019_LA_train/flac/LA_T_2066209.flac,data/subset_raw/LA_train_LA_T_2066209.flac,bonafide,train,clean,LA,LA_0098,-,bonafide,"[80, 400]"
data/features/mfcc/train/LA_train_LA_T_2066209.npy,mfcc,data/raw/LA/LA/ASVspoof2019_LA_train/flac/LA_T_2066209.flac,data/subset_raw/LA_train_LA_T_2066209.flac,bonafide,train,clean,LA,LA_0098,-,bonafide,"[20, 400]"
data/features/logmel/test/LA_test_LA_T_1861398.npy,logmel,data/raw/LA/LA/ASVspoof2019_LA_train/flac/LA_T_1861398.flac,data/subset_raw/LA_test_LA_T_1861398.flac,bonafide,test,clean,LA,LA_0086,-,bonafide,"[80, 400]"
data/features/mfcc/test/LA_test_LA_T_1861398.npy,mfcc,data/raw/LA/LA/ASVspoof2019_LA_train/flac/LA_T_1861398.flac,data/subset_raw/LA_test_LA_T_1861398.flac,bonafide,test,clean,LA,LA_0086,-,bonafide,"[20, 400]"
data/features/logmel/train/LA_train_LA_T_4615562.npy,logmel,data/raw/LA/LA/ASVspoof2019_LA_train/flac/LA_T_4615562.flac,data/subset_raw/LA_train_LA_T_4615562.flac,bonafide,train,clean,LA,LA_0085,-,bonafide,"[80, 400]"
data/features/mfcc/train/LA_train_LA_T_4615562.npy,mfcc,data/raw/LA/LA/ASVspoof2019_LA_train/flac/LA_T_4615562.flac,data/subset_raw/LA_train_LA_T_4615562.flac,bonafide,train,clean,LA,LA_0085,-,bonafide,"[20, 400]"
data/features/logmel/test/LA_test_LA_T_4270225.npy,logmel,data/raw/LA/LA/ASVspoof2019_LA_train/flac/LA_T_4270225.flac,data/subset_raw/LA_test_LA_T_4270225.flac,bonafide,test,clean,LA,LA_0093,-,bonafide,"[80, 400]"
data/features/mfcc/test/LA_test_LA_T_4270225.npy,mfcc,data/raw/LA/LA/ASVspoof2019_LA_train/flac/LA_T_4270225.flac,data/subset_raw/LA_test_LA_T_4270225.flac,bonafide,test,clean,LA,LA_0093,-,bonafide,"[20, 400]"
data/features/logmel/train/LA_train_LA_T_6271185.npy,logmel,data/raw/LA/LA/ASVspoof2019_LA_train/flac/LA_T_6271185.flac,data/subset_raw/LA_train_LA_T_6271185.flac,bonafide,train,clean,LA,LA_0088,-,bonafide,"[80, 400]"
data/features/mfcc/train/LA_train_LA_T_6271185.npy,mfcc,data/raw/LA/LA/ASVspoof2019_LA_train/flac/LA_T_6271185.flac,data/subset_raw/LA_train_LA_T_6271185.flac,bonafide,train,clean,LA,LA_0088,-,bonafide,"[20, 400]"
data/features/logmel/train/LA_train_LA_T_3772667.npy,logmel,data/raw/LA/LA/ASVspoof2019_LA_train/flac/LA_T_3772667.flac,data/subset_raw/LA_train_LA_T_3772667.flac,bonafide,train,clean,LA,LA_0080,-,bonafide,"[80, 400]"
data/features/mfcc/train/LA_train_LA_T_3772667.npy,mfcc,data/raw/LA/LA/ASVspoof2019_LA_train/flac/LA_T_3772667.flac,data/subset_raw/LA_train_LA_T_3772667.flac,bonafide,train,clean,LA,LA_0080,-,bonafide,"[20, 400]"
data/features/logmel/train/LA_train_LA_T_4263726.npy,logmel,data/raw/LA/LA/ASVspoof2019_LA_train/flac/LA_T_4263726.flac,data/subset_raw/LA_train_LA_T_4263726.flac,bonafide,train,clean,LA,LA_0095,-,bonafide,"[80, 400]"
data/features/mfcc/train/LA_train_LA_T_4263726.npy,mfcc,data/raw/LA/LA/ASVspoof2019_LA_train/flac/LA_T_4263726.flac,data/subset_raw/LA_train_LA_T_4263726.flac,bonafide,train,clean,LA,LA_0095,-,bonafide,"[20, 400]"
data/features/logmel/train/LA_train_LA_T_9048990.npy,logmel,data/raw/LA/LA/ASVspoof2019_LA_train/flac/LA_T_9048990.flac,data/subset_raw/LA_train_LA_T_9048990.flac,bonafide,train,clean,LA,LA_0092,-,bonafide,"[80, 400]"
data/features/mfcc/train/LA_train_LA_T_9048990.npy,mfcc,data/raw/LA/LA/ASVspoof2019_LA_train/flac/LA_T_9048990.flac,data/subset_raw/LA_train_LA_T_9048990.flac,bonafide,train,clean,LA,LA_0092,-,bonafide,"[20, 400]"
data/features/logmel/val/LA_val_LA_T_6594586.npy,logmel,data/raw/LA/LA/ASVspoof2019_LA_train/flac/LA_T_6594586.flac,data/subset_raw/LA_val_LA_T_6594586.flac,bonafide,val,clean,LA,LA_0089,-,bonafide,"[80, 400]"
data/features/mfcc/val/LA_val_LA_T_6594586.npy,mfcc,data/raw/LA/LA/ASVspoof2019_LA_train/flac/LA_T_6594586.flac,data/subset_raw/LA_val_LA_T_6594586.flac,bonafide,val,clean,LA,LA_0089,-,bonafide,"[20, 400]"
data/features/logmel/train/LA_train_LA_T_8726287.npy,logmel,data/raw/LA/LA/ASVspoof2019_LA_train/flac/LA_T_8726287.flac,data/subset_raw/LA_train_LA_T_8726287.flac,bonafide,train,clean,LA,LA_0088,-,bonafide,"[80, 400]"
data/features/mfcc/train/LA_train_LA_T_8726287.npy,mfcc,data/raw/LA/LA/ASVspoof2019_LA_train/flac/LA_T_8726287.flac,data/subset_raw/LA_train_LA_T_8726287.flac,bonafide,train,clean,LA,LA_0088,-,bonafide,"[20, 400]"
data/features/logmel/train/LA_train_LA_T_9457505.npy,logmel,data/raw/LA/LA/ASVspoof2019_LA_train/flac/LA_T_9457505.flac,data/subset_raw/LA_train_LA_T_9457505.flac,bonafide,train,clean,LA,LA_0091,-,bonafide,"[80, 400]"
data/features/mfcc/train/LA_train_LA_T_9457505.npy,mfcc,data/raw/LA/LA/ASVspoof2019_LA_train/flac/LA_T_9457505.flac,data/subset_raw/LA_train_LA_T_9457505.flac,bonafide,train,clean,LA,LA_0091,-,bonafide,"[20, 400]"
data/features/logmel/train/LA_train_LA_T_2598851.npy,logmel,data/raw/LA/LA/ASVspoof2019_LA_train/flac/LA_T_2598851.flac,data/subset_raw/LA_train_LA_T_2598851.flac,bonafide,train,clean,LA,LA_0092,-,bonafide,"[80, 400]"
data/features/mfcc/train/LA_train_LA_T_2598851.npy,mfcc,data/raw/LA/LA/ASVspoof2019_LA_train/flac/LA_T_2598851.flac,data/subset_raw/LA_train_LA_T_2598851.flac,bonafide,train,clean,LA,LA_0092,-,bonafide,"[20, 400]"
data/features/logmel/train/LA_train_LA_T_2118892.npy,logmel,data/raw/LA/LA/ASVspoof2019_LA_train/flac/LA_T_2118892.flac,data/subset_raw/LA_train_LA_T_2118892.flac,bonafide,train,clean,LA,LA_0088,-,bonafide,"[80, 400]"
data/features/mfcc/train/LA_train_LA_T_2118892.npy,mfcc,data/raw/LA/LA/ASVspoof2019_LA_train/flac/LA_T_2118892.flac,data/subset_raw/LA_train_LA_T_2118892.flac,bonafide,train,clean,LA,LA_0088,-,bonafide,"[20, 400]"
data/features/logmel/train/LA_train_LA_T_9032022.npy,logmel,data/raw/LA/LA/ASVspoof2019_LA_train/flac/LA_T_9032022.flac,data/subset_raw/LA_train_LA_T_9032022.flac,bonafide,train,clean,LA,LA_0085,-,bonafide,"[80, 400]"
data/features/mfcc/train/LA_train_LA_T_9032022.npy,mfcc,data/raw/LA/LA/ASVspoof2019_LA_train/flac/LA_T_9032022.flac,data/subset_raw/LA_train_LA_T_9032022.flac,bonafide,train,clean,LA,LA_0085,-,bonafide,"[20, 400]"
data/features/logmel/train/LA_train_LA_T_6059767.npy,logmel,data/raw/LA/LA/ASVspoof2019_LA_train/flac/LA_T_6059767.flac,data/subset_raw/LA_train_LA_T_6059767.flac,bonafide,train,clean,LA,LA_0092,-,bonafide,"[80, 400]"
data/features/mfcc/train/LA_train_LA_T_6059767.npy,mfcc,data/raw/LA/LA/ASVspoof2019_LA_train/flac/LA_T_6059767.flac,data/subset_raw/LA_train_LA_T_6059767.flac,bonafide,train,clean,LA,LA_0092,-,bonafide,"[20, 400]"
data/features/logmel/train/LA_train_LA_T_3447323.npy,logmel,data/raw/LA/LA/ASVspoof2019_LA_train/flac/LA_T_3447323.flac,data/subset_raw/LA_train_LA_T_3447323.flac,bonafide,train,clean,LA,LA_0088,-,bonafide,"[80, 400]"
data/features/mfcc/train/LA_train_LA_T_3447323.npy,mfcc,data/raw/LA/LA/ASVspoof2019_LA_train/flac/LA_T_3447323.flac,data/subset_raw/LA_train_LA_T_3447323.flac,bonafide,train,clean,LA,LA_0088,-,bonafide,"[20, 400]"
data/features/logmel/train/LA_train_LA_T_5795707.npy,logmel,data/raw/LA/LA/ASVspoof2019_LA_train/flac/LA_T_5795707.flac,data/subset_raw/LA_train_LA_T_5795707.flac,bonafide,train,clean,LA,LA_0087,-,bonafide,"[80, 400]"
data/features/mfcc/train/LA_train_LA_T_5795707.npy,mfcc,data/raw/LA/LA/ASVspoof2019_LA_train/flac/LA_T_5795707.flac,data/subset_raw/LA_train_LA_T_5795707.flac,bonafide,train,clean,LA,LA_0087,-,bonafide,"[20, 400]"
data/features/logmel/train/LA_train_LA_T_8105555.npy,logmel,data/raw/LA/LA/ASVspoof2019_LA_train/flac/LA_T_8105555.flac,data/subset_raw/LA_train_LA_T_8105555.flac,bonafide,train,clean,LA,LA_0084,-,bonafide,"[80, 400]"
data/features/mfcc/train/LA_train_LA_T_8105555.npy,mfcc,data/raw/LA/LA/ASVspoof2019_LA_train/flac/LA_T_8105555.flac,data/subset_raw/LA_train_LA_T_8105555.flac,bonafide,train,clean,LA,LA_0084,-,bonafide,"[20, 400]"
data/features/logmel/train/LA_train_LA_T_6376473.npy,logmel,data/raw/LA/LA/ASVspoof2019_LA_train/flac/LA_T_6376473.flac,data/subset_raw/LA_train_LA_T_6376473.flac,bonafide,train,clean,LA,LA_0094,-,bonafide,"[80, 400]"
data/features/mfcc/train/LA_train_LA_T_6376473.npy,mfcc,data/raw/LA/LA/ASVspoof2019_LA_train/flac/LA_T_6376473.flac,data/subset_raw/LA_train_LA_T_6376473.flac,bonafide,train,clean,LA,LA_0094,-,bonafide,"[20, 400]"
data/features/logmel/train/LA_train_LA_T_9102017.npy,logmel,data/raw/LA/LA/ASVspoof2019_LA_train/flac/LA_T_9102017.flac,data/subset_raw/LA_train_LA_T_9102017.flac,bonafide,train,clean,LA,LA_0080,-,bonafide,"[80, 400]"
data/features/mfcc/train/LA_train_LA_T_9102017.npy,mfcc,data/raw/LA/LA/ASVspoof2019_LA_train/flac/LA_T_9102017.flac,data/subset_raw/LA_train_LA_T_9102017.flac,bonafide,train,clean,LA,LA_0080,-,bonafide,"[20, 400]"
data/features/logmel/train/LA_train_LA_T_2482961.npy,logmel,data/raw/LA/LA/ASVspoof2019_LA_train/flac/LA_T_2482961.flac,data/subset_raw/LA_train_LA_T_2482961.flac,bonafide,train,clean,LA,LA_0095,-,bonafide,"[80, 400]"
data/features/mfcc/train/LA_train_LA_T_2482961.npy,mfcc,data/raw/LA/LA/ASVspoof2019_LA_train/flac/LA_T_2482961.flac,data/subset_raw/LA_train_LA_T_2482961.flac,bonafide,train,clean,LA,LA_0095,-,bonafide,"[20, 400]"
data/features/logmel/val/LA_val_LA_T_8955767.npy,logmel,data/raw/LA/LA/ASVspoof2019_LA_train/flac/LA_T_8955767.flac,data/subset_raw/LA_val_LA_T_8955767.flac,bonafide,val,clean,LA,LA_0089,-,bonafide,"[80, 400]"
data/features/mfcc/val/LA_val_LA_T_8955767.npy,mfcc,data/raw/LA/LA/ASVspoof2019_LA_train/flac/LA_T_8955767.flac,data/subset_raw/LA_val_LA_T_8955767.flac,bonafide,val,clean,LA,LA_0089,-,bonafide,"[20, 400]"
data/features/logmel/train/LA_train_LA_T_2642748.npy,logmel,data/raw/LA/LA/ASVspoof2019_LA_train/flac/LA_T_2642748.flac,data/subset_raw/LA_train_LA_T_2642748.flac,bonafide,train,clean,LA,LA_0096,-,bonafide,"[80, 400]"
data/features/mfcc/train/LA_train_LA_T_2642748.npy,mfcc,data/raw/LA/LA/ASVspoof2019_LA_train/flac/LA_T_2642748.flac,data/subset_raw/LA_train_LA_T_2642748.flac,bonafide,train,clean,LA,LA_0096,-,bonafide,"[20, 400]"
data/features/logmel/train/LA_train_LA_T_9189420.npy,logmel,data/raw/LA/LA/ASVspoof2019_LA_train/flac/LA_T_9189420.flac,data/subset_raw/LA_train_LA_T_9189420.flac,bonafide,train,clean,LA,LA_0083,-,bonafide,"[80, 400]"
data/features/mfcc/train/LA_train_LA_T_9189420.npy,mfcc,data/raw/LA/LA/ASVspoof2019_LA_train/flac/LA_T_9189420.flac,data/subset_raw/LA_train_LA_T_9189420.flac,bonafide,train,clean,LA,LA_0083,-,bonafide,"[20, 400]"
data/features/logmel/train/LA_train_LA_T_6631167.npy,logmel,data/raw/LA/LA/ASVspoof2019_LA_train/flac/LA_T_6631167.flac,data/subset_raw/LA_train_LA_T_6631167.flac,bonafide,train,clean,LA,LA_0080,-,bonafide,"[80, 400]"
data/features/mfcc/train/LA_train_LA_T_6631167.npy,mfcc,data/raw/LA/LA/ASVspoof2019_LA_train/flac/LA_T_6631167.flac,data/subset_raw/LA_train_LA_T_6631167.flac,bonafide,train,clean,LA,LA_0080,-,bonafide,"[20, 400]"
data/features/logmel/train/LA_train_LA_T_3395385.npy,logmel,data/raw/LA/LA/ASVspoof2019_LA_train/flac/LA_T_3395385.flac,data/subset_raw/LA_train_LA_T_3395385.flac,bonafide,train,clean,LA,LA_0096,-,bonafide,"[80, 400]"
data/features/mfcc/train/LA_train_LA_T_3395385.npy,mfcc,data/raw/LA/LA/ASVspoof2019_LA_train/flac/LA_T_3395385.flac,data/subset_raw/LA_train_LA_T_3395385.flac,bonafide,train,clean,LA,LA_0096,-,bonafide,"[20, 400]"
data/features/logmel/test/LA_test_LA_T_4051929.npy,logmel,data/raw/LA/LA/ASVspoof2019_LA_train/flac/LA_T_4051929.flac,data/subset_raw/LA_test_LA_T_4051929.flac,bonafide,test,clean,LA,LA_0093,-,bonafide,"[80, 400]"
data/features/mfcc/test/LA_test_LA_T_4051929.npy,mfcc,data/raw/LA/LA/ASVspoof2019_LA_train/flac/LA_T_4051929.flac,data/subset_raw/LA_test_LA_T_4051929.flac,bonafide,test,clean,LA,LA_0093,-,bonafide,"[20, 400]"
data/features/logmel/val/LA_val_LA_T_7696598.npy,logmel,data/raw/LA/LA/ASVspoof2019_LA_train/flac/LA_T_7696598.flac,data/subset_raw/LA_val_LA_T_7696598.flac,bonafide,val,clean,LA,LA_0082,-,bonafide,"[80, 400]"
data/features/mfcc/val/LA_val_LA_T_7696598.npy,mfcc,data/raw/LA/LA/ASVspoof2019_LA_train/flac/LA_T_7696598.flac,data/subset_raw/LA_val_LA_T_7696598.flac,bonafide,val,clean,LA,LA_0082,-,bonafide,"[20, 400]"
data/features/logmel/train/LA_train_LA_T_7467165.npy,logmel,data/raw/LA/LA/ASVspoof2019_LA_train/flac/LA_T_7467165.flac,data/subset_raw/LA_train_LA_T_7467165.flac,bonafide,train,clean,LA,LA_0094,-,bonafide,"[80, 400]"
data/features/mfcc/train/LA_train_LA_T_7467165.npy,mfcc,data/raw/LA/LA/ASVspoof2019_LA_train/flac/LA_T_7467165.flac,data/subset_raw/LA_train_LA_T_7467165.flac,bonafide,train,clean,LA,LA_0094,-,bonafide,"[20, 400]"
data/features/logmel/train/LA_train_LA_T_5266787.npy,logmel,data/raw/LA/LA/ASVspoof2019_LA_train/flac/LA_T_5266787.flac,data/subset_raw/LA_train_LA_T_5266787.flac,bonafide,train,clean,LA,LA_0080,-,bonafide,"[80, 400]"
data/features/mfcc/train/LA_train_LA_T_5266787.npy,mfcc,data/raw/LA/LA/ASVspoof2019_LA_train/flac/LA_T_5266787.flac,data/subset_raw/LA_train_LA_T_5266787.flac,bonafide,train,clean,LA,LA_0080,-,bonafide,"[20, 400]"
data/features/logmel/test/LA_test_LA_T_2175978.npy,logmel,data/raw/LA/LA/ASVspoof2019_LA_train/flac/LA_T_2175978.flac,data/subset_raw/LA_test_LA_T_2175978.flac,bonafide,test,clean,LA,LA_0097,-,bonafide,"[80, 400]"
data/features/mfcc/test/LA_test_LA_T_2175978.npy,mfcc,data/raw/LA/LA/ASVspoof2019_LA_train/flac/LA_T_2175978.flac,data/subset_raw/LA_test_LA_T_2175978.flac,bonafide,test,clean,LA,LA_0097,-,bonafide,"[20, 400]"
data/features/logmel/test/LA_test_LA_T_1979527.npy,logmel,data/raw/LA/LA/ASVspoof2019_LA_train/flac/LA_T_1979527.flac,data/subset_raw/LA_test_LA_T_1979527.flac,bonafide,test,clean,LA,LA_0086,-,bonafide,"[80, 400]"
data/features/mfcc/test/LA_test_LA_T_1979527.npy,mfcc,data/raw/LA/LA/ASVspoof2019_LA_train/flac/LA_T_1979527.flac,data/subset_raw/LA_test_LA_T_1979527.flac,bonafide,test,clean,LA,LA_0086,-,bonafide,"[20, 400]"
data/features/logmel/test/LA_test_LA_T_3264459.npy,logmel,data/raw/LA/LA/ASVspoof2019_LA_train/flac/LA_T_3264459.flac,data/subset_raw/LA_test_LA_T_3264459.flac,bonafide,test,clean,LA,LA_0086,-,bonafide,"[80, 400]"
data/features/mfcc/test/LA_test_LA_T_3264459.npy,mfcc,data/raw/LA/LA/ASVspoof2019_LA_train/flac/LA_T_3264459.flac,data/subset_raw/LA_test_LA_T_3264459.flac,bonafide,test,clean,LA,LA_0086,-,bonafide,"[20, 400]"
data/features/logmel/train/LA_train_LA_T_8178089.npy,logmel,data/raw/LA/LA/ASVspoof2019_LA_train/flac/LA_T_8178089.flac,data/subset_raw/LA_train_LA_T_8178089.flac,bonafide,train,clean,LA,LA_0085,-,bonafide,"[80, 400]"
data/features/mfcc/train/LA_train_LA_T_8178089.npy,mfcc,data/raw/LA/LA/ASVspoof2019_LA_train/flac/LA_T_8178089.flac,data/subset_raw/LA_train_LA_T_8178089.flac,bonafide,train,clean,LA,LA_0085,-,bonafide,"[20, 400]"
data/features/logmel/train/LA_train_LA_T_1023546.npy,logmel,data/raw/LA/LA/ASVspoof2019_LA_train/flac/LA_T_1023546.flac,data/subset_raw/LA_train_LA_T_1023546.flac,bonafide,train,clean,LA,LA_0085,-,bonafide,"[80, 400]"
data/features/mfcc/train/LA_train_LA_T_1023546.npy,mfcc,data/raw/LA/LA/ASVspoof2019_LA_train/flac/LA_T_1023546.flac,data/subset_raw/LA_train_LA_T_1023546.flac,bonafide,train,clean,LA,LA_0085,-,bonafide,"[20, 400]"
data/features/logmel/train/LA_train_LA_T_8275432.npy,logmel,data/raw/LA/LA/ASVspoof2019_LA_train/flac/LA_T_8275432.flac,data/subset_raw/LA_train_LA_T_8275432.flac,bonafide,train,clean,LA,LA_0088,-,bonafide,"[80, 400]"
data/features/mfcc/train/LA_train_LA_T_8275432.npy,mfcc,data/raw/LA/LA/ASVspoof2019_LA_train/flac/LA_T_8275432.flac,data/subset_raw/LA_train_LA_T_8275432.flac,bonafide,train,clean,LA,LA_0088,-,bonafide,"[20, 400]"
data/features/logmel/train/LA_train_LA_T_3747046.npy,logmel,data/raw/LA/LA/ASVspoof2019_LA_train/flac/LA_T_3747046.flac,data/subset_raw/LA_train_LA_T_3747046.flac,bonafide,train,clean,LA,LA_0088,-,bonafide,"[80, 400]"
data/features/mfcc/train/LA_train_LA_T_3747046.npy,mfcc,data/raw/LA/LA/ASVspoof2019_LA_train/flac/LA_T_3747046.flac,data/subset_raw/LA_train_LA_T_3747046.flac,bonafide,train,clean,LA,LA_0088,-,bonafide,"[20, 400]"
data/features/logmel/train/LA_train_LA_T_4197596.npy,logmel,data/raw/LA/LA/ASVspoof2019_LA_train/flac/LA_T_4197596.flac,data/subset_raw/LA_train_LA_T_4197596.flac,bonafide,train,clean,LA,LA_0098,-,bonafide,"[80, 400]"
data/features/mfcc/train/LA_train_LA_T_4197596.npy,mfcc,data/raw/LA/LA/ASVspoof2019_LA_train/flac/LA_T_4197596.flac,data/subset_raw/LA_train_LA_T_4197596.flac,bonafide,train,clean,LA,LA_0098,-,bonafide,"[20, 400]"
data/features/logmel/test/LA_test_LA_T_5326968.npy,logmel,data/raw/LA/LA/ASVspoof2019_LA_train/flac/LA_T_5326968.flac,data/subset_raw/LA_test_LA_T_5326968.flac,bonafide,test,clean,LA,LA_0093,-,bonafide,"[80, 400]"
data/features/mfcc/test/LA_test_LA_T_5326968.npy,mfcc,data/raw/LA/LA/ASVspoof2019_LA_train/flac/LA_T_5326968.flac,data/subset_raw/LA_test_LA_T_5326968.flac,bonafide,test,clean,LA,LA_0093,-,bonafide,"[20, 400]"
data/features/logmel/test/LA_test_LA_T_4630790.npy,logmel,data/raw/LA/LA/ASVspoof2019_LA_train/flac/LA_T_4630790.flac,data/subset_raw/LA_test_LA_T_4630790.flac,bonafide,test,clean,LA,LA_0093,-,bonafide,"[80, 400]"
data/features/mfcc/test/LA_test_LA_T_4630790.npy,mfcc,data/raw/LA/LA/ASVspoof2019_LA_train/flac/LA_T_4630790.flac,data/subset_raw/LA_test_LA_T_4630790.flac,bonafide,test,clean,LA,LA_0093,-,bonafide,"[20, 400]"
data/features/logmel/train/LA_train_LA_T_4711197.npy,logmel,data/raw/LA/LA/ASVspoof2019_LA_train/flac/LA_T_4711197.flac,data/subset_raw/LA_train_LA_T_4711197.flac,bonafide,train,clean,LA,LA_0085,-,bonafide,"[80, 400]"
data/features/mfcc/train/LA_train_LA_T_4711197.npy,mfcc,data/raw/LA/LA/ASVspoof2019_LA_train/flac/LA_T_4711197.flac,data/subset_raw/LA_train_LA_T_4711197.flac,bonafide,train,clean,LA,LA_0085,-,bonafide,"[20, 400]"
data/features/logmel/train/LA_train_LA_T_9553112.npy,logmel,data/raw/LA/LA/ASVspoof2019_LA_train/flac/LA_T_9553112.flac,data/subset_raw/LA_train_LA_T_9553112.flac,bonafide,train,clean,LA,LA_0095,-,bonafide,"[80, 400]"
data/features/mfcc/train/LA_train_LA_T_9553112.npy,mfcc,data/raw/LA/LA/ASVspoof2019_LA_train/flac/LA_T_9553112.flac,data/subset_raw/LA_train_LA_T_9553112.flac,bonafide,train,clean,LA,LA_0095,-,bonafide,"[20, 400]"
data/features/logmel/train/LA_train_LA_T_5696560.npy,logmel,data/raw/LA/LA/ASVspoof2019_LA_train/flac/LA_T_5696560.flac,data/subset_raw/LA_train_LA_T_5696560.flac,bonafide,train,clean,LA,LA_0092,-,bonafide,"[80, 400]"
data/features/mfcc/train/LA_train_LA_T_5696560.npy,mfcc,data/raw/LA/LA/ASVspoof2019_LA_train/flac/LA_T_5696560.flac,data/subset_raw/LA_train_LA_T_5696560.flac,bonafide,train,clean,LA,LA_0092,-,bonafide,"[20, 400]"
data/features/logmel/train/LA_train_LA_T_6756969.npy,logmel,data/raw/LA/LA/ASVspoof2019_LA_train/flac/LA_T_6756969.flac,data/subset_raw/LA_train_LA_T_6756969.flac,bonafide,train,clean,LA,LA_0087,-,bonafide,"[80, 400]"
data/features/mfcc/train/LA_train_LA_T_6756969.npy,mfcc,data/raw/LA/LA/ASVspoof2019_LA_train/flac/LA_T_6756969.flac,data/subset_raw/LA_train_LA_T_6756969.flac,bonafide,train,clean,LA,LA_0087,-,bonafide,"[20, 400]"
data/features/logmel/val/LA_val_LA_T_1325649.npy,logmel,data/raw/LA/LA/ASVspoof2019_LA_train/flac/LA_T_1325649.flac,data/subset_raw/LA_val_LA_T_1325649.flac,bonafide,val,clean,LA,LA_0089,-,bonafide,"[80, 400]"
data/features/mfcc/val/LA_val_LA_T_1325649.npy,mfcc,data/raw/LA/LA/ASVspoof2019_LA_train/flac/LA_T_1325649.flac,data/subset_raw/LA_val_LA_T_1325649.flac,bonafide,val,clean,LA,LA_0089,-,bonafide,"[20, 400]"
data/features/logmel/train/LA_train_LA_T_3545264.npy,logmel,data/raw/LA/LA/ASVspoof2019_LA_train/flac/LA_T_3545264.flac,data/subset_raw/LA_train_LA_T_3545264.flac,bonafide,train,clean,LA,LA_0094,-,bonafide,"[80, 400]"
data/features/mfcc/train/LA_train_LA_T_3545264.npy,mfcc,data/raw/LA/LA/ASVspoof2019_LA_train/flac/LA_T_3545264.flac,data/subset_raw/LA_train_LA_T_3545264.flac,bonafide,train,clean,LA,LA_0094,-,bonafide,"[20, 400]"
data/features/logmel/train/LA_train_LA_T_7677120.npy,logmel,data/raw/LA/LA/ASVspoof2019_LA_train/flac/LA_T_7677120.flac,data/subset_raw/LA_train_LA_T_7677120.flac,bonafide,train,clean,LA,LA_0079,-,bonafide,"[80, 400]"
data/features/mfcc/train/LA_train_LA_T_7677120.npy,mfcc,data/raw/LA/LA/ASVspoof2019_LA_train/flac/LA_T_7677120.flac,data/subset_raw/LA_train_LA_T_7677120.flac,bonafide,train,clean,LA,LA_0079,-,bonafide,"[20, 400]"
data/features/logmel/train/LA_train_LA_T_1878391.npy,logmel,data/raw/LA/LA/ASVspoof2019_LA_train/flac/LA_T_1878391.flac,data/subset_raw/LA_train_LA_T_1878391.flac,bonafide,train,clean,LA,LA_0084,-,bonafide,"[80, 400]"
data/features/mfcc/train/LA_train_LA_T_1878391.npy,mfcc,data/raw/LA/LA/ASVspoof2019_LA_train/flac/LA_T_1878391.flac,data/subset_raw/LA_train_LA_T_1878391.flac,bonafide,train,clean,LA,LA_0084,-,bonafide,"[20, 400]"
data/features/logmel/train/LA_train_LA_T_9779411.npy,logmel,data/raw/LA/LA/ASVspoof2019_LA_train/flac/LA_T_9779411.flac,data/subset_raw/LA_train_LA_T_9779411.flac,bonafide,train,clean,LA,LA_0087,-,bonafide,"[80, 400]"
data/features/mfcc/train/LA_train_LA_T_9779411.npy,mfcc,data/raw/LA/LA/ASVspoof2019_LA_train/flac/LA_T_9779411.flac,data/subset_raw/LA_train_LA_T_9779411.flac,bonafide,train,clean,LA,LA_0087,-,bonafide,"[20, 400]"
data/features/logmel/train/LA_train_LA_T_7051313.npy,logmel,data/raw/LA/LA/ASVspoof2019_LA_train/flac/LA_T_7051313.flac,data/subset_raw/LA_train_LA_T_7051313.flac,bonafide,train,clean,LA,LA_0084,-,bonafide,"[80, 400]"
data/features/mfcc/train/LA_train_LA_T_7051313.npy,mfcc,data/raw/LA/LA/ASVspoof2019_LA_train/flac/LA_T_7051313.flac,data/subset_raw/LA_train_LA_T_7051313.flac,bonafide,train,clean,LA,LA_0084,-,bonafide,"[20, 400]"
data/features/logmel/train/LA_train_LA_T_7196016.npy,logmel,data/raw/LA/LA/ASVspoof2019_LA_train/flac/LA_T_7196016.flac,data/subset_raw/LA_train_LA_T_7196016.flac,spoof,train,clean,LA,LA_0095,A01,spoof,"[80, 400]"
data/features/mfcc/train/LA_train_LA_T_7196016.npy,mfcc,data/raw/LA/LA/ASVspoof2019_LA_train/flac/LA_T_7196016.flac,data/subset_raw/LA_train_LA_T_7196016.flac,spoof,train,clean,LA,LA_0095,A01,spoof,"[20, 400]"
data/features/logmel/train/LA_train_LA_T_2021613.npy,logmel,data/raw/LA/LA/ASVspoof2019_LA_train/flac/LA_T_2021613.flac,data/subset_raw/LA_train_LA_T_2021613.flac,spoof,train,clean,LA,LA_0088,A04,spoof,"[80, 400]"
data/features/mfcc/train/LA_train_LA_T_2021613.npy,mfcc,data/raw/LA/LA/ASVspoof2019_LA_train/flac/LA_T_2021613.flac,data/subset_raw/LA_train_LA_T_2021613.flac,spoof,train,clean,LA,LA_0088,A04,spoof,"[20, 400]"
data/features/logmel/train/LA_train_LA_T_6942847.npy,logmel,data/raw/LA/LA/ASVspoof2019_LA_train/flac/LA_T_6942847.flac,data/subset_raw/LA_train_LA_T_6942847.flac,spoof,train,clean,LA,LA_0083,A04,spoof,"[80, 400]"
data/features/mfcc/train/LA_train_LA_T_6942847.npy,mfcc,data/raw/LA/LA/ASVspoof2019_LA_train/flac/LA_T_6942847.flac,data/subset_raw/LA_train_LA_T_6942847.flac,spoof,train,clean,LA,LA_0083,A04,spoof,"[20, 400]"
data/features/logmel/train/LA_train_LA_T_8159529.npy,logmel,data/raw/LA/LA/ASVspoof2019_LA_train/flac/LA_T_8159529.flac,data/subset_raw/LA_train_LA_T_8159529.flac,spoof,train,clean,LA,LA_0090,A01,spoof,"[80, 400]"
data/features/mfcc/train/LA_train_LA_T_8159529.npy,mfcc,data/raw/LA/LA/ASVspoof2019_LA_train/flac/LA_T_8159529.flac,data/subset_raw/LA_train_LA_T_8159529.flac,spoof,train,clean,LA,LA_0090,A01,spoof,"[20, 400]"
data/features/logmel/train/LA_train_LA_T_8367117.npy,logmel,data/raw/LA/LA/ASVspoof2019_LA_train/flac/LA_T_8367117.flac,data/subset_raw/LA_train_LA_T_8367117.flac,spoof,train,clean,LA,LA_0098,A06,spoof,"[80, 400]"
data/features/mfcc/train/LA_train_LA_T_8367117.npy,mfcc,data/raw/LA/LA/ASVspoof2019_LA_train/flac/LA_T_8367117.flac,data/subset_raw/LA_train_LA_T_8367117.flac,spoof,train,clean,LA,LA_0098,A06,spoof,"[20, 400]"
data/features/logmel/test/LA_test_LA_T_4873700.npy,logmel,data/raw/LA/LA/ASVspoof2019_LA_train/flac/LA_T_4873700.flac,data/subset_raw/LA_test_LA_T_4873700.flac,spoof,test,clean,LA,LA_0086,A05,spoof,"[80, 400]"
data/features/mfcc/test/LA_test_LA_T_4873700.npy,mfcc,data/raw/LA/LA/ASVspoof2019_LA_train/flac/LA_T_4873700.flac,data/subset_raw/LA_test_LA_T_4873700.flac,spoof,test,clean,LA,LA_0086,A05,spoof,"[20, 400]"
data/features/logmel/train/LA_train_LA_T_5454842.npy,logmel,data/raw/LA/LA/ASVspoof2019_LA_train/flac/LA_T_5454842.flac,data/subset_raw/LA_train_LA_T_5454842.flac,spoof,train,clean,LA,LA_0083,A05,spoof,"[80, 400]"
data/features/mfcc/train/LA_train_LA_T_5454842.npy,mfcc,data/raw/LA/LA/ASVspoof2019_LA_train/flac/LA_T_5454842.flac,data/subset_raw/LA_train_LA_T_5454842.flac,spoof,train,clean,LA,LA_0083,A05,spoof,"[20, 400]"
data/features/logmel/train/LA_train_LA_T_5820593.npy,logmel,data/raw/LA/LA/ASVspoof2019_LA_train/flac/LA_T_5820593.flac,data/subset_raw/LA_train_LA_T_5820593.flac,spoof,train,clean,LA,LA_0096,A02,spoof,"[80, 400]"
data/features/mfcc/train/LA_train_LA_T_5820593.npy,mfcc,data/raw/LA/LA/ASVspoof2019_LA_train/flac/LA_T_5820593.flac,data/subset_raw/LA_train_LA_T_5820593.flac,spoof,train,clean,LA,LA_0096,A02,spoof,"[20, 400]"
data/features/logmel/test/LA_test_LA_T_5054337.npy,logmel,data/raw/LA/LA/ASVspoof2019_LA_train/flac/LA_T_5054337.flac,data/subset_raw/LA_test_LA_T_5054337.flac,spoof,test,clean,LA,LA_0086,A02,spoof,"[80, 400]"
data/features/mfcc/test/LA_test_LA_T_5054337.npy,mfcc,data/raw/LA/LA/ASVspoof2019_LA_train/flac/LA_T_5054337.flac,data/subset_raw/LA_test_LA_T_5054337.flac,spoof,test,clean,LA,LA_0086,A02,spoof,"[20, 400]"
data/features/logmel/train/LA_train_LA_T_1531219.npy,logmel,data/raw/LA/LA/ASVspoof2019_LA_train/flac/LA_T_1531219.flac,data/subset_raw/LA_train_LA_T_1531219.flac,spoof,train,clean,LA,LA_0091,A05,spoof,"[80, 400]"
data/features/mfcc/train/LA_train_LA_T_1531219.npy,mfcc,data/raw/LA/LA/ASVspoof2019_LA_train/flac/LA_T_1531219.flac,data/subset_raw/LA_train_LA_T_1531219.flac,spoof,train,clean,LA,LA_0091,A05,spoof,"[20, 400]"
data/features/logmel/test/LA_test_LA_T_1929428.npy,logmel,data/raw/LA/LA/ASVspoof2019_LA_train/flac/LA_T_1929428.flac,data/subset_raw/LA_test_LA_T_1929428.flac,spoof,test,clean,LA,LA_0097,A03,spoof,"[80, 400]"
data/features/mfcc/test/LA_test_LA_T_1929428.npy,mfcc,data/raw/LA/LA/ASVspoof2019_LA_train/flac/LA_T_1929428.flac,data/subset_raw/LA_test_LA_T_1929428.flac,spoof,test,clean,LA,LA_0097,A03,spoof,"[20, 400]"
data/features/logmel/train/LA_train_LA_T_3167562.npy,logmel,data/raw/LA/LA/ASVspoof2019_LA_train/flac/LA_T_3167562.flac,data/subset_raw/LA_train_LA_T_3167562.flac,spoof,train,clean,LA,LA_0083,A04,spoof,"[80, 400]"
data/features/mfcc/train/LA_train_LA_T_3167562.npy,mfcc,data/raw/LA/LA/ASVspoof2019_LA_train/flac/LA_T_3167562.flac,data/subset_raw/LA_train_LA_T_3167562.flac,spoof,train,clean,LA,LA_0083,A04,spoof,"[20, 400]"
data/features/logmel/train/LA_train_LA_T_9382514.npy,logmel,data/raw/LA/LA/ASVspoof2019_LA_train/flac/LA_T_9382514.flac,data/subset_raw/LA_train_LA_T_9382514.flac,spoof,train,clean,LA,LA_0088,A02,spoof,"[80, 400]"
data/features/mfcc/train/LA_train_LA_T_9382514.npy,mfcc,data/raw/LA/LA/ASVspoof2019_LA_train/flac/LA_T_9382514.flac,data/subset_raw/LA_train_LA_T_9382514.flac,spoof,train,clean,LA,LA_0088,A02,spoof,"[20, 400]"
data/features/logmel/train/LA_train_LA_T_3683064.npy,logmel,data/raw/LA/LA/ASVspoof2019_LA_train/flac/LA_T_3683064.flac,data/subset_raw/LA_train_LA_T_3683064.flac,spoof,train,clean,LA,LA_0088,A04,spoof,"[80, 400]"
data/features/mfcc/train/LA_train_LA_T_3683064.npy,mfcc,data/raw/LA/LA/ASVspoof2019_LA_train/flac/LA_T_3683064.flac,data/subset_raw/LA_train_LA_T_3683064.flac,spoof,train,clean,LA,LA_0088,A04,spoof,"[20, 400]"
data/features/logmel/test/LA_test_LA_T_5209238.npy,logmel,data/raw/LA/LA/ASVspoof2019_LA_train/flac/LA_T_5209238.flac,data/subset_raw/LA_test_LA_T_5209238.flac,spoof,test,clean,LA,LA_0097,A06,spoof,"[80, 400]"
data/features/mfcc/test/LA_test_LA_T_5209238.npy,mfcc,data/raw/LA/LA/ASVspoof2019_LA_train/flac/LA_T_5209238.flac,data/subset_raw/LA_test_LA_T_5209238.flac,spoof,test,clean,LA,LA_0097,A06,spoof,"[20, 400]"
data/features/logmel/train/LA_train_LA_T_1217503.npy,logmel,data/raw/LA/LA/ASVspoof2019_LA_train/flac/LA_T_1217503.flac,data/subset_raw/LA_train_LA_T_1217503.flac,spoof,train,clean,LA,LA_0090,A03,spoof,"[80, 400]"
data/features/mfcc/train/LA_train_LA_T_1217503.npy,mfcc,data/raw/LA/LA/ASVspoof2019_LA_train/flac/LA_T_1217503.flac,data/subset_raw/LA_train_LA_T_1217503.flac,spoof,train,clean,LA,LA_0090,A03,spoof,"[20, 400]"
data/features/logmel/train/LA_train_LA_T_2191824.npy,logmel,data/raw/LA/LA/ASVspoof2019_LA_train/flac/LA_T_2191824.flac,data/subset_raw/LA_train_LA_T_2191824.flac,spoof,train,clean,LA,LA_0085,A06,spoof,"[80, 400]"
data/features/mfcc/train/LA_train_LA_T_2191824.npy,mfcc,data/raw/LA/LA/ASVspoof2019_LA_train/flac/LA_T_2191824.flac,data/subset_raw/LA_train_LA_T_2191824.flac,spoof,train,clean,LA,LA_0085,A06,spoof,"[20, 400]"
data/features/logmel/train/LA_train_LA_T_4164792.npy,logmel,data/raw/LA/LA/ASVspoof2019_LA_train/flac/LA_T_4164792.flac,data/subset_raw/LA_train_LA_T_4164792.flac,spoof,train,clean,LA,LA_0084,A03,spoof,"[80, 400]"
data/features/mfcc/train/LA_train_LA_T_4164792.npy,mfcc,data/raw/LA/LA/ASVspoof2019_LA_train/flac/LA_T_4164792.flac,data/subset_raw/LA_train_LA_T_4164792.flac,spoof,train,clean,LA,LA_0084,A03,spoof,"[20, 400]"
data/features/logmel/train/LA_train_LA_T_7412444.npy,logmel,data/raw/LA/LA/ASVspoof2019_LA_train/flac/LA_T_7412444.flac,data/subset_raw/LA_train_LA_T_7412444.flac,spoof,train,clean,LA,LA_0084,A06,spoof,"[80, 400]"
data/features/mfcc/train/LA_train_LA_T_7412444.npy,mfcc,data/raw/LA/LA/ASVspoof2019_LA_train/flac/LA_T_7412444.flac,data/subset_raw/LA_train_LA_T_7412444.flac,spoof,train,clean,LA,LA_0084,A06,spoof,"[20, 400]"
data/features/logmel/train/LA_train_LA_T_6355446.npy,logmel,data/raw/LA/LA/ASVspoof2019_LA_train/flac/LA_T_6355446.flac,data/subset_raw/LA_train_LA_T_6355446.flac,spoof,train,clean,LA,LA_0080,A06,spoof,"[80, 400]"
data/features/mfcc/train/LA_train_LA_T_6355446.npy,mfcc,data/raw/LA/LA/ASVspoof2019_LA_train/flac/LA_T_6355446.flac,data/subset_raw/LA_train_LA_T_6355446.flac,spoof,train,clean,LA,LA_0080,A06,spoof,"[20, 400]"
data/features/logmel/test/LA_test_LA_T_2667116.npy,logmel,data/raw/LA/LA/ASVspoof2019_LA_train/flac/LA_T_2667116.flac,data/subset_raw/LA_test_LA_T_2667116.flac,spoof,test,clean,LA,LA_0093,A05,spoof,"[80, 400]"
data/features/mfcc/test/LA_test_LA_T_2667116.npy,mfcc,data/raw/LA/LA/ASVspoof2019_LA_train/flac/LA_T_2667116.flac,data/subset_raw/LA_test_LA_T_2667116.flac,spoof,test,clean,LA,LA_0093,A05,spoof,"[20, 400]"
data/features/logmel/train/LA_train_LA_T_6919433.npy,logmel,data/raw/LA/LA/ASVspoof2019_LA_train/flac/LA_T_6919433.flac,data/subset_raw/LA_train_LA_T_6919433.flac,spoof,train,clean,LA,LA_0092,A05,spoof,"[80, 400]"
data/features/mfcc/train/LA_train_LA_T_6919433.npy,mfcc,data/raw/LA/LA/ASVspoof2019_LA_train/flac/LA_T_6919433.flac,data/subset_raw/LA_train_LA_T_6919433.flac,spoof,train,clean,LA,LA_0092,A05,spoof,"[20, 400]"
data/features/logmel/val/LA_val_LA_T_8953521.npy,logmel,data/raw/LA/LA/ASVspoof2019_LA_train/flac/LA_T_8953521.flac,data/subset_raw/LA_val_LA_T_8953521.flac,spoof,val,clean,LA,LA_0089,A01,spoof,"[80, 400]"
data/features/mfcc/val/LA_val_LA_T_8953521.npy,mfcc,data/raw/LA/LA/ASVspoof2019_LA_train/flac/LA_T_8953521.flac,data/subset_raw/LA_val_LA_T_8953521.flac,spoof,val,clean,LA,LA_0089,A01,spoof,"[20, 400]"
data/features/logmel/train/LA_train_LA_T_3287677.npy,logmel,data/raw/LA/LA/ASVspoof2019_LA_train/flac/LA_T_3287677.flac,data/subset_raw/LA_train_LA_T_3287677.flac,spoof,train,clean,LA,LA_0083,A03,spoof,"[80, 400]"
data/features/mfcc/train/LA_train_LA_T_3287677.npy,mfcc,data/raw/LA/LA/ASVspoof2019_LA_train/flac/LA_T_3287677.flac,data/subset_raw/LA_train_LA_T_3287677.flac,spoof,train,clean,LA,LA_0083,A03,spoof,"[20, 400]"
data/features/logmel/test/LA_test_LA_T_9851170.npy,logmel,data/raw/LA/LA/ASVspoof2019_LA_train/flac/LA_T_9851170.flac,data/subset_raw/LA_test_LA_T_9851170.flac,spoof,test,clean,LA,LA_0086,A04,spoof,"[80, 400]"
data/features/mfcc/test/LA_test_LA_T_9851170.npy,mfcc,data/raw/LA/LA/ASVspoof2019_LA_train/flac/LA_T_9851170.flac,data/subset_raw/LA_test_LA_T_9851170.flac,spoof,test,clean,LA,LA_0086,A04,spoof,"[20, 400]"
data/features/logmel/train/LA_train_LA_T_1544826.npy,logmel,data/raw/LA/LA/ASVspoof2019_LA_train/flac/LA_T_1544826.flac,data/subset_raw/LA_train_LA_T_1544826.flac,spoof,train,clean,LA,LA_0095,A03,spoof,"[80, 400]"
data/features/mfcc/train/LA_train_LA_T_1544826.npy,mfcc,data/raw/LA/LA/ASVspoof2019_LA_train/flac/LA_T_1544826.flac,data/subset_raw/LA_train_LA_T_1544826.flac,spoof,train,clean,LA,LA_0095,A03,spoof,"[20, 400]"
data/features/logmel/test/LA_test_LA_T_6866613.npy,logmel,data/raw/LA/LA/ASVspoof2019_LA_train/flac/LA_T_6866613.flac,data/subset_raw/LA_test_LA_T_6866613.flac,spoof,test,clean,LA,LA_0097,A04,spoof,"[80, 400]"
data/features/mfcc/test/LA_test_LA_T_6866613.npy,mfcc,data/raw/LA/LA/ASVspoof2019_LA_train/flac/LA_T_6866613.flac,data/subset_raw/LA_test_LA_T_6866613.flac,spoof,test,clean,LA,LA_0097,A04,spoof,"[20, 400]"
data/features/logmel/train/LA_train_LA_T_5379096.npy,logmel,data/raw/LA/LA/ASVspoof2019_LA_train/flac/LA_T_5379096.flac,data/subset_raw/LA_train_LA_T_5379096.flac,spoof,train,clean,LA,LA_0092,A03,spoof,"[80, 400]"
data/features/mfcc/train/LA_train_LA_T_5379096.npy,mfcc,data/raw/LA/LA/ASVspoof2019_LA_train/flac/LA_T_5379096.flac,data/subset_raw/LA_train_LA_T_5379096.flac,spoof,train,clean,LA,LA_0092,A03,spoof,"[20, 400]"
data/features/logmel/train/LA_train_LA_T_1957538.npy,logmel,data/raw/LA/LA/ASVspoof2019_LA_train/flac/LA_T_1957538.flac,data/subset_raw/LA_train_LA_T_1957538.flac,spoof,train,clean,LA,LA_0087,A03,spoof,"[80, 400]"
data/features/mfcc/train/LA_train_LA_T_1957538.npy,mfcc,data/raw/LA/LA/ASVspoof2019_LA_train/flac/LA_T_1957538.flac,data/subset_raw/LA_train_LA_T_1957538.flac,spoof,train,clean,LA,LA_0087,A03,spoof,"[20, 400]"
data/features/logmel/test/LA_test_LA_T_8276326.npy,logmel,data/raw/LA/LA/ASVspoof2019_LA_train/flac/LA_T_8276326.flac,data/subset_raw/LA_test_LA_T_8276326.flac,spoof,test,clean,LA,LA_0086,A03,spoof,"[80, 400]"
data/features/mfcc/test/LA_test_LA_T_8276326.npy,mfcc,data/raw/LA/LA/ASVspoof2019_LA_train/flac/LA_T_8276326.flac,data/subset_raw/LA_test_LA_T_8276326.flac,spoof,test,clean,LA,LA_0086,A03,spoof,"[20, 400]"
data/features/logmel/train/LA_train_LA_T_7249621.npy,logmel,data/raw/LA/LA/ASVspoof2019_LA_train/flac/LA_T_7249621.flac,data/subset_raw/LA_train_LA_T_7249621.flac,spoof,train,clean,LA,LA_0080,A05,spoof,"[80, 400]"
data/features/mfcc/train/LA_train_LA_T_7249621.npy,mfcc,data/raw/LA/LA/ASVspoof2019_LA_train/flac/LA_T_7249621.flac,data/subset_raw/LA_train_LA_T_7249621.flac,spoof,train,clean,LA,LA_0080,A05,spoof,"[20, 400]"
data/features/logmel/test/LA_test_LA_T_6030668.npy,logmel,data/raw/LA/LA/ASVspoof2019_LA_train/flac/LA_T_6030668.flac,data/subset_raw/LA_test_LA_T_6030668.flac,spoof,test,clean,LA,LA_0097,A04,spoof,"[80, 400]"
data/features/mfcc/test/LA_test_LA_T_6030668.npy,mfcc,data/raw/LA/LA/ASVspoof2019_LA_train/flac/LA_T_6030668.flac,data/subset_raw/LA_test_LA_T_6030668.flac,spoof,test,clean,LA,LA_0097,A04,spoof,"[20, 400]"
data/features/logmel/train/LA_train_LA_T_2457545.npy,logmel,data/raw/LA/LA/ASVspoof2019_LA_train/flac/LA_T_2457545.flac,data/subset_raw/LA_train_LA_T_2457545.flac,spoof,train,clean,LA,LA_0092,A04,spoof,"[80, 400]"
data/features/mfcc/train/LA_train_LA_T_2457545.npy,mfcc,data/raw/LA/LA/ASVspoof2019_LA_train/flac/LA_T_2457545.flac,data/subset_raw/LA_train_LA_T_2457545.flac,spoof,train,clean,LA,LA_0092,A04,spoof,"[20, 400]"
data/features/logmel/train/LA_train_LA_T_9639913.npy,logmel,data/raw/LA/LA/ASVspoof2019_LA_train/flac/LA_T_9639913.flac,data/subset_raw/LA_train_LA_T_9639913.flac,spoof,train,clean,LA,LA_0083,A05,spoof,"[80, 400]"
data/features/mfcc/train/LA_train_LA_T_9639913.npy,mfcc,data/raw/LA/LA/ASVspoof2019_LA_train/flac/LA_T_9639913.flac,data/subset_raw/LA_train_LA_T_9639913.flac,spoof,train,clean,LA,LA_0083,A05,spoof,"[20, 400]"
data/features/logmel/train/LA_train_LA_T_8813074.npy,logmel,data/raw/LA/LA/ASVspoof2019_LA_train/flac/LA_T_8813074.flac,data/subset_raw/LA_train_LA_T_8813074.flac,spoof,train,clean,LA,LA_0081,A03,spoof,"[80, 400]"
data/features/mfcc/train/LA_train_LA_T_8813074.npy,mfcc,data/raw/LA/LA/ASVspoof2019_LA_train/flac/LA_T_8813074.flac,data/subset_raw/LA_train_LA_T_8813074.flac,spoof,train,clean,LA,LA_0081,A03,spoof,"[20, 400]"
data/features/logmel/train/LA_train_LA_T_3192467.npy,logmel,data/raw/LA/LA/ASVspoof2019_LA_train/flac/LA_T_3192467.flac,data/subset_raw/LA_train_LA_T_3192467.flac,spoof,train,clean,LA,LA_0087,A03,spoof,"[80, 400]"
data/features/mfcc/train/LA_train_LA_T_3192467.npy,mfcc,data/raw/LA/LA/ASVspoof2019_LA_train/flac/LA_T_3192467.flac,data/subset_raw/LA_train_LA_T_3192467.flac,spoof,train,clean,LA,LA_0087,A03,spoof,"[20, 400]"
data/features/logmel/val/LA_val_LA_T_9190352.npy,logmel,data/raw/LA/LA/ASVspoof2019_LA_train/flac/LA_T_9190352.flac,data/subset_raw/LA_val_LA_T_9190352.flac,spoof,val,clean,LA,LA_0089,A06,spoof,"[80, 400]"
data/features/mfcc/val/LA_val_LA_T_9190352.npy,mfcc,data/raw/LA/LA/ASVspoof2019_LA_train/flac/LA_T_9190352.flac,data/subset_raw/LA_val_LA_T_9190352.flac,spoof,val,clean,LA,LA_0089,A06,spoof,"[20, 400]"
data/features/logmel/train/LA_train_LA_T_4868092.npy,logmel,data/raw/LA/LA/ASVspoof2019_LA_train/flac/LA_T_4868092.flac,data/subset_raw/LA_train_LA_T_4868092.flac,spoof,train,clean,LA,LA_0090,A02,spoof,"[80, 400]"
data/features/mfcc/train/LA_train_LA_T_4868092.npy,mfcc,data/raw/LA/LA/ASVspoof2019_LA_train/flac/LA_T_4868092.flac,data/subset_raw/LA_train_LA_T_4868092.flac,spoof,train,clean,LA,LA_0090,A02,spoof,"[20, 400]"
data/features/logmel/train/LA_train_LA_T_6878620.npy,logmel,data/raw/LA/LA/ASVspoof2019_LA_train/flac/LA_T_6878620.flac,data/subset_raw/LA_train_LA_T_6878620.flac,spoof,train,clean,LA,LA_0081,A02,spoof,"[80, 400]"
data/features/mfcc/train/LA_train_LA_T_6878620.npy,mfcc,data/raw/LA/LA/ASVspoof2019_LA_train/flac/LA_T_6878620.flac,data/subset_raw/LA_train_LA_T_6878620.flac,spoof,train,clean,LA,LA_0081,A02,spoof,"[20, 400]"
data/features/logmel/train/LA_train_LA_T_8345097.npy,logmel,data/raw/LA/LA/ASVspoof2019_LA_train/flac/LA_T_8345097.flac,data/subset_raw/LA_train_LA_T_8345097.flac,spoof,train,clean,LA,LA_0087,A02,spoof,"[80, 400]"
data/features/mfcc/train/LA_train_LA_T_8345097.npy,mfcc,data/raw/LA/LA/ASVspoof2019_LA_train/flac/LA_T_8345097.flac,data/subset_raw/LA_train_LA_T_8345097.flac,spoof,train,clean,LA,LA_0087,A02,spoof,"[20, 400]"
data/features/logmel/train/LA_train_LA_T_1839608.npy,logmel,data/raw/LA/LA/ASVspoof2019_LA_train/flac/LA_T_1839608.flac,data/subset_raw/LA_train_LA_T_1839608.flac,spoof,train,clean,LA,LA_0096,A05,spoof,"[80, 400]"
data/features/mfcc/train/LA_train_LA_T_1839608.npy,mfcc,data/raw/LA/LA/ASVspoof2019_LA_train/flac/LA_T_1839608.flac,data/subset_raw/LA_train_LA_T_1839608.flac,spoof,train,clean,LA,LA_0096,A05,spoof,"[20, 400]"
data/features/logmel/val/LA_val_LA_T_4847789.npy,logmel,data/raw/LA/LA/ASVspoof2019_LA_train/flac/LA_T_4847789.flac,data/subset_raw/LA_val_LA_T_4847789.flac,spoof,val,clean,LA,LA_0089,A01,spoof,"[80, 400]"
data/features/mfcc/val/LA_val_LA_T_4847789.npy,mfcc,data/raw/LA/LA/ASVspoof2019_LA_train/flac/LA_T_4847789.flac,data/subset_raw/LA_val_LA_T_4847789.flac,spoof,val,clean,LA,LA_0089,A01,spoof,"[20, 400]"
data/features/logmel/train/LA_train_LA_T_5320272.npy,logmel,data/raw/LA/LA/ASVspoof2019_LA_train/flac/LA_T_5320272.flac,data/subset_raw/LA_train_LA_T_5320272.flac,spoof,train,clean,LA,LA_0088,A04,spoof,"[80, 400]"
data/features/mfcc/train/LA_train_LA_T_5320272.npy,mfcc,data/raw/LA/LA/ASVspoof2019_LA_train/flac/LA_T_5320272.flac,data/subset_raw/LA_train_LA_T_5320272.flac,spoof,train,clean,LA,LA_0088,A04,spoof,"[20, 400]"
data/features/logmel/train/LA_train_LA_T_9144261.npy,logmel,data/raw/LA/LA/ASVspoof2019_LA_train/flac/LA_T_9144261.flac,data/subset_raw/LA_train_LA_T_9144261.flac,spoof,train,clean,LA,LA_0090,A01,spoof,"[80, 400]"
data/features/mfcc/train/LA_train_LA_T_9144261.npy,mfcc,data/raw/LA/LA/ASVspoof2019_LA_train/flac/LA_T_9144261.flac,data/subset_raw/LA_train_LA_T_9144261.flac,spoof,train,clean,LA,LA_0090,A01,spoof,"[20, 400]"
data/features/logmel/train/LA_train_LA_T_4291784.npy,logmel,data/raw/LA/LA/ASVspoof2019_LA_train/flac/LA_T_4291784.flac,data/subset_raw/LA_train_LA_T_4291784.flac,spoof,train,clean,LA,LA_0083,A01,spoof,"[80, 400]"
data/features/mfcc/train/LA_train_LA_T_4291784.npy,mfcc,data/raw/LA/LA/ASVspoof2019_LA_train/flac/LA_T_4291784.flac,data/subset_raw/LA_train_LA_T_4291784.flac,spoof,train,clean,LA,LA_0083,A01,spoof,"[20, 400]"
data/features/logmel/test/LA_test_LA_T_4754759.npy,logmel,data/raw/LA/LA/ASVspoof2019_LA_train/flac/LA_T_4754759.flac,data/subset_raw/LA_test_LA_T_4754759.flac,spoof,test,clean,LA,LA_0097,A04,spoof,"[80, 400]"
data/features/mfcc/test/LA_test_LA_T_4754759.npy,mfcc,data/raw/LA/LA/ASVspoof2019_LA_train/flac/LA_T_4754759.flac,data/subset_raw/LA_test_LA_T_4754759.flac,spoof,test,clean,LA,LA_0097,A04,spoof,"[20, 400]"
data/features/logmel/train/LA_train_LA_T_6823968.npy,logmel,data/raw/LA/LA/ASVspoof2019_LA_train/flac/LA_T_6823968.flac,data/subset_raw/LA_train_LA_T_6823968.flac,spoof,train,clean,LA,LA_0079,A02,spoof,"[80, 400]"
data/features/mfcc/train/LA_train_LA_T_6823968.npy,mfcc,data/raw/LA/LA/ASVspoof2019_LA_train/flac/LA_T_6823968.flac,data/subset_raw/LA_train_LA_T_6823968.flac,spoof,train,clean,LA,LA_0079,A02,spoof,"[20, 400]"
data/features/logmel/train/LA_train_LA_T_2942946.npy,logmel,data/raw/LA/LA/ASVspoof2019_LA_train/flac/LA_T_2942946.flac,data/subset_raw/LA_train_LA_T_2942946.flac,spoof,train,clean,LA,LA_0092,A03,spoof,"[80, 400]"
data/features/mfcc/train/LA_train_LA_T_2942946.npy,mfcc,data/raw/LA/LA/ASVspoof2019_LA_train/flac/LA_T_2942946.flac,data/subset_raw/LA_train_LA_T_2942946.flac,spoof,train,clean,LA,LA_0092,A03,spoof,"[20, 400]"
data/features/logmel/val/LA_val_LA_T_9395136.npy,logmel,data/raw/LA/LA/ASVspoof2019_LA_train/flac/LA_T_9395136.flac,data/subset_raw/LA_val_LA_T_9395136.flac,spoof,val,clean,LA,LA_0089,A04,spoof,"[80, 400]"
data/features/mfcc/val/LA_val_LA_T_9395136.npy,mfcc,data/raw/LA/LA/ASVspoof2019_LA_train/flac/LA_T_9395136.flac,data/subset_raw/LA_val_LA_T_9395136.flac,spoof,val,clean,LA,LA_0089,A04,spoof,"[20, 400]"
data/features/logmel/test/LA_test_LA_T_4244044.npy,logmel,data/raw/LA/LA/ASVspoof2019_LA_train/flac/LA_T_4244044.flac,data/subset_raw/LA_test_LA_T_4244044.flac,spoof,test,clean,LA,LA_0097,A06,spoof,"[80, 400]"
data/features/mfcc/test/LA_test_LA_T_4244044.npy,mfcc,data/raw/LA/LA/ASVspoof2019_LA_train/flac/LA_T_4244044.flac,data/subset_raw/LA_test_LA_T_4244044.flac,spoof,test,clean,LA,LA_0097,A06,spoof,"[20, 400]"
data/features/logmel/train/LA_train_LA_T_1926605.npy,logmel,data/raw/LA/LA/ASVspoof2019_LA_train/flac/LA_T_1926605.flac,data/subset_raw/LA_train_LA_T_1926605.flac,spoof,train,clean,LA,LA_0090,A06,spoof,"[80, 400]"
data/features/mfcc/train/LA_train_LA_T_1926605.npy,mfcc,data/raw/LA/LA/ASVspoof2019_LA_train/flac/LA_T_1926605.flac,data/subset_raw/LA_train_LA_T_1926605.flac,spoof,train,clean,LA,LA_0090,A06,spoof,"[20, 400]"
data/features/logmel/test/LA_test_LA_T_5021134.npy,logmel,data/raw/LA/LA/ASVspoof2019_LA_train/flac/LA_T_5021134.flac,data/subset_raw/LA_test_LA_T_5021134.flac,spoof,test,clean,LA,LA_0097,A06,spoof,"[80, 400]"
data/features/mfcc/test/LA_test_LA_T_5021134.npy,mfcc,data/raw/LA/LA/ASVspoof2019_LA_train/flac/LA_T_5021134.flac,data/subset_raw/LA_test_LA_T_5021134.flac,spoof,test,clean,LA,LA_0097,A06,spoof,"[20, 400]"
data/features/logmel/train/LA_train_LA_T_8093073.npy,logmel,data/raw/LA/LA/ASVspoof2019_LA_train/flac/LA_T_8093073.flac,data/subset_raw/LA_train_LA_T_8093073.flac,spoof,train,clean,LA,LA_0080,A04,spoof,"[80, 400]"
data/features/mfcc/train/LA_train_LA_T_8093073.npy,mfcc,data/raw/LA/LA/ASVspoof2019_LA_train/flac/LA_T_8093073.flac,data/subset_raw/LA_train_LA_T_8093073.flac,spoof,train,clean,LA,LA_0080,A04,spoof,"[20, 400]"
data/features/logmel/train/LA_train_LA_T_1711356.npy,logmel,data/raw/LA/LA/ASVspoof2019_LA_train/flac/LA_T_1711356.flac,data/subset_raw/LA_train_LA_T_1711356.flac,spoof,train,clean,LA,LA_0090,A01,spoof,"[80, 400]"
data/features/mfcc/train/LA_train_LA_T_1711356.npy,mfcc,data/raw/LA/LA/ASVspoof2019_LA_train/flac/LA_T_1711356.flac,data/subset_raw/LA_train_LA_T_1711356.flac,spoof,train,clean,LA,LA_0090,A01,spoof,"[20, 400]"
data/features/logmel/train/LA_train_LA_T_3011280.npy,logmel,data/raw/LA/LA/ASVspoof2019_LA_train/flac/LA_T_3011280.flac,data/subset_raw/LA_train_LA_T_3011280.flac,spoof,train,clean,LA,LA_0080,A02,spoof,"[80, 400]"
data/features/mfcc/train/LA_train_LA_T_3011280.npy,mfcc,data/raw/LA/LA/ASVspoof2019_LA_train/flac/LA_T_3011280.flac,data/subset_raw/LA_train_LA_T_3011280.flac,spoof,train,clean,LA,LA_0080,A02,spoof,"[20, 400]"
data/features/logmel/train/LA_train_LA_T_5865525.npy,logmel,data/raw/LA/LA/ASVspoof2019_LA_train/flac/LA_T_5865525.flac,data/subset_raw/LA_train_LA_T_5865525.flac,spoof,train,clean,LA,LA_0090,A01,spoof,"[80, 400]"
data/features/mfcc/train/LA_train_LA_T_5865525.npy,mfcc,data/raw/LA/LA/ASVspoof2019_LA_train/flac/LA_T_5865525.flac,data/subset_raw/LA_train_LA_T_5865525.flac,spoof,train,clean,LA,LA_0090,A01,spoof,"[20, 400]"
data/features/logmel/train/LA_train_LA_T_9108679.npy,logmel,data/raw/LA/LA/ASVspoof2019_LA_train/flac/LA_T_9108679.flac,data/subset_raw/LA_train_LA_T_9108679.flac,spoof,train,clean,LA,LA_0085,A02,spoof,"[80, 400]"
data/features/mfcc/train/LA_train_LA_T_9108679.npy,mfcc,data/raw/LA/LA/ASVspoof2019_LA_train/flac/LA_T_9108679.flac,data/subset_raw/LA_train_LA_T_9108679.flac,spoof,train,clean,LA,LA_0085,A02,spoof,"[20, 400]"
data/features/logmel/train/LA_train_LA_T_6071492.npy,logmel,data/raw/LA/LA/ASVspoof2019_LA_train/flac/LA_T_6071492.flac,data/subset_raw/LA_train_LA_T_6071492.flac,spoof,train,clean,LA,LA_0091,A03,spoof,"[80, 400]"
data/features/mfcc/train/LA_train_LA_T_6071492.npy,mfcc,data/raw/LA/LA/ASVspoof2019_LA_train/flac/LA_T_6071492.flac,data/subset_raw/LA_train_LA_T_6071492.flac,spoof,train,clean,LA,LA_0091,A03,spoof,"[20, 400]"
data/features/logmel/train/LA_train_LA_T_1050944.npy,logmel,data/raw/LA/LA/ASVspoof2019_LA_train/flac/LA_T_1050944.flac,data/subset_raw/LA_train_LA_T_1050944.flac,spoof,train,clean,LA,LA_0088,A05,spoof,"[80, 400]"
data/features/mfcc/train/LA_train_LA_T_1050944.npy,mfcc,data/raw/LA/LA/ASVspoof2019_LA_train/flac/LA_T_1050944.flac,data/subset_raw/LA_train_LA_T_1050944.flac,spoof,train,clean,LA,LA_0088,A05,spoof,"[20, 400]"
data/features/logmel/train/LA_train_LA_T_2338435.npy,logmel,data/raw/LA/LA/ASVspoof2019_LA_train/flac/LA_T_2338435.flac,data/subset_raw/LA_train_LA_T_2338435.flac,spoof,train,clean,LA,LA_0079,A03,spoof,"[80, 400]"
data/features/mfcc/train/LA_train_LA_T_2338435.npy,mfcc,data/raw/LA/LA/ASVspoof2019_LA_train/flac/LA_T_2338435.flac,data/subset_raw/LA_train_LA_T_2338435.flac,spoof,train,clean,LA,LA_0079,A03,spoof,"[20, 400]"
data/features/logmel/train/LA_train_LA_T_9969841.npy,logmel,data/raw/LA/LA/ASVspoof2019_LA_train/flac/LA_T_9969841.flac,data/subset_raw/LA_train_LA_T_9969841.flac,spoof,train,clean,LA,LA_0096,A01,spoof,"[80, 400]"
data/features/mfcc/train/LA_train_LA_T_9969841.npy,mfcc,data/raw/LA/LA/ASVspoof2019_LA_train/flac/LA_T_9969841.flac,data/subset_raw/LA_train_LA_T_9969841.flac,spoof,train,clean,LA,LA_0096,A01,spoof,"[20, 400]"
data/features/logmel/train/LA_train_LA_T_2369027.npy,logmel,data/raw/LA/LA/ASVspoof2019_LA_train/flac/LA_T_2369027.flac,data/subset_raw/LA_train_LA_T_2369027.flac,spoof,train,clean,LA,LA_0087,A06,spoof,"[80, 400]"
data/features/mfcc/train/LA_train_LA_T_2369027.npy,mfcc,data/raw/LA/LA/ASVspoof2019_LA_train/flac/LA_T_2369027.flac,data/subset_raw/LA_train_LA_T_2369027.flac,spoof,train,clean,LA,LA_0087,A06,spoof,"[20, 400]"
data/features/logmel/test/LA_test_LA_T_4562769.npy,logmel,data/raw/LA/LA/ASVspoof2019_LA_train/flac/LA_T_4562769.flac,data/subset_raw/LA_test_LA_T_4562769.flac,spoof,test,clean,LA,LA_0097,A06,spoof,"[80, 400]"
data/features/mfcc/test/LA_test_LA_T_4562769.npy,mfcc,data/raw/LA/LA/ASVspoof2019_LA_train/flac/LA_T_4562769.flac,data/subset_raw/LA_test_LA_T_4562769.flac,spoof,test,clean,LA,LA_0097,A06,spoof,"[20, 400]"
data/features/logmel/val/LA_val_LA_T_5557943.npy,logmel,data/raw/LA/LA/ASVspoof2019_LA_train/flac/LA_T_5557943.flac,data/subset_raw/LA_val_LA_T_5557943.flac,spoof,val,clean,LA,LA_0089,A06,spoof,"[80, 400]"
data/features/mfcc/val/LA_val_LA_T_5557943.npy,mfcc,data/raw/LA/LA/ASVspoof2019_LA_train/flac/LA_T_5557943.flac,data/subset_raw/LA_val_LA_T_5557943.flac,spoof,val,clean,LA,LA_0089,A06,spoof,"[20, 400]"
data/features/logmel/val/LA_val_LA_T_5299003.npy,logmel,data/raw/LA/LA/ASVspoof2019_LA_train/flac/LA_T_5299003.flac,data/subset_raw/LA_val_LA_T_5299003.flac,spoof,val,clean,LA,LA_0089,A05,spoof,"[80, 400]"
data/features/mfcc/val/LA_val_LA_T_5299003.npy,mfcc,data/raw/LA/LA/ASVspoof2019_LA_train/flac/LA_T_5299003.flac,data/subset_raw/LA_val_LA_T_5299003.flac,spoof,val,clean,LA,LA_0089,A05,spoof,"[20, 400]"
data/features/logmel/train/LA_train_LA_T_6866302.npy,logmel,data/raw/LA/LA/ASVspoof2019_LA_train/flac/LA_T_6866302.flac,data/subset_raw/LA_train_LA_T_6866302.flac,spoof,train,clean,LA,LA_0092,A04,spoof,"[80, 400]"
data/features/mfcc/train/LA_train_LA_T_6866302.npy,mfcc,data/raw/LA/LA/ASVspoof2019_LA_train/flac/LA_T_6866302.flac,data/subset_raw/LA_train_LA_T_6866302.flac,spoof,train,clean,LA,LA_0092,A04,spoof,"[20, 400]"
data/features/logmel/train/LA_train_LA_T_4844815.npy,logmel,data/raw/LA/LA/ASVspoof2019_LA_train/flac/LA_T_4844815.flac,data/subset_raw/LA_train_LA_T_4844815.flac,spoof,train,clean,LA,LA_0080,A01,spoof,"[80, 400]"
data/features/mfcc/train/LA_train_LA_T_4844815.npy,mfcc,data/raw/LA/LA/ASVspoof2019_LA_train/flac/LA_T_4844815.flac,data/subset_raw/LA_train_LA_T_4844815.flac,spoof,train,clean,LA,LA_0080,A01,spoof,"[20, 400]"
data/features/logmel/train/LA_train_LA_T_7389695.npy,logmel,data/raw/LA/LA/ASVspoof2019_LA_train/flac/LA_T_7389695.flac,data/subset_raw/LA_train_LA_T_7389695.flac,spoof,train,clean,LA,LA_0079,A01,spoof,"[80, 400]"
data/features/mfcc/train/LA_train_LA_T_7389695.npy,mfcc,data/raw/LA/LA/ASVspoof2019_LA_train/flac/LA_T_7389695.flac,data/subset_raw/LA_train_LA_T_7389695.flac,spoof,train,clean,LA,LA_0079,A01,spoof,"[20, 400]"
data/features/logmel/train/LA_train_LA_T_4991778.npy,logmel,data/raw/LA/LA/ASVspoof2019_LA_train/flac/LA_T_4991778.flac,data/subset_raw/LA_train_LA_T_4991778.flac,spoof,train,clean,LA,LA_0085,A06,spoof,"[80, 400]"
data/features/mfcc/train/LA_train_LA_T_4991778.npy,mfcc,data/raw/LA/LA/ASVspoof2019_LA_train/flac/LA_T_4991778.flac,data/subset_raw/LA_train_LA_T_4991778.flac,spoof,train,clean,LA,LA_0085,A06,spoof,"[20, 400]"
data/features/logmel/train/LA_train_LA_T_2462718.npy,logmel,data/raw/LA/LA/ASVspoof2019_LA_train/flac/LA_T_2462718.flac,data/subset_raw/LA_train_LA_T_2462718.flac,spoof,train,clean,LA,LA_0091,A03,spoof,"[80, 400]"
data/features/mfcc/train/LA_train_LA_T_2462718.npy,mfcc,data/raw/LA/LA/ASVspoof2019_LA_train/flac/LA_T_2462718.flac,data/subset_raw/LA_train_LA_T_2462718.flac,spoof,train,clean,LA,LA_0091,A03,spoof,"[20, 400]"
data/features/logmel/val/LA_val_LA_T_5181234.npy,logmel,data/raw/LA/LA/ASVspoof2019_LA_train/flac/LA_T_5181234.flac,data/subset_raw/LA_val_LA_T_5181234.flac,spoof,val,clean,LA,LA_0082,A05,spoof,"[80, 400]"
data/features/mfcc/val/LA_val_LA_T_5181234.npy,mfcc,data/raw/LA/LA/ASVspoof2019_LA_train/flac/LA_T_5181234.flac,data/subset_raw/LA_val_LA_T_5181234.flac,spoof,val,clean,LA,LA_0082,A05,spoof,"[20, 400]"
data/features/logmel/train/LA_train_LA_T_9027506.npy,logmel,data/raw/LA/LA/ASVspoof2019_LA_train/flac/LA_T_9027506.flac,data/subset_raw/LA_train_LA_T_9027506.flac,spoof,train,clean,LA,LA_0080,A02,spoof,"[80, 400]"
data/features/mfcc/train/LA_train_LA_T_9027506.npy,mfcc,data/raw/LA/LA/ASVspoof2019_LA_train/flac/LA_T_9027506.flac,data/subset_raw/LA_train_LA_T_9027506.flac,spoof,train,clean,LA,LA_0080,A02,spoof,"[20, 400]"
data/features/logmel/train/LA_train_LA_T_8186635.npy,logmel,data/raw/LA/LA/ASVspoof2019_LA_train/flac/LA_T_8186635.flac,data/subset_raw/LA_train_LA_T_8186635.flac,spoof,train,clean,LA,LA_0081,A01,spoof,"[80, 400]"
data/features/mfcc/train/LA_train_LA_T_8186635.npy,mfcc,data/raw/LA/LA/ASVspoof2019_LA_train/flac/LA_T_8186635.flac,data/subset_raw/LA_train_LA_T_8186635.flac,spoof,train,clean,LA,LA_0081,A01,spoof,"[20, 400]"
data/features/logmel/test/LA_test_LA_T_5447517.npy,logmel,data/raw/LA/LA/ASVspoof2019_LA_train/flac/LA_T_5447517.flac,data/subset_raw/LA_test_LA_T_5447517.flac,spoof,test,clean,LA,LA_0086,A03,spoof,"[80, 400]"
data/features/mfcc/test/LA_test_LA_T_5447517.npy,mfcc,data/raw/LA/LA/ASVspoof2019_LA_train/flac/LA_T_5447517.flac,data/subset_raw/LA_test_LA_T_5447517.flac,spoof,test,clean,LA,LA_0086,A03,spoof,"[20, 400]"
data/features/logmel/train/LA_train_LA_T_9752029.npy,logmel,data/raw/LA/LA/ASVspoof2019_LA_train/flac/LA_T_9752029.flac,data/subset_raw/LA_train_LA_T_9752029.flac,spoof,train,clean,LA,LA_0079,A04,spoof,"[80, 400]"
data/features/mfcc/train/LA_train_LA_T_9752029.npy,mfcc,data/raw/LA/LA/ASVspoof2019_LA_train/flac/LA_T_9752029.flac,data/subset_raw/LA_train_LA_T_9752029.flac,spoof,train,clean,LA,LA_0079,A04,spoof,"[20, 400]"
data/features/logmel/val/LA_val_LA_T_3541347.npy,logmel,data/raw/LA/LA/ASVspoof2019_LA_train/flac/LA_T_3541347.flac,data/subset_raw/LA_val_LA_T_3541347.flac,spoof,val,clean,LA,LA_0082,A06,spoof,"[80, 400]"
data/features/mfcc/val/LA_val_LA_T_3541347.npy,mfcc,data/raw/LA/LA/ASVspoof2019_LA_train/flac/LA_T_3541347.flac,data/subset_raw/LA_val_LA_T_3541347.flac,spoof,val,clean,LA,LA_0082,A06,spoof,"[20, 400]"
data/features/logmel/train/LA_train_LA_T_8055426.npy,logmel,data/raw/LA/LA/ASVspoof2019_LA_train/flac/LA_T_8055426.flac,data/subset_raw/LA_train_LA_T_8055426.flac,spoof,train,clean,LA,LA_0090,A01,spoof,"[80, 400]"
data/features/mfcc/train/LA_train_LA_T_8055426.npy,mfcc,data/raw/LA/LA/ASVspoof2019_LA_train/flac/LA_T_8055426.flac,data/subset_raw/LA_train_LA_T_8055426.flac,spoof,train,clean,LA,LA_0090,A01,spoof,"[20, 400]"
data/features/logmel/val/LA_val_LA_T_9056284.npy,logmel,data/raw/LA/LA/ASVspoof2019_LA_train/flac/LA_T_9056284.flac,data/subset_raw/LA_val_LA_T_9056284.flac,spoof,val,clean,LA,LA_0089,A01,spoof,"[80, 400]"
data/features/mfcc/val/LA_val_LA_T_9056284.npy,mfcc,data/raw/LA/LA/ASVspoof2019_LA_train/flac/LA_T_9056284.flac,data/subset_raw/LA_val_LA_T_9056284.flac,spoof,val,clean,LA,LA_0089,A01,spoof,"[20, 400]"
data/features/logmel/train/LA_train_LA_T_3303089.npy,logmel,data/raw/LA/LA/ASVspoof2019_LA_train/flac/LA_T_3303089.flac,data/subset_raw/LA_train_LA_T_3303089.flac,spoof,train,clean,LA,LA_0091,A01,spoof,"[80, 400]"
data/features/mfcc/train/LA_train_LA_T_3303089.npy,mfcc,data/raw/LA/LA/ASVspoof2019_LA_train/flac/LA_T_3303089.flac,data/subset_raw/LA_train_LA_T_3303089.flac,spoof,train,clean,LA,LA_0091,A01,spoof,"[20, 400]"
data/features/logmel/train/LA_train_LA_T_5710203.npy,logmel,data/raw/LA/LA/ASVspoof2019_LA_train/flac/LA_T_5710203.flac,data/subset_raw/LA_train_LA_T_5710203.flac,spoof,train,clean,LA,LA_0098,A04,spoof,"[80, 400]"
data/features/mfcc/train/LA_train_LA_T_5710203.npy,mfcc,data/raw/LA/LA/ASVspoof2019_LA_train/flac/LA_T_5710203.flac,data/subset_raw/LA_train_LA_T_5710203.flac,spoof,train,clean,LA,LA_0098,A04,spoof,"[20, 400]"
data/features/logmel/train/LA_train_LA_T_8856200.npy,logmel,data/raw/LA/LA/ASVspoof2019_LA_train/flac/LA_T_8856200.flac,data/subset_raw/LA_train_LA_T_8856200.flac,spoof,train,clean,LA,LA_0090,A01,spoof,"[80, 400]"
data/features/mfcc/train/LA_train_LA_T_8856200.npy,mfcc,data/raw/LA/LA/ASVspoof2019_LA_train/flac/LA_T_8856200.flac,data/subset_raw/LA_train_LA_T_8856200.flac,spoof,train,clean,LA,LA_0090,A01,spoof,"[20, 400]"
data/features/logmel/test/LA_test_LA_T_3674915.npy,logmel,data/raw/LA/LA/ASVspoof2019_LA_train/flac/LA_T_3674915.flac,data/subset_raw/LA_test_LA_T_3674915.flac,spoof,test,clean,LA,LA_0097,A06,spoof,"[80, 400]"
data/features/mfcc/test/LA_test_LA_T_3674915.npy,mfcc,data/raw/LA/LA/ASVspoof2019_LA_train/flac/LA_T_3674915.flac,data/subset_raw/LA_test_LA_T_3674915.flac,spoof,test,clean,LA,LA_0097,A06,spoof,"[20, 400]"
data/features/logmel/test/LA_test_LA_T_9492498.npy,logmel,data/raw/LA/LA/ASVspoof2019_LA_train/flac/LA_T_9492498.flac,data/subset_raw/LA_test_LA_T_9492498.flac,spoof,test,clean,LA,LA_0093,A03,spoof,"[80, 400]"
data/features/mfcc/test/LA_test_LA_T_9492498.npy,mfcc,data/raw/LA/LA/ASVspoof2019_LA_train/flac/LA_T_9492498.flac,data/subset_raw/LA_test_LA_T_9492498.flac,spoof,test,clean,LA,LA_0093,A03,spoof,"[20, 400]"
data/features/logmel/val/LA_val_LA_T_9274561.npy,logmel,data/raw/LA/LA/ASVspoof2019_LA_train/flac/LA_T_9274561.flac,data/subset_raw/LA_val_LA_T_9274561.flac,spoof,val,clean,LA,LA_0089,A03,spoof,"[80, 400]"
data/features/mfcc/val/LA_val_LA_T_9274561.npy,mfcc,data/raw/LA/LA/ASVspoof2019_LA_train/flac/LA_T_9274561.flac,data/subset_raw/LA_val_LA_T_9274561.flac,spoof,val,clean,LA,LA_0089,A03,spoof,"[20, 400]"
data/features/logmel/train/LA_train_LA_T_6785696.npy,logmel,data/raw/LA/LA/ASVspoof2019_LA_train/flac/LA_T_6785696.flac,data/subset_raw/LA_train_LA_T_6785696.flac,spoof,train,clean,LA,LA_0087,A03,spoof,"[80, 400]"
data/features/mfcc/train/LA_train_LA_T_6785696.npy,mfcc,data/raw/LA/LA/ASVspoof2019_LA_train/flac/LA_T_6785696.flac,data/subset_raw/LA_train_LA_T_6785696.flac,spoof,train,clean,LA,LA_0087,A03,spoof,"[20, 400]"
data/features/logmel/val/LA_val_LA_T_9529562.npy,logmel,data/raw/LA/LA/ASVspoof2019_LA_train/flac/LA_T_9529562.flac,data/subset_raw/LA_val_LA_T_9529562.flac,spoof,val,clean,LA,LA_0082,A02,spoof,"[80, 400]"
data/features/mfcc/val/LA_val_LA_T_9529562.npy,mfcc,data/raw/LA/LA/ASVspoof2019_LA_train/flac/LA_T_9529562.flac,data/subset_raw/LA_val_LA_T_9529562.flac,spoof,val,clean,LA,LA_0082,A02,spoof,"[20, 400]"
data/features/logmel/train/LA_train_LA_T_1076210.npy,logmel,data/raw/LA/LA/ASVspoof2019_LA_train/flac/LA_T_1076210.flac,data/subset_raw/LA_train_LA_T_1076210.flac,spoof,train,clean,LA,LA_0094,A01,spoof,"[80, 400]"
data/features/mfcc/train/LA_train_LA_T_1076210.npy,mfcc,data/raw/LA/LA/ASVspoof2019_LA_train/flac/LA_T_1076210.flac,data/subset_raw/LA_train_LA_T_1076210.flac,spoof,train,clean,LA,LA_0094,A01,spoof,"[20, 400]"
data/features/logmel/test/LA_test_LA_T_5333693.npy,logmel,data/raw/LA/LA/ASVspoof2019_LA_train/flac/LA_T_5333693.flac,data/subset_raw/LA_test_LA_T_5333693.flac,spoof,test,clean,LA,LA_0097,A05,spoof,"[80, 400]"
data/features/mfcc/test/LA_test_LA_T_5333693.npy,mfcc,data/raw/LA/LA/ASVspoof2019_LA_train/flac/LA_T_5333693.flac,data/subset_raw/LA_test_LA_T_5333693.flac,spoof,test,clean,LA,LA_0097,A05,spoof,"[20, 400]"
data/features/logmel/val/LA_val_LA_T_6904969.npy,logmel,data/raw/LA/LA/ASVspoof2019_LA_train/flac/LA_T_6904969.flac,data/subset_raw/LA_val_LA_T_6904969.flac,spoof,val,clean,LA,LA_0082,A01,spoof,"[80, 400]"
data/features/mfcc/val/LA_val_LA_T_6904969.npy,mfcc,data/raw/LA/LA/ASVspoof2019_LA_train/flac/LA_T_6904969.flac,data/subset_raw/LA_val_LA_T_6904969.flac,spoof,val,clean,LA,LA_0082,A01,spoof,"[20, 400]"
data/features/logmel/train/LA_train_LA_T_8287825.npy,logmel,data/raw/LA/LA/ASVspoof2019_LA_train/flac/LA_T_8287825.flac,data/subset_raw/LA_train_LA_T_8287825.flac,spoof,train,clean,LA,LA_0079,A03,spoof,"[80, 400]"
data/features/mfcc/train/LA_train_LA_T_8287825.npy,mfcc,data/raw/LA/LA/ASVspoof2019_LA_train/flac/LA_T_8287825.flac,data/subset_raw/LA_train_LA_T_8287825.flac,spoof,train,clean,LA,LA_0079,A03,spoof,"[20, 400]"
data/features/logmel/train/LA_train_LA_T_2445227.npy,logmel,data/raw/LA/LA/ASVspoof2019_LA_train/flac/LA_T_2445227.flac,data/subset_raw/LA_train_LA_T_2445227.flac,spoof,train,clean,LA,LA_0090,A03,spoof,"[80, 400]"
data/features/mfcc/train/LA_train_LA_T_2445227.npy,mfcc,data/raw/LA/LA/ASVspoof2019_LA_train/flac/LA_T_2445227.flac,data/subset_raw/LA_train_LA_T_2445227.flac,spoof,train,clean,LA,LA_0090,A03,spoof,"[20, 400]"
data/features/logmel/train/LA_train_LA_T_9499930.npy,logmel,data/raw/LA/LA/ASVspoof2019_LA_train/flac/LA_T_9499930.flac,data/subset_raw/LA_train_LA_T_9499930.flac,spoof,train,clean,LA,LA_0092,A05,spoof,"[80, 400]"
data/features/mfcc/train/LA_train_LA_T_9499930.npy,mfcc,data/raw/LA/LA/ASVspoof2019_LA_train/flac/LA_T_9499930.flac,data/subset_raw/LA_train_LA_T_9499930.flac,spoof,train,clean,LA,LA_0092,A05,spoof,"[20, 400]"
data/features/logmel/val/LA_val_LA_T_6838646.npy,logmel,data/raw/LA/LA/ASVspoof2019_LA_train/flac/LA_T_6838646.flac,data/subset_raw/LA_val_LA_T_6838646.flac,spoof,val,clean,LA,LA_0089,A03,spoof,"[80, 400]"
data/features/mfcc/val/LA_val_LA_T_6838646.npy,mfcc,data/raw/LA/LA/ASVspoof2019_LA_train/flac/LA_T_6838646.flac,data/subset_raw/LA_val_LA_T_6838646.flac,spoof,val,clean,LA,LA_0089,A03,spoof,"[20, 400]"
data/features/logmel/train/LA_train_LA_T_9683366.npy,logmel,data/raw/LA/LA/ASVspoof2019_LA_train/flac/LA_T_9683366.flac,data/subset_raw/LA_train_LA_T_9683366.flac,spoof,train,clean,LA,LA_0080,A04,spoof,"[80, 400]"
data/features/mfcc/train/LA_train_LA_T_9683366.npy,mfcc,data/raw/LA/LA/ASVspoof2019_LA_train/flac/LA_T_9683366.flac,data/subset_raw/LA_train_LA_T_9683366.flac,spoof,train,clean,LA,LA_0080,A04,spoof,"[20, 400]"
data/features/logmel/test/LA_test_LA_T_2789947.npy,logmel,data/raw/LA/LA/ASVspoof2019_LA_train/flac/LA_T_2789947.flac,data/subset_raw/LA_test_LA_T_2789947.flac,spoof,test,clean,LA,LA_0097,A05,spoof,"[80, 400]"
data/features/mfcc/test/LA_test_LA_T_2789947.npy,mfcc,data/raw/LA/LA/ASVspoof2019_LA_train/flac/LA_T_2789947.flac,data/subset_raw/LA_test_LA_T_2789947.flac,spoof,test,clean,LA,LA_0097,A05,spoof,"[20, 400]"
data/features/logmel/train/LA_train_LA_T_4307188.npy,logmel,data/raw/LA/LA/ASVspoof2019_LA_train/flac/LA_T_4307188.flac,data/subset_raw/LA_train_LA_T_4307188.flac,spoof,train,clean,LA,LA_0085,A05,spoof,"[80, 400]"
data/features/mfcc/train/LA_train_LA_T_4307188.npy,mfcc,data/raw/LA/LA/ASVspoof2019_LA_train/flac/LA_T_4307188.flac,data/subset_raw/LA_train_LA_T_4307188.flac,spoof,train,clean,LA,LA_0085,A05,spoof,"[20, 400]"
data/features/logmel/train/LA_train_LA_T_7136815.npy,logmel,data/raw/LA/LA/ASVspoof2019_LA_train/flac/LA_T_7136815.flac,data/subset_raw/LA_train_LA_T_7136815.flac,spoof,train,clean,LA,LA_0085,A06,spoof,"[80, 400]"
data/features/mfcc/train/LA_train_LA_T_7136815.npy,mfcc,data/raw/LA/LA/ASVspoof2019_LA_train/flac/LA_T_7136815.flac,data/subset_raw/LA_train_LA_T_7136815.flac,spoof,train,clean,LA,LA_0085,A06,spoof,"[20, 400]"
data/features/logmel/train/LA_train_LA_T_6174387.npy,logmel,data/raw/LA/LA/ASVspoof2019_LA_train/flac/LA_T_6174387.flac,data/subset_raw/LA_train_LA_T_6174387.flac,spoof,train,clean,LA,LA_0096,A01,spoof,"[80, 400]"
data/features/mfcc/train/LA_train_LA_T_6174387.npy,mfcc,data/raw/LA/LA/ASVspoof2019_LA_train/flac/LA_T_6174387.flac,data/subset_raw/LA_train_LA_T_6174387.flac,spoof,train,clean,LA,LA_0096,A01,spoof,"[20, 400]"
data/features/logmel/train/LA_train_LA_T_9347890.npy,logmel,data/raw/LA/LA/ASVspoof2019_LA_train/flac/LA_T_9347890.flac,data/subset_raw/LA_train_LA_T_9347890.flac,spoof,train,clean,LA,LA_0083,A04,spoof,"[80, 400]"
data/features/mfcc/train/LA_train_LA_T_9347890.npy,mfcc,data/raw/LA/LA/ASVspoof2019_LA_train/flac/LA_T_9347890.flac,data/subset_raw/LA_train_LA_T_9347890.flac,spoof,train,clean,LA,LA_0083,A04,spoof,"[20, 400]"
data/features/logmel/train/LA_train_LA_T_9683231.npy,logmel,data/raw/LA/LA/ASVspoof2019_LA_train/flac/LA_T_9683231.flac,data/subset_raw/LA_train_LA_T_9683231.flac,spoof,train,clean,LA,LA_0081,A02,spoof,"[80, 400]"
data/features/mfcc/train/LA_train_LA_T_9683231.npy,mfcc,data/raw/LA/LA/ASVspoof2019_LA_train/flac/LA_T_9683231.flac,data/subset_raw/LA_train_LA_T_9683231.flac,spoof,train,clean,LA,LA_0081,A02,spoof,"[20, 400]"
data/features/logmel/train/LA_train_LA_T_7670531.npy,logmel,data/raw/LA/LA/ASVspoof2019_LA_train/flac/LA_T_7670531.flac,data/subset_raw/LA_train_LA_T_7670531.flac,spoof,train,clean,LA,LA_0084,A01,spoof,"[80, 400]"
data/features/mfcc/train/LA_train_LA_T_7670531.npy,mfcc,data/raw/LA/LA/ASVspoof2019_LA_train/flac/LA_T_7670531.flac,data/subset_raw/LA_train_LA_T_7670531.flac,spoof,train,clean,LA,LA_0084,A01,spoof,"[20, 400]"
data/features/logmel/train/LA_train_LA_T_4207818.npy,logmel,data/raw/LA/LA/ASVspoof2019_LA_train/flac/LA_T_4207818.flac,data/subset_raw/LA_train_LA_T_4207818.flac,spoof,train,clean,LA,LA_0081,A01,spoof,"[80, 400]"
data/features/mfcc/train/LA_train_LA_T_4207818.npy,mfcc,data/raw/LA/LA/ASVspoof2019_LA_train/flac/LA_T_4207818.flac,data/subset_raw/LA_train_LA_T_4207818.flac,spoof,train,clean,LA,LA_0081,A01,spoof,"[20, 400]"
data/features/logmel/val/LA_val_LA_T_3813986.npy,logmel,data/raw/LA/LA/ASVspoof2019_LA_train/flac/LA_T_3813986.flac,data/subset_raw/LA_val_LA_T_3813986.flac,spoof,val,clean,LA,LA_0089,A05,spoof,"[80, 400]"
data/features/mfcc/val/LA_val_LA_T_3813986.npy,mfcc,data/raw/LA/LA/ASVspoof2019_LA_train/flac/LA_T_3813986.flac,data/subset_raw/LA_val_LA_T_3813986.flac,spoof,val,clean,LA,LA_0089,A05,spoof,"[20, 400]"
data/features/logmel/train/LA_train_LA_T_2237022.npy,logmel,data/raw/LA/LA/ASVspoof2019_LA_train/flac/LA_T_2237022.flac,data/subset_raw/LA_train_LA_T_2237022.flac,spoof,train,clean,LA,LA_0098,A01,spoof,"[80, 400]"
data/features/mfcc/train/LA_train_LA_T_2237022.npy,mfcc,data/raw/LA/LA/ASVspoof2019_LA_train/flac/LA_T_2237022.flac,data/subset_raw/LA_train_LA_T_2237022.flac,spoof,train,clean,LA,LA_0098,A01,spoof,"[20, 400]"
data/features/logmel/train/LA_train_LA_T_5105792.npy,logmel,data/raw/LA/LA/ASVspoof2019_LA_train/flac/LA_T_5105792.flac,data/subset_raw/LA_train_LA_T_5105792.flac,spoof,train,clean,LA,LA_0091,A02,spoof,"[80, 400]"
data/features/mfcc/train/LA_train_LA_T_5105792.npy,mfcc,data/raw/LA/LA/ASVspoof2019_LA_train/flac/LA_T_5105792.flac,data/subset_raw/LA_train_LA_T_5105792.flac,spoof,train,clean,LA,LA_0091,A02,spoof,"[20, 400]"
data/features/logmel/train/LA_train_LA_T_1054206.npy,logmel,data/raw/LA/LA/ASVspoof2019_LA_train/flac/LA_T_1054206.flac,data/subset_raw/LA_train_LA_T_1054206.flac,spoof,train,clean,LA,LA_0092,A06,spoof,"[80, 400]"
data/features/mfcc/train/LA_train_LA_T_1054206.npy,mfcc,data/raw/LA/LA/ASVspoof2019_LA_train/flac/LA_T_1054206.flac,data/subset_raw/LA_train_LA_T_1054206.flac,spoof,train,clean,LA,LA_0092,A06,spoof,"[20, 400]"
data/features/logmel/train/LA_train_LA_T_8811619.npy,logmel,data/raw/LA/LA/ASVspoof2019_LA_train/flac/LA_T_8811619.flac,data/subset_raw/LA_train_LA_T_8811619.flac,spoof,train,clean,LA,LA_0096,A01,spoof,"[80, 400]"
data/features/mfcc/train/LA_train_LA_T_8811619.npy,mfcc,data/raw/LA/LA/ASVspoof2019_LA_train/flac/LA_T_8811619.flac,data/subset_raw/LA_train_LA_T_8811619.flac,spoof,train,clean,LA,LA_0096,A01,spoof,"[20, 400]"
data/features/logmel/train/LA_train_LA_T_8966163.npy,logmel,data/raw/LA/LA/ASVspoof2019_LA_train/flac/LA_T_8966163.flac,data/subset_raw/LA_train_LA_T_8966163.flac,spoof,train,clean,LA,LA_0085,A03,spoof,"[80, 400]"
data/features/mfcc/train/LA_train_LA_T_8966163.npy,mfcc,data/raw/LA/LA/ASVspoof2019_LA_train/flac/LA_T_8966163.flac,data/subset_raw/LA_train_LA_T_8966163.flac,spoof,train,clean,LA,LA_0085,A03,spoof,"[20, 400]"
data/features/logmel/train/LA_train_LA_T_5718643.npy,logmel,data/raw/LA/LA/ASVspoof2019_LA_train/flac/LA_T_5718643.flac,data/subset_raw/LA_train_LA_T_5718643.flac,spoof,train,clean,LA,LA_0083,A02,spoof,"[80, 400]"
data/features/mfcc/train/LA_train_LA_T_5718643.npy,mfcc,data/raw/LA/LA/ASVspoof2019_LA_train/flac/LA_T_5718643.flac,data/subset_raw/LA_train_LA_T_5718643.flac,spoof,train,clean,LA,LA_0083,A02,spoof,"[20, 400]"
data/features/logmel/train/LA_train_LA_T_7814998.npy,logmel,data/raw/LA/LA/ASVspoof2019_LA_train/flac/LA_T_7814998.flac,data/subset_raw/LA_train_LA_T_7814998.flac,spoof,train,clean,LA,LA_0096,A04,spoof,"[80, 400]"
data/features/mfcc/train/LA_train_LA_T_7814998.npy,mfcc,data/raw/LA/LA/ASVspoof2019_LA_train/flac/LA_T_7814998.flac,data/subset_raw/LA_train_LA_T_7814998.flac,spoof,train,clean,LA,LA_0096,A04,spoof,"[20, 400]"
data/features/logmel/train/LA_train_LA_T_8126617.npy,logmel,data/raw/LA/LA/ASVspoof2019_LA_train/flac/LA_T_8126617.flac,data/subset_raw/LA_train_LA_T_8126617.flac,spoof,train,clean,LA,LA_0091,A03,spoof,"[80, 400]"
data/features/mfcc/train/LA_train_LA_T_8126617.npy,mfcc,data/raw/LA/LA/ASVspoof2019_LA_train/flac/LA_T_8126617.flac,data/subset_raw/LA_train_LA_T_8126617.flac,spoof,train,clean,LA,LA_0091,A03,spoof,"[20, 400]"
data/features/logmel/train/LA_train_LA_T_4608788.npy,logmel,data/raw/LA/LA/ASVspoof2019_LA_train/flac/LA_T_4608788.flac,data/subset_raw/LA_train_LA_T_4608788.flac,spoof,train,clean,LA,LA_0095,A02,spoof,"[80, 400]"
data/features/mfcc/train/LA_train_LA_T_4608788.npy,mfcc,data/raw/LA/LA/ASVspoof2019_LA_train/flac/LA_T_4608788.flac,data/subset_raw/LA_train_LA_T_4608788.flac,spoof,train,clean,LA,LA_0095,A02,spoof,"[20, 400]"
data/features/logmel/train/LA_train_LA_T_7081724.npy,logmel,data/raw/LA/LA/ASVspoof2019_LA_train/flac/LA_T_7081724.flac,data/subset_raw/LA_train_LA_T_7081724.flac,spoof,train,clean,LA,LA_0084,A05,spoof,"[80, 400]"
data/features/mfcc/train/LA_train_LA_T_7081724.npy,mfcc,data/raw/LA/LA/ASVspoof2019_LA_train/flac/LA_T_7081724.flac,data/subset_raw/LA_train_LA_T_7081724.flac,spoof,train,clean,LA,LA_0084,A05,spoof,"[20, 400]"
data/features/logmel/test/LA_test_LA_T_7623077.npy,logmel,data/raw/LA/LA/ASVspoof2019_LA_train/flac/LA_T_7623077.flac,data/subset_raw/LA_test_LA_T_7623077.flac,spoof,test,clean,LA,LA_0097,A05,spoof,"[80, 400]"
data/features/mfcc/test/LA_test_LA_T_7623077.npy,mfcc,data/raw/LA/LA/ASVspoof2019_LA_train/flac/LA_T_7623077.flac,data/subset_raw/LA_test_LA_T_7623077.flac,spoof,test,clean,LA,LA_0097,A05,spoof,"[20, 400]"
data/features/logmel/train/LA_train_LA_T_8574954.npy,logmel,data/raw/LA/LA/ASVspoof2019_LA_train/flac/LA_T_8574954.flac,data/subset_raw/LA_train_LA_T_8574954.flac,spoof,train,clean,LA,LA_0085,A02,spoof,"[80, 400]"
data/features/mfcc/train/LA_train_LA_T_8574954.npy,mfcc,data/raw/LA/LA/ASVspoof2019_LA_train/flac/LA_T_8574954.flac,data/subset_raw/LA_train_LA_T_8574954.flac,spoof,train,clean,LA,LA_0085,A02,spoof,"[20, 400]"
data/features/logmel/test/LA_test_LA_T_2233012.npy,logmel,data/raw/LA/LA/ASVspoof2019_LA_train/flac/LA_T_2233012.flac,data/subset_raw/LA_test_LA_T_2233012.flac,spoof,test,clean,LA,LA_0086,A06,spoof,"[80, 400]"
data/features/mfcc/test/LA_test_LA_T_2233012.npy,mfcc,data/raw/LA/LA/ASVspoof2019_LA_train/flac/LA_T_2233012.flac,data/subset_raw/LA_test_LA_T_2233012.flac,spoof,test,clean,LA,LA_0086,A06,spoof,"[20, 400]"
data/features/logmel/train/LA_train_LA_T_6510676.npy,logmel,data/raw/LA/LA/ASVspoof2019_LA_train/flac/LA_T_6510676.flac,data/subset_raw/LA_train_LA_T_6510676.flac,spoof,train,clean,LA,LA_0090,A05,spoof,"[80, 400]"
data/features/mfcc/train/LA_train_LA_T_6510676.npy,mfcc,data/raw/LA/LA/ASVspoof2019_LA_train/flac/LA_T_6510676.flac,data/subset_raw/LA_train_LA_T_6510676.flac,spoof,train,clean,LA,LA_0090,A05,spoof,"[20, 400]"
data/features/logmel/test/LA_test_LA_T_6962997.npy,logmel,data/raw/LA/LA/ASVspoof2019_LA_train/flac/LA_T_6962997.flac,data/subset_raw/LA_test_LA_T_6962997.flac,spoof,test,clean,LA,LA_0097,A04,spoof,"[80, 400]"
data/features/mfcc/test/LA_test_LA_T_6962997.npy,mfcc,data/raw/LA/LA/ASVspoof2019_LA_train/flac/LA_T_6962997.flac,data/subset_raw/LA_test_LA_T_6962997.flac,spoof,test,clean,LA,LA_0097,A04,spoof,"[20, 400]"
data/features/logmel/train/LA_train_LA_T_4973732.npy,logmel,data/raw/LA/LA/ASVspoof2019_LA_train/flac/LA_T_4973732.flac,data/subset_raw/LA_train_LA_T_4973732.flac,spoof,train,clean,LA,LA_0081,A01,spoof,"[80, 400]"
data/features/mfcc/train/LA_train_LA_T_4973732.npy,mfcc,data/raw/LA/LA/ASVspoof2019_LA_train/flac/LA_T_4973732.flac,data/subset_raw/LA_train_LA_T_4973732.flac,spoof,train,clean,LA,LA_0081,A01,spoof,"[20, 400]"
data/features/logmel/train/LA_train_LA_T_9860705.npy,logmel,data/raw/LA/LA/ASVspoof2019_LA_train/flac/LA_T_9860705.flac,data/subset_raw/LA_train_LA_T_9860705.flac,spoof,train,clean,LA,LA_0095,A01,spoof,"[80, 400]"
data/features/mfcc/train/LA_train_LA_T_9860705.npy,mfcc,data/raw/LA/LA/ASVspoof2019_LA_train/flac/LA_T_9860705.flac,data/subset_raw/LA_train_LA_T_9860705.flac,spoof,train,clean,LA,LA_0095,A01,spoof,"[20, 400]"
data/features/logmel/train/LA_train_LA_T_5882239.npy,logmel,data/raw/LA/LA/ASVspoof2019_LA_train/flac/LA_T_5882239.flac,data/subset_raw/LA_train_LA_T_5882239.flac,spoof,train,clean,LA,LA_0087,A02,spoof,"[80, 400]"
data/features/mfcc/train/LA_train_LA_T_5882239.npy,mfcc,data/raw/LA/LA/ASVspoof2019_LA_train/flac/LA_T_5882239.flac,data/subset_raw/LA_train_LA_T_5882239.flac,spoof,train,clean,LA,LA_0087,A02,spoof,"[20, 400]"
data/features/logmel/train/LA_train_LA_T_4583580.npy,logmel,data/raw/LA/LA/ASVspoof2019_LA_train/flac/LA_T_4583580.flac,data/subset_raw/LA_train_LA_T_4583580.flac,spoof,train,clean,LA,LA_0098,A03,spoof,"[80, 400]"
data/features/mfcc/train/LA_train_LA_T_4583580.npy,mfcc,data/raw/LA/LA/ASVspoof2019_LA_train/flac/LA_T_4583580.flac,data/subset_raw/LA_train_LA_T_4583580.flac,spoof,train,clean,LA,LA_0098,A03,spoof,"[20, 400]"
data/features/logmel/test/LA_test_LA_T_5770156.npy,logmel,data/raw/LA/LA/ASVspoof2019_LA_train/flac/LA_T_5770156.flac,data/subset_raw/LA_test_LA_T_5770156.flac,spoof,test,clean,LA,LA_0097,A01,spoof,"[80, 400]"
data/features/mfcc/test/LA_test_LA_T_5770156.npy,mfcc,data/raw/LA/LA/ASVspoof2019_LA_train/flac/LA_T_5770156.flac,data/subset_raw/LA_test_LA_T_5770156.flac,spoof,test,clean,LA,LA_0097,A01,spoof,"[20, 400]"
data/features/logmel/train/LA_train_LA_T_3339466.npy,logmel,data/raw/LA/LA/ASVspoof2019_LA_train/flac/LA_T_3339466.flac,data/subset_raw/LA_train_LA_T_3339466.flac,spoof,train,clean,LA,LA_0091,A05,spoof,"[80, 400]"
data/features/mfcc/train/LA_train_LA_T_3339466.npy,mfcc,data/raw/LA/LA/ASVspoof2019_LA_train/flac/LA_T_3339466.flac,data/subset_raw/LA_train_LA_T_3339466.flac,spoof,train,clean,LA,LA_0091,A05,spoof,"[20, 400]"
data/features/logmel/train/LA_train_LA_T_4506743.npy,logmel,data/raw/LA/LA/ASVspoof2019_LA_train/flac/LA_T_4506743.flac,data/subset_raw/LA_train_LA_T_4506743.flac,spoof,train,clean,LA,LA_0081,A04,spoof,"[80, 400]"
data/features/mfcc/train/LA_train_LA_T_4506743.npy,mfcc,data/raw/LA/LA/ASVspoof2019_LA_train/flac/LA_T_4506743.flac,data/subset_raw/LA_train_LA_T_4506743.flac,spoof,train,clean,LA,LA_0081,A04,spoof,"[20, 400]"
data/features/logmel/test/LA_test_LA_T_3622175.npy,logmel,data/raw/LA/LA/ASVspoof2019_LA_train/flac/LA_T_3622175.flac,data/subset_raw/LA_test_LA_T_3622175.flac,spoof,test,clean,LA,LA_0097,A01,spoof,"[80, 400]"
data/features/mfcc/test/LA_test_LA_T_3622175.npy,mfcc,data/raw/LA/LA/ASVspoof2019_LA_train/flac/LA_T_3622175.flac,data/subset_raw/LA_test_LA_T_3622175.flac,spoof,test,clean,LA,LA_0097,A01,spoof,"[20, 400]"
data/features/logmel/test/LA_test_LA_T_6796337.npy,logmel,data/raw/LA/LA/ASVspoof2019_LA_train/flac/LA_T_6796337.flac,data/subset_raw/LA_test_LA_T_6796337.flac,spoof,test,clean,LA,LA_0097,A03,spoof,"[80, 400]"
data/features/mfcc/test/LA_test_LA_T_6796337.npy,mfcc,data/raw/LA/LA/ASVspoof2019_LA_train/flac/LA_T_6796337.flac,data/subset_raw/LA_test_LA_T_6796337.flac,spoof,test,clean,LA,LA_0097,A03,spoof,"[20, 400]"
data/features/logmel/train/LA_train_LA_T_1471299.npy,logmel,data/raw/LA/LA/ASVspoof2019_LA_train/flac/LA_T_1471299.flac,data/subset_raw/LA_train_LA_T_1471299.flac,spoof,train,clean,LA,LA_0094,A02,spoof,"[80, 400]"
data/features/mfcc/train/LA_train_LA_T_1471299.npy,mfcc,data/raw/LA/LA/ASVspoof2019_LA_train/flac/LA_T_1471299.flac,data/subset_raw/LA_train_LA_T_1471299.flac,spoof,train,clean,LA,LA_0094,A02,spoof,"[20, 400]"
data/features/logmel/test/LA_test_LA_T_9858769.npy,logmel,data/raw/LA/LA/ASVspoof2019_LA_train/flac/LA_T_9858769.flac,data/subset_raw/LA_test_LA_T_9858769.flac,spoof,test,clean,LA,LA_0086,A06,spoof,"[80, 400]"
data/features/mfcc/test/LA_test_LA_T_9858769.npy,mfcc,data/raw/LA/LA/ASVspoof2019_LA_train/flac/LA_T_9858769.flac,data/subset_raw/LA_test_LA_T_9858769.flac,spoof,test,clean,LA,LA_0086,A06,spoof,"[20, 400]"
data/features/logmel/train/LA_train_LA_T_7047656.npy,logmel,data/raw/LA/LA/ASVspoof2019_LA_train/flac/LA_T_7047656.flac,data/subset_raw/LA_train_LA_T_7047656.flac,spoof,train,clean,LA,LA_0090,A01,spoof,"[80, 400]"
data/features/mfcc/train/LA_train_LA_T_7047656.npy,mfcc,data/raw/LA/LA/ASVspoof2019_LA_train/flac/LA_T_7047656.flac,data/subset_raw/LA_train_LA_T_7047656.flac,spoof,train,clean,LA,LA_0090,A01,spoof,"[20, 400]"
data/features/logmel/train/LA_train_LA_T_4195301.npy,logmel,data/raw/LA/LA/ASVspoof2019_LA_train/flac/LA_T_4195301.flac,data/subset_raw/LA_train_LA_T_4195301.flac,spoof,train,clean,LA,LA_0084,A02,spoof,"[80, 400]"
data/features/mfcc/train/LA_train_LA_T_4195301.npy,mfcc,data/raw/LA/LA/ASVspoof2019_LA_train/flac/LA_T_4195301.flac,data/subset_raw/LA_train_LA_T_4195301.flac,spoof,train,clean,LA,LA_0084,A02,spoof,"[20, 400]"
data/features/logmel/train/LA_train_LA_T_8588493.npy,logmel,data/raw/LA/LA/ASVspoof2019_LA_train/flac/LA_T_8588493.flac,data/subset_raw/LA_train_LA_T_8588493.flac,spoof,train,clean,LA,LA_0085,A06,spoof,"[80, 400]"
data/features/mfcc/train/LA_train_LA_T_8588493.npy,mfcc,data/raw/LA/LA/ASVspoof2019_LA_train/flac/LA_T_8588493.flac,data/subset_raw/LA_train_LA_T_8588493.flac,spoof,train,clean,LA,LA_0085,A06,spoof,"[20, 400]"
data/features/logmel/train/LA_train_LA_T_5192352.npy,logmel,data/raw/LA/LA/ASVspoof2019_LA_train/flac/LA_T_5192352.flac,data/subset_raw/LA_train_LA_T_5192352.flac,spoof,train,clean,LA,LA_0090,A01,spoof,"[80, 400]"
data/features/mfcc/train/LA_train_LA_T_5192352.npy,mfcc,data/raw/LA/LA/ASVspoof2019_LA_train/flac/LA_T_5192352.flac,data/subset_raw/LA_train_LA_T_5192352.flac,spoof,train,clean,LA,LA_0090,A01,spoof,"[20, 400]"
data/features/logmel/train/LA_train_LA_T_8897417.npy,logmel,data/raw/LA/LA/ASVspoof2019_LA_train/flac/LA_T_8897417.flac,data/subset_raw/LA_train_LA_T_8897417.flac,spoof,train,clean,LA,LA_0087,A02,spoof,"[80, 400]"
data/features/mfcc/train/LA_train_LA_T_8897417.npy,mfcc,data/raw/LA/LA/ASVspoof2019_LA_train/flac/LA_T_8897417.flac,data/subset_raw/LA_train_LA_T_8897417.flac,spoof,train,clean,LA,LA_0087,A02,spoof,"[20, 400]"
data/features/logmel/test/LA_test_LA_T_4769657.npy,logmel,data/raw/LA/LA/ASVspoof2019_LA_train/flac/LA_T_4769657.flac,data/subset_raw/LA_test_LA_T_4769657.flac,spoof,test,clean,LA,LA_0097,A04,spoof,"[80, 400]"
data/features/mfcc/test/LA_test_LA_T_4769657.npy,mfcc,data/raw/LA/LA/ASVspoof2019_LA_train/flac/LA_T_4769657.flac,data/subset_raw/LA_test_LA_T_4769657.flac,spoof,test,clean,LA,LA_0097,A04,spoof,"[20, 400]"
data/features/logmel/train/LA_train_LA_T_8944036.npy,logmel,data/raw/LA/LA/ASVspoof2019_LA_train/flac/LA_T_8944036.flac,data/subset_raw/LA_train_LA_T_8944036.flac,spoof,train,clean,LA,LA_0092,A04,spoof,"[80, 400]"
data/features/mfcc/train/LA_train_LA_T_8944036.npy,mfcc,data/raw/LA/LA/ASVspoof2019_LA_train/flac/LA_T_8944036.flac,data/subset_raw/LA_train_LA_T_8944036.flac,spoof,train,clean,LA,LA_0092,A04,spoof,"[20, 400]"
data/features/logmel/train/LA_train_LA_T_5415449.npy,logmel,data/raw/LA/LA/ASVspoof2019_LA_train/flac/LA_T_5415449.flac,data/subset_raw/LA_train_LA_T_5415449.flac,spoof,train,clean,LA,LA_0095,A04,spoof,"[80, 400]"
data/features/mfcc/train/LA_train_LA_T_5415449.npy,mfcc,data/raw/LA/LA/ASVspoof2019_LA_train/flac/LA_T_5415449.flac,data/subset_raw/LA_train_LA_T_5415449.flac,spoof,train,clean,LA,LA_0095,A04,spoof,"[20, 400]"
data/features/logmel/train/LA_train_LA_T_2084488.npy,logmel,data/raw/LA/LA/ASVspoof2019_LA_train/flac/LA_T_2084488.flac,data/subset_raw/LA_train_LA_T_2084488.flac,spoof,train,clean,LA,LA_0085,A03,spoof,"[80, 400]"
data/features/mfcc/train/LA_train_LA_T_2084488.npy,mfcc,data/raw/LA/LA/ASVspoof2019_LA_train/flac/LA_T_2084488.flac,data/subset_raw/LA_train_LA_T_2084488.flac,spoof,train,clean,LA,LA_0085,A03,spoof,"[20, 400]"
data/features/logmel/test/LA_test_LA_T_2618857.npy,logmel,data/raw/LA/LA/ASVspoof2019_LA_train/flac/LA_T_2618857.flac,data/subset_raw/LA_test_LA_T_2618857.flac,spoof,test,clean,LA,LA_0093,A03,spoof,"[80, 400]"
data/features/mfcc/test/LA_test_LA_T_2618857.npy,mfcc,data/raw/LA/LA/ASVspoof2019_LA_train/flac/LA_T_2618857.flac,data/subset_raw/LA_test_LA_T_2618857.flac,spoof,test,clean,LA,LA_0093,A03,spoof,"[20, 400]"
data/features/logmel/train/LA_train_LA_T_6749249.npy,logmel,data/raw/LA/LA/ASVspoof2019_LA_train/flac/LA_T_6749249.flac,data/subset_raw/LA_train_LA_T_6749249.flac,spoof,train,clean,LA,LA_0084,A06,spoof,"[80, 400]"
data/features/mfcc/train/LA_train_LA_T_6749249.npy,mfcc,data/raw/LA/LA/ASVspoof2019_LA_train/flac/LA_T_6749249.flac,data/subset_raw/LA_train_LA_T_6749249.flac,spoof,train,clean,LA,LA_0084,A06,spoof,"[20, 400]"
data/features/logmel/train/LA_train_LA_T_3652205.npy,logmel,data/raw/LA/LA/ASVspoof2019_LA_train/flac/LA_T_3652205.flac,data/subset_raw/LA_train_LA_T_3652205.flac,spoof,train,clean,LA,LA_0095,A02,spoof,"[80, 400]"
data/features/mfcc/train/LA_train_LA_T_3652205.npy,mfcc,data/raw/LA/LA/ASVspoof2019_LA_train/flac/LA_T_3652205.flac,data/subset_raw/LA_train_LA_T_3652205.flac,spoof,train,clean,LA,LA_0095,A02,spoof,"[20, 400]"
data/features/logmel/train/LA_train_LA_T_2977629.npy,logmel,data/raw/LA/LA/ASVspoof2019_LA_train/flac/LA_T_2977629.flac,data/subset_raw/LA_train_LA_T_2977629.flac,spoof,train,clean,LA,LA_0085,A01,spoof,"[80, 400]"
data/features/mfcc/train/LA_train_LA_T_2977629.npy,mfcc,data/raw/LA/LA/ASVspoof2019_LA_train/flac/LA_T_2977629.flac,data/subset_raw/LA_train_LA_T_2977629.flac,spoof,train,clean,LA,LA_0085,A01,spoof,"[20, 400]"
data/features/logmel/train/LA_train_LA_T_2582329.npy,logmel,data/raw/LA/LA/ASVspoof2019_LA_train/flac/LA_T_2582329.flac,data/subset_raw/LA_train_LA_T_2582329.flac,spoof,train,clean,LA,LA_0084,A04,spoof,"[80, 400]"
data/features/mfcc/train/LA_train_LA_T_2582329.npy,mfcc,data/raw/LA/LA/ASVspoof2019_LA_train/flac/LA_T_2582329.flac,data/subset_raw/LA_train_LA_T_2582329.flac,spoof,train,clean,LA,LA_0084,A04,spoof,"[20, 400]"
data/features/logmel/train/LA_train_LA_T_4880191.npy,logmel,data/raw/LA/LA/ASVspoof2019_LA_train/flac/LA_T_4880191.flac,data/subset_raw/LA_train_LA_T_4880191.flac,spoof,train,clean,LA,LA_0095,A01,spoof,"[80, 400]"
data/features/mfcc/train/LA_train_LA_T_4880191.npy,mfcc,data/raw/LA/LA/ASVspoof2019_LA_train/flac/LA_T_4880191.flac,data/subset_raw/LA_train_LA_T_4880191.flac,spoof,train,clean,LA,LA_0095,A01,spoof,"[20, 400]"
data/features/logmel/train/LA_train_LA_T_9017192.npy,logmel,data/raw/LA/LA/ASVspoof2019_LA_train/flac/LA_T_9017192.flac,data/subset_raw/LA_train_LA_T_9017192.flac,spoof,train,clean,LA,LA_0090,A04,spoof,"[80, 400]"
data/features/mfcc/train/LA_train_LA_T_9017192.npy,mfcc,data/raw/LA/LA/ASVspoof2019_LA_train/flac/LA_T_9017192.flac,data/subset_raw/LA_train_LA_T_9017192.flac,spoof,train,clean,LA,LA_0090,A04,spoof,"[20, 400]"
data/features/logmel/train/LA_train_LA_T_6834916.npy,logmel,data/raw/LA/LA/ASVspoof2019_LA_train/flac/LA_T_6834916.flac,data/subset_raw/LA_train_LA_T_6834916.flac,spoof,train,clean,LA,LA_0088,A01,spoof,"[80, 400]"
data/features/mfcc/train/LA_train_LA_T_6834916.npy,mfcc,data/raw/LA/LA/ASVspoof2019_LA_train/flac/LA_T_6834916.flac,data/subset_raw/LA_train_LA_T_6834916.flac,spoof,train,clean,LA,LA_0088,A01,spoof,"[20, 400]"
data/features/logmel/train/LA_train_LA_T_9754738.npy,logmel,data/raw/LA/LA/ASVspoof2019_LA_train/flac/LA_T_9754738.flac,data/subset_raw/LA_train_LA_T_9754738.flac,spoof,train,clean,LA,LA_0098,A02,spoof,"[80, 400]"
data/features/mfcc/train/LA_train_LA_T_9754738.npy,mfcc,data/raw/LA/LA/ASVspoof2019_LA_train/flac/LA_T_9754738.flac,data/subset_raw/LA_train_LA_T_9754738.flac,spoof,train,clean,LA,LA_0098,A02,spoof,"[20, 400]"
data/features/logmel/train/LA_train_LA_T_2307363.npy,logmel,data/raw/LA/LA/ASVspoof2019_LA_train/flac/LA_T_2307363.flac,data/subset_raw/LA_train_LA_T_2307363.flac,spoof,train,clean,LA,LA_0092,A04,spoof,"[80, 400]"
data/features/mfcc/train/LA_train_LA_T_2307363.npy,mfcc,data/raw/LA/LA/ASVspoof2019_LA_train/flac/LA_T_2307363.flac,data/subset_raw/LA_train_LA_T_2307363.flac,spoof,train,clean,LA,LA_0092,A04,spoof,"[20, 400]"
data/features/logmel/test/LA_test_LA_T_5832521.npy,logmel,data/raw/LA/LA/ASVspoof2019_LA_train/flac/LA_T_5832521.flac,data/subset_raw/LA_test_LA_T_5832521.flac,spoof,test,clean,LA,LA_0093,A01,spoof,"[80, 400]"
data/features/mfcc/test/LA_test_LA_T_5832521.npy,mfcc,data/raw/LA/LA/ASVspoof2019_LA_train/flac/LA_T_5832521.flac,data/subset_raw/LA_test_LA_T_5832521.flac,spoof,test,clean,LA,LA_0093,A01,spoof,"[20, 400]"
data/features/logmel/test/LA_test_LA_T_6051675.npy,logmel,data/raw/LA/LA/ASVspoof2019_LA_train/flac/LA_T_6051675.flac,data/subset_raw/LA_test_LA_T_6051675.flac,spoof,test,clean,LA,LA_0086,A06,spoof,"[80, 400]"
data/features/mfcc/test/LA_test_LA_T_6051675.npy,mfcc,data/raw/LA/LA/ASVspoof2019_LA_train/flac/LA_T_6051675.flac,data/subset_raw/LA_test_LA_T_6051675.flac,spoof,test,clean,LA,LA_0086,A06,spoof,"[20, 400]"
data/features/logmel/train/PA_train_PA_T_0002477.npy,logmel,data/raw/PA/PA/ASVspoof2019_PA_train/flac/PA_T_0002477.flac,data/subset_raw/PA_train_PA_T_0002477.flac,bonafide,train,clean,PA,PA_0086,-,bonafide,"[80, 400]"
data/features/mfcc/train/PA_train_PA_T_0002477.npy,mfcc,data/raw/PA/PA/ASVspoof2019_PA_train/flac/PA_T_0002477.flac,data/subset_raw/PA_train_PA_T_0002477.flac,bonafide,train,clean,PA,PA_0086,-,bonafide,"[20, 400]"
data/features/logmel/train/PA_train_PA_T_0001048.npy,logmel,data/raw/PA/PA/ASVspoof2019_PA_train/flac/PA_T_0001048.flac,data/subset_raw/PA_train_PA_T_0001048.flac,bonafide,train,clean,PA,PA_0083,-,bonafide,"[80, 400]"
data/features/mfcc/train/PA_train_PA_T_0001048.npy,mfcc,data/raw/PA/PA/ASVspoof2019_PA_train/flac/PA_T_0001048.flac,data/subset_raw/PA_train_PA_T_0001048.flac,bonafide,train,clean,PA,PA_0083,-,bonafide,"[20, 400]"
data/features/logmel/train/PA_train_PA_T_0003165.npy,logmel,data/raw/PA/PA/ASVspoof2019_PA_train/flac/PA_T_0003165.flac,data/subset_raw/PA_train_PA_T_0003165.flac,bonafide,train,clean,PA,PA_0095,-,bonafide,"[80, 400]"
data/features/mfcc/train/PA_train_PA_T_0003165.npy,mfcc,data/raw/PA/PA/ASVspoof2019_PA_train/flac/PA_T_0003165.flac,data/subset_raw/PA_train_PA_T_0003165.flac,bonafide,train,clean,PA,PA_0095,-,bonafide,"[20, 400]"
data/features/logmel/train/PA_train_PA_T_0002373.npy,logmel,data/raw/PA/PA/ASVspoof2019_PA_train/flac/PA_T_0002373.flac,data/subset_raw/PA_train_PA_T_0002373.flac,bonafide,train,clean,PA,PA_0096,-,bonafide,"[80, 400]"
data/features/mfcc/train/PA_train_PA_T_0002373.npy,mfcc,data/raw/PA/PA/ASVspoof2019_PA_train/flac/PA_T_0002373.flac,data/subset_raw/PA_train_PA_T_0002373.flac,bonafide,train,clean,PA,PA_0096,-,bonafide,"[20, 400]"
data/features/logmel/train/PA_train_PA_T_0002108.npy,logmel,data/raw/PA/PA/ASVspoof2019_PA_train/flac/PA_T_0002108.flac,data/subset_raw/PA_train_PA_T_0002108.flac,bonafide,train,clean,PA,PA_0089,-,bonafide,"[80, 400]"
data/features/mfcc/train/PA_train_PA_T_0002108.npy,mfcc,data/raw/PA/PA/ASVspoof2019_PA_train/flac/PA_T_0002108.flac,data/subset_raw/PA_train_PA_T_0002108.flac,bonafide,train,clean,PA,PA_0089,-,bonafide,"[20, 400]"
data/features/logmel/train/PA_train_PA_T_0001504.npy,logmel,data/raw/PA/PA/ASVspoof2019_PA_train/flac/PA_T_0001504.flac,data/subset_raw/PA_train_PA_T_0001504.flac,bonafide,train,clean,PA,PA_0089,-,bonafide,"[80, 400]"
data/features/mfcc/train/PA_train_PA_T_0001504.npy,mfcc,data/raw/PA/PA/ASVspoof2019_PA_train/flac/PA_T_0001504.flac,data/subset_raw/PA_train_PA_T_0001504.flac,bonafide,train,clean,PA,PA_0089,-,bonafide,"[20, 400]"
data/features/logmel/train/PA_train_PA_T_0004520.npy,logmel,data/raw/PA/PA/ASVspoof2019_PA_train/flac/PA_T_0004520.flac,data/subset_raw/PA_train_PA_T_0004520.flac,bonafide,train,clean,PA,PA_0090,-,bonafide,"[80, 400]"
data/features/mfcc/train/PA_train_PA_T_0004520.npy,mfcc,data/raw/PA/PA/ASVspoof2019_PA_train/flac/PA_T_0004520.flac,data/subset_raw/PA_train_PA_T_0004520.flac,bonafide,train,clean,PA,PA_0090,-,bonafide,"[20, 400]"
data/features/logmel/train/PA_train_PA_T_0001346.npy,logmel,data/raw/PA/PA/ASVspoof2019_PA_train/flac/PA_T_0001346.flac,data/subset_raw/PA_train_PA_T_0001346.flac,bonafide,train,clean,PA,PA_0093,-,bonafide,"[80, 400]"
data/features/mfcc/train/PA_train_PA_T_0001346.npy,mfcc,data/raw/PA/PA/ASVspoof2019_PA_train/flac/PA_T_0001346.flac,data/subset_raw/PA_train_PA_T_0001346.flac,bonafide,train,clean,PA,PA_0093,-,bonafide,"[20, 400]"
data/features/logmel/val/PA_val_PA_T_0001221.npy,logmel,data/raw/PA/PA/ASVspoof2019_PA_train/flac/PA_T_0001221.flac,data/subset_raw/PA_val_PA_T_0001221.flac,bonafide,val,clean,PA,PA_0081,-,bonafide,"[80, 400]"
data/features/mfcc/val/PA_val_PA_T_0001221.npy,mfcc,data/raw/PA/PA/ASVspoof2019_PA_train/flac/PA_T_0001221.flac,data/subset_raw/PA_val_PA_T_0001221.flac,bonafide,val,clean,PA,PA_0081,-,bonafide,"[20, 400]"
data/features/logmel/val/PA_val_PA_T_0001823.npy,logmel,data/raw/PA/PA/ASVspoof2019_PA_train/flac/PA_T_0001823.flac,data/subset_raw/PA_val_PA_T_0001823.flac,bonafide,val,clean,PA,PA_0081,-,bonafide,"[80, 400]"
data/features/mfcc/val/PA_val_PA_T_0001823.npy,mfcc,data/raw/PA/PA/ASVspoof2019_PA_train/flac/PA_T_0001823.flac,data/subset_raw/PA_val_PA_T_0001823.flac,bonafide,val,clean,PA,PA_0081,-,bonafide,"[20, 400]"
data/features/logmel/train/PA_train_PA_T_0002863.npy,logmel,data/raw/PA/PA/ASVspoof2019_PA_train/flac/PA_T_0002863.flac,data/subset_raw/PA_train_PA_T_0002863.flac,bonafide,train,clean,PA,PA_0085,-,bonafide,"[80, 400]"
data/features/mfcc/train/PA_train_PA_T_0002863.npy,mfcc,data/raw/PA/PA/ASVspoof2019_PA_train/flac/PA_T_0002863.flac,data/subset_raw/PA_train_PA_T_0002863.flac,bonafide,train,clean,PA,PA_0085,-,bonafide,"[20, 400]"
data/features/logmel/train/PA_train_PA_T_0002536.npy,logmel,data/raw/PA/PA/ASVspoof2019_PA_train/flac/PA_T_0002536.flac,data/subset_raw/PA_train_PA_T_0002536.flac,bonafide,train,clean,PA,PA_0092,-,bonafide,"[80, 400]"
data/features/mfcc/train/PA_train_PA_T_0002536.npy,mfcc,data/raw/PA/PA/ASVspoof2019_PA_train/flac/PA_T_0002536.flac,data/subset_raw/PA_train_PA_T_0002536.flac,bonafide,train,clean,PA,PA_0092,-,bonafide,"[20, 400]"
data/features/logmel/val/PA_val_PA_T_0000034.npy,logmel,data/raw/PA/PA/ASVspoof2019_PA_train/flac/PA_T_0000034.flac,data/subset_raw/PA_val_PA_T_0000034.flac,bonafide,val,clean,PA,PA_0082,-,bonafide,"[80, 400]"
data/features/mfcc/val/PA_val_PA_T_0000034.npy,mfcc,data/raw/PA/PA/ASVspoof2019_PA_train/flac/PA_T_0000034.flac,data/subset_raw/PA_val_PA_T_0000034.flac,bonafide,val,clean,PA,PA_0082,-,bonafide,"[20, 400]"
data/features/logmel/train/PA_train_PA_T_0003502.npy,logmel,data/raw/PA/PA/ASVspoof2019_PA_train/flac/PA_T_0003502.flac,data/subset_raw/PA_train_PA_T_0003502.flac,bonafide,train,clean,PA,PA_0089,-,bonafide,"[80, 400]"
data/features/mfcc/train/PA_train_PA_T_0003502.npy,mfcc,data/raw/PA/PA/ASVspoof2019_PA_train/flac/PA_T_0003502.flac,data/subset_raw/PA_train_PA_T_0003502.flac,bonafide,train,clean,PA,PA_0089,-,bonafide,"[20, 400]"
data/features/logmel/test/PA_test_PA_T_0002681.npy,logmel,data/raw/PA/PA/ASVspoof2019_PA_train/flac/PA_T_0002681.flac,data/subset_raw/PA_test_PA_T_0002681.flac,bonafide,test,clean,PA,PA_0087,-,bonafide,"[80, 400]"
data/features/mfcc/test/PA_test_PA_T_0002681.npy,mfcc,data/raw/PA/PA/ASVspoof2019_PA_train/flac/PA_T_0002681.flac,data/subset_raw/PA_test_PA_T_0002681.flac,bonafide,test,clean,PA,PA_0087,-,bonafide,"[20, 400]"
data/features/logmel/test/PA_test_PA_T_0002883.npy,logmel,data/raw/PA/PA/ASVspoof2019_PA_train/flac/PA_T_0002883.flac,data/subset_raw/PA_test_PA_T_0002883.flac,bonafide,test,clean,PA,PA_0087,-,bonafide,"[80, 400]"
data/features/mfcc/test/PA_test_PA_T_0002883.npy,mfcc,data/raw/PA/PA/ASVspoof2019_PA_train/flac/PA_T_0002883.flac,data/subset_raw/PA_test_PA_T_0002883.flac,bonafide,test,clean,PA,PA_0087,-,bonafide,"[20, 400]"
data/features/logmel/train/PA_train_PA_T_0000777.npy,logmel,data/raw/PA/PA/ASVspoof2019_PA_train/flac/PA_T_0000777.flac,data/subset_raw/PA_train_PA_T_0000777.flac,bonafide,train,clean,PA,PA_0096,-,bonafide,"[80, 400]"
data/features/mfcc/train/PA_train_PA_T_0000777.npy,mfcc,data/raw/PA/PA/ASVspoof2019_PA_train/flac/PA_T_0000777.flac,data/subset_raw/PA_train_PA_T_0000777.flac,bonafide,train,clean,PA,PA_0096,-,bonafide,"[20, 400]"
data/features/logmel/train/PA_train_PA_T_0001514.npy,logmel,data/raw/PA/PA/ASVspoof2019_PA_train/flac/PA_T_0001514.flac,data/subset_raw/PA_train_PA_T_0001514.flac,bonafide,train,clean,PA,PA_0090,-,bonafide,"[80, 400]"
data/features/mfcc/train/PA_train_PA_T_0001514.npy,mfcc,data/raw/PA/PA/ASVspoof2019_PA_train/flac/PA_T_0001514.flac,data/subset_raw/PA_train_PA_T_0001514.flac,bonafide,train,clean,PA,PA_0090,-,bonafide,"[20, 400]"
data/features/logmel/val/PA_val_PA_T_0002823.npy,logmel,data/raw/PA/PA/ASVspoof2019_PA_train/flac/PA_T_0002823.flac,data/subset_raw/PA_val_PA_T_0002823.flac,bonafide,val,clean,PA,PA_0081,-,bonafide,"[80, 400]"
data/features/mfcc/val/PA_val_PA_T_0002823.npy,mfcc,data/raw/PA/PA/ASVspoof2019_PA_train/flac/PA_T_0002823.flac,data/subset_raw/PA_val_PA_T_0002823.flac,bonafide,val,clean,PA,PA_0081,-,bonafide,"[20, 400]"
data/features/logmel/train/PA_train_PA_T_0002466.npy,logmel,data/raw/PA/PA/ASVspoof2019_PA_train/flac/PA_T_0002466.flac,data/subset_raw/PA_train_PA_T_0002466.flac,bonafide,train,clean,PA,PA_0085,-,bonafide,"[80, 400]"
data/features/mfcc/train/PA_train_PA_T_0002466.npy,mfcc,data/raw/PA/PA/ASVspoof2019_PA_train/flac/PA_T_0002466.flac,data/subset_raw/PA_train_PA_T_0002466.flac,bonafide,train,clean,PA,PA_0085,-,bonafide,"[20, 400]"
data/features/logmel/train/PA_train_PA_T_0002743.npy,logmel,data/raw/PA/PA/ASVspoof2019_PA_train/flac/PA_T_0002743.flac,data/subset_raw/PA_train_PA_T_0002743.flac,bonafide,train,clean,PA,PA_0093,-,bonafide,"[80, 400]"
data/features/mfcc/train/PA_train_PA_T_0002743.npy,mfcc,data/raw/PA/PA/ASVspoof2019_PA_train/flac/PA_T_0002743.flac,data/subset_raw/PA_train_PA_T_0002743.flac,bonafide,train,clean,PA,PA_0093,-,bonafide,"[20, 400]"
data/features/logmel/train/PA_train_PA_T_0002064.npy,logmel,data/raw/PA/PA/ASVspoof2019_PA_train/flac/PA_T_0002064.flac,data/subset_raw/PA_train_PA_T_0002064.flac,bonafide,train,clean,PA,PA_0085,-,bonafide,"[80, 400]"
data/features/mfcc/train/PA_train_PA_T_0002064.npy,mfcc,data/raw/PA/PA/ASVspoof2019_PA_train/flac/PA_T_0002064.flac,data/subset_raw/PA_train_PA_T_0002064.flac,bonafide,train,clean,PA,PA_0085,-,bonafide,"[20, 400]"
data/features/logmel/train/PA_train_PA_T_0003138.npy,logmel,data/raw/PA/PA/ASVspoof2019_PA_train/flac/PA_T_0003138.flac,data/subset_raw/PA_train_PA_T_0003138.flac,bonafide,train,clean,PA,PA_0092,-,bonafide,"[80, 400]"
data/features/mfcc/train/PA_train_PA_T_0003138.npy,mfcc,data/raw/PA/PA/ASVspoof2019_PA_train/flac/PA_T_0003138.flac,data/subset_raw/PA_train_PA_T_0003138.flac,bonafide,train,clean,PA,PA_0092,-,bonafide,"[20, 400]"
data/features/logmel/test/PA_test_PA_T_0002803.npy,logmel,data/raw/PA/PA/ASVspoof2019_PA_train/flac/PA_T_0002803.flac,data/subset_raw/PA_test_PA_T_0002803.flac,bonafide,test,clean,PA,PA_0079,-,bonafide,"[80, 400]"
data/features/mfcc/test/PA_test_PA_T_0002803.npy,mfcc,data/raw/PA/PA/ASVspoof2019_PA_train/flac/PA_T_0002803.flac,data/subset_raw/PA_test_PA_T_0002803.flac,bonafide,test,clean,PA,PA_0079,-,bonafide,"[20, 400]"
data/features/logmel/train/PA_train_PA_T_0003816.npy,logmel,data/raw/PA/PA/ASVspoof2019_PA_train/flac/PA_T_0003816.flac,data/subset_raw/PA_train_PA_T_0003816.flac,bonafide,train,clean,PA,PA_0080,-,bonafide,"[80, 400]"
data/features/mfcc/train/PA_train_PA_T_0003816.npy,mfcc,data/raw/PA/PA/ASVspoof2019_PA_train/flac/PA_T_0003816.flac,data/subset_raw/PA_train_PA_T_0003816.flac,bonafide,train,clean,PA,PA_0080,-,bonafide,"[20, 400]"
data/features/logmel/train/PA_train_PA_T_0001540.npy,logmel,data/raw/PA/PA/ASVspoof2019_PA_train/flac/PA_T_0001540.flac,data/subset_raw/PA_train_PA_T_0001540.flac,bonafide,train,clean,PA,PA_0092,-,bonafide,"[80, 400]"
data/features/mfcc/train/PA_train_PA_T_0001540.npy,mfcc,data/raw/PA/PA/ASVspoof2019_PA_train/flac/PA_T_0001540.flac,data/subset_raw/PA_train_PA_T_0001540.flac,bonafide,train,clean,PA,PA_0092,-,bonafide,"[20, 400]"
data/features/logmel/test/PA_test_PA_T_0000085.npy,logmel,data/raw/PA/PA/ASVspoof2019_PA_train/flac/PA_T_0000085.flac,data/subset_raw/PA_test_PA_T_0000085.flac,bonafide,test,clean,PA,PA_0087,-,bonafide,"[80, 400]"
data/features/mfcc/test/PA_test_PA_T_0000085.npy,mfcc,data/raw/PA/PA/ASVspoof2019_PA_train/flac/PA_T_0000085.flac,data/subset_raw/PA_test_PA_T_0000085.flac,bonafide,test,clean,PA,PA_0087,-,bonafide,"[20, 400]"
data/features/logmel/test/PA_test_PA_T_0005003.npy,logmel,data/raw/PA/PA/ASVspoof2019_PA_train/flac/PA_T_0005003.flac,data/subset_raw/PA_test_PA_T_0005003.flac,bonafide,test,clean,PA,PA_0079,-,bonafide,"[80, 400]"
data/features/mfcc/test/PA_test_PA_T_0005003.npy,mfcc,data/raw/PA/PA/ASVspoof2019_PA_train/flac/PA_T_0005003.flac,data/subset_raw/PA_test_PA_T_0005003.flac,bonafide,test,clean,PA,PA_0079,-,bonafide,"[20, 400]"
data/features/logmel/train/PA_train_PA_T_0003263.npy,logmel,data/raw/PA/PA/ASVspoof2019_PA_train/flac/PA_T_0003263.flac,data/subset_raw/PA_train_PA_T_0003263.flac,bonafide,train,clean,PA,PA_0085,-,bonafide,"[80, 400]"
data/features/mfcc/train/PA_train_PA_T_0003263.npy,mfcc,data/raw/PA/PA/ASVspoof2019_PA_train/flac/PA_T_0003263.flac,data/subset_raw/PA_train_PA_T_0003263.flac,bonafide,train,clean,PA,PA_0085,-,bonafide,"[20, 400]"
data/features/logmel/train/PA_train_PA_T_0005020.npy,logmel,data/raw/PA/PA/ASVspoof2019_PA_train/flac/PA_T_0005020.flac,data/subset_raw/PA_train_PA_T_0005020.flac,bonafide,train,clean,PA,PA_0080,-,bonafide,"[80, 400]"
data/features/mfcc/train/PA_train_PA_T_0005020.npy,mfcc,data/raw/PA/PA/ASVspoof2019_PA_train/flac/PA_T_0005020.flac,data/subset_raw/PA_train_PA_T_0005020.flac,bonafide,train,clean,PA,PA_0080,-,bonafide,"[20, 400]"
data/features/logmel/test/PA_test_PA_T_0004487.npy,logmel,data/raw/PA/PA/ASVspoof2019_PA_train/flac/PA_T_0004487.flac,data/subset_raw/PA_test_PA_T_0004487.flac,bonafide,test,clean,PA,PA_0087,-,bonafide,"[80, 400]"
data/features/mfcc/test/PA_test_PA_T_0004487.npy,mfcc,data/raw/PA/PA/ASVspoof2019_PA_train/flac/PA_T_0004487.flac,data/subset_raw/PA_test_PA_T_0004487.flac,bonafide,test,clean,PA,PA_0087,-,bonafide,"[20, 400]"
data/features/logmel/train/PA_train_PA_T_0003251.npy,logmel,data/raw/PA/PA/ASVspoof2019_PA_train/flac/PA_T_0003251.flac,data/subset_raw/PA_train_PA_T_0003251.flac,bonafide,train,clean,PA,PA_0084,-,bonafide,"[80, 400]"
data/features/mfcc/train/PA_train_PA_T_0003251.npy,mfcc,data/raw/PA/PA/ASVspoof2019_PA_train/flac/PA_T_0003251.flac,data/subset_raw/PA_train_PA_T_0003251.flac,bonafide,train,clean,PA,PA_0084,-,bonafide,"[20, 400]"
data/features/logmel/train/PA_train_PA_T_0002246.npy,logmel,data/raw/PA/PA/ASVspoof2019_PA_train/flac/PA_T_0002246.flac,data/subset_raw/PA_train_PA_T_0002246.flac,bonafide,train,clean,PA,PA_0083,-,bonafide,"[80, 400]"
data/features/mfcc/train/PA_train_PA_T_0002246.npy,mfcc,data/raw/PA/PA/ASVspoof2019_PA_train/flac/PA_T_0002246.flac,data/subset_raw/PA_train_PA_T_0002246.flac,bonafide,train,clean,PA,PA_0083,-,bonafide,"[20, 400]"
data/features/logmel/train/PA_train_PA_T_0004714.npy,logmel,data/raw/PA/PA/ASVspoof2019_PA_train/flac/PA_T_0004714.flac,data/subset_raw/PA_train_PA_T_0004714.flac,bonafide,train,clean,PA,PA_0090,-,bonafide,"[80, 400]"
data/features/mfcc/train/PA_train_PA_T_0004714.npy,mfcc,data/raw/PA/PA/ASVspoof2019_PA_train/flac/PA_T_0004714.flac,data/subset_raw/PA_train_PA_T_0004714.flac,bonafide,train,clean,PA,PA_0090,-,bonafide,"[20, 400]"
data/features/logmel/train/PA_train_PA_T_0001908.npy,logmel,data/raw/PA/PA/ASVspoof2019_PA_train/flac/PA_T_0001908.flac,data/subset_raw/PA_train_PA_T_0001908.flac,bonafide,train,clean,PA,PA_0089,-,bonafide,"[80, 400]"
data/features/mfcc/train/PA_train_PA_T_0001908.npy,mfcc,data/raw/PA/PA/ASVspoof2019_PA_train/flac/PA_T_0001908.flac,data/subset_raw/PA_train_PA_T_0001908.flac,bonafide,train,clean,PA,PA_0089,-,bonafide,"[20, 400]"
data/features/logmel/train/PA_train_PA_T_0003244.npy,logmel,data/raw/PA/PA/ASVspoof2019_PA_train/flac/PA_T_0003244.flac,data/subset_raw/PA_train_PA_T_0003244.flac,bonafide,train,clean,PA,PA_0083,-,bonafide,"[80, 400]"
data/features/mfcc/train/PA_train_PA_T_0003244.npy,mfcc,data/raw/PA/PA/ASVspoof2019_PA_train/flac/PA_T_0003244.flac,data/subset_raw/PA_train_PA_T_0003244.flac,bonafide,train,clean,PA,PA_0083,-,bonafide,"[20, 400]"
data/features/logmel/val/PA_val_PA_T_0005032.npy,logmel,data/raw/PA/PA/ASVspoof2019_PA_train/flac/PA_T_0005032.flac,data/subset_raw/PA_val_PA_T_0005032.flac,bonafide,val,clean,PA,PA_0082,-,bonafide,"[80, 400]"
data/features/mfcc/val/PA_val_PA_T_0005032.npy,mfcc,data/raw/PA/PA/ASVspoof2019_PA_train/flac/PA_T_0005032.flac,data/subset_raw/PA_val_PA_T_0005032.flac,bonafide,val,clean,PA,PA_0082,-,bonafide,"[20, 400]"
data/features/logmel/train/PA_train_PA_T_0005370.npy,logmel,data/raw/PA/PA/ASVspoof2019_PA_train/flac/PA_T_0005370.flac,data/subset_raw/PA_train_PA_T_0005370.flac,bonafide,train,clean,PA,PA_0095,-,bonafide,"[80, 400]"
data/features/mfcc/train/PA_train_PA_T_0005370.npy,mfcc,data/raw/PA/PA/ASVspoof2019_PA_train/flac/PA_T_0005370.flac,data/subset_raw/PA_train_PA_T_0005370.flac,bonafide,train,clean,PA,PA_0095,-,bonafide,"[20, 400]"
data/features/logmel/train/PA_train_PA_T_0001731.npy,logmel,data/raw/PA/PA/ASVspoof2019_PA_train/flac/PA_T_0001731.flac,data/subset_raw/PA_train_PA_T_0001731.flac,bonafide,train,clean,PA,PA_0092,-,bonafide,"[80, 400]"
data/features/mfcc/train/PA_train_PA_T_0001731.npy,mfcc,data/raw/PA/PA/ASVspoof2019_PA_train/flac/PA_T_0001731.flac,data/subset_raw/PA_train_PA_T_0001731.flac,bonafide,train,clean,PA,PA_0092,-,bonafide,"[20, 400]"
data/features/logmel/test/PA_test_PA_T_0000009.npy,logmel,data/raw/PA/PA/ASVspoof2019_PA_train/flac/PA_T_0000009.flac,data/subset_raw/PA_test_PA_T_0000009.flac,bonafide,test,clean,PA,PA_0079,-,bonafide,"[80, 400]"
data/features/mfcc/test/PA_test_PA_T_0000009.npy,mfcc,data/raw/PA/PA/ASVspoof2019_PA_train/flac/PA_T_0000009.flac,data/subset_raw/PA_test_PA_T_0000009.flac,bonafide,test,clean,PA,PA_0079,-,bonafide,"[20, 400]"
data/features/logmel/train/PA_train_PA_T_0001545.npy,logmel,data/raw/PA/PA/ASVspoof2019_PA_train/flac/PA_T_0001545.flac,data/subset_raw/PA_train_PA_T_0001545.flac,bonafide,train,clean,PA,PA_0093,-,bonafide,"[80, 400]"
data/features/mfcc/train/PA_train_PA_T_0001545.npy,mfcc,data/raw/PA/PA/ASVspoof2019_PA_train/flac/PA_T_0001545.flac,data/subset_raw/PA_train_PA_T_0001545.flac,bonafide,train,clean,PA,PA_0093,-,bonafide,"[20, 400]"
data/features/logmel/train/PA_train_PA_T_0005319.npy,logmel,data/raw/PA/PA/ASVspoof2019_PA_train/flac/PA_T_0005319.flac,data/subset_raw/PA_train_PA_T_0005319.flac,bonafide,train,clean,PA,PA_0090,-,bonafide,"[80, 400]"
data/features/mfcc/train/PA_train_PA_T_0005319.npy,mfcc,data/raw/PA/PA/ASVspoof2019_PA_train/flac/PA_T_0005319.flac,data/subset_raw/PA_train_PA_T_0005319.flac,bonafide,train,clean,PA,PA_0090,-,bonafide,"[20, 400]"
data/features/logmel/train/PA_train_PA_T_0004845.npy,logmel,data/raw/PA/PA/ASVspoof2019_PA_train/flac/PA_T_0004845.flac,data/subset_raw/PA_train_PA_T_0004845.flac,bonafide,train,clean,PA,PA_0083,-,bonafide,"[80, 400]"
data/features/mfcc/train/PA_train_PA_T_0004845.npy,mfcc,data/raw/PA/PA/ASVspoof2019_PA_train/flac/PA_T_0004845.flac,data/subset_raw/PA_train_PA_T_0004845.flac,bonafide,train,clean,PA,PA_0083,-,bonafide,"[20, 400]"
data/features/logmel/train/PA_train_PA_T_0000997.npy,logmel,data/raw/PA/PA/ASVspoof2019_PA_train/flac/PA_T_0000997.flac,data/subset_raw/PA_train_PA_T_0000997.flac,bonafide,train,clean,PA,PA_0098,-,bonafide,"[80, 400]"
data/features/mfcc/train/PA_train_PA_T_0000997.npy,mfcc,data/raw/PA/PA/ASVspoof2019_PA_train/flac/PA_T_0000997.flac,data/subset_raw/PA_train_PA_T_0000997.flac,bonafide,train,clean,PA,PA_0098,-,bonafide,"[20, 400]"
data/features/logmel/train/PA_train_PA_T_0001394.npy,logmel,data/raw/PA/PA/ASVspoof2019_PA_train/flac/PA_T_0001394.flac,data/subset_raw/PA_train_PA_T_0001394.flac,bonafide,train,clean,PA,PA_0098,-,bonafide,"[80, 400]"
data/features/mfcc/train/PA_train_PA_T_0001394.npy,mfcc,data/raw/PA/PA/ASVspoof2019_PA_train/flac/PA_T_0001394.flac,data/subset_raw/PA_train_PA_T_0001394.flac,bonafide,train,clean,PA,PA_0098,-,bonafide,"[20, 400]"
data/features/logmel/train/PA_train_PA_T_0003494.npy,logmel,data/raw/PA/PA/ASVspoof2019_PA_train/flac/PA_T_0003494.flac,data/subset_raw/PA_train_PA_T_0003494.flac,bonafide,train,clean,PA,PA_0088,-,bonafide,"[80, 400]"
data/features/mfcc/train/PA_train_PA_T_0003494.npy,mfcc,data/raw/PA/PA/ASVspoof2019_PA_train/flac/PA_T_0003494.flac,data/subset_raw/PA_train_PA_T_0003494.flac,bonafide,train,clean,PA,PA_0088,-,bonafide,"[20, 400]"
data/features/logmel/test/PA_test_PA_T_0000382.npy,logmel,data/raw/PA/PA/ASVspoof2019_PA_train/flac/PA_T_0000382.flac,data/subset_raw/PA_test_PA_T_0000382.flac,bonafide,test,clean,PA,PA_0097,-,bonafide,"[80, 400]"
data/features/mfcc/test/PA_test_PA_T_0000382.npy,mfcc,data/raw/PA/PA/ASVspoof2019_PA_train/flac/PA_T_0000382.flac,data/subset_raw/PA_test_PA_T_0000382.flac,bonafide,test,clean,PA,PA_0097,-,bonafide,"[20, 400]"
data/features/logmel/test/PA_test_PA_T_0004786.npy,logmel,data/raw/PA/PA/ASVspoof2019_PA_train/flac/PA_T_0004786.flac,data/subset_raw/PA_test_PA_T_0004786.flac,bonafide,test,clean,PA,PA_0097,-,bonafide,"[80, 400]"
data/features/mfcc/test/PA_test_PA_T_0004786.npy,mfcc,data/raw/PA/PA/ASVspoof2019_PA_train/flac/PA_T_0004786.flac,data/subset_raw/PA_test_PA_T_0004786.flac,bonafide,test,clean,PA,PA_0097,-,bonafide,"[20, 400]"
data/features/logmel/train/PA_train_PA_T_0003711.npy,logmel,data/raw/PA/PA/ASVspoof2019_PA_train/flac/PA_T_0003711.flac,data/subset_raw/PA_train_PA_T_0003711.flac,bonafide,train,clean,PA,PA_0090,-,bonafide,"[80, 400]"
data/features/mfcc/train/PA_train_PA_T_0003711.npy,mfcc,data/raw/PA/PA/ASVspoof2019_PA_train/flac/PA_T_0003711.flac,data/subset_raw/PA_train_PA_T_0003711.flac,bonafide,train,clean,PA,PA_0090,-,bonafide,"[20, 400]"
data/features/logmel/val/PA_val_PA_T_0002437.npy,logmel,data/raw/PA/PA/ASVspoof2019_PA_train/flac/PA_T_0002437.flac,data/subset_raw/PA_val_PA_T_0002437.flac,bonafide,val,clean,PA,PA_0082,-,bonafide,"[80, 400]"
data/features/mfcc/val/PA_val_PA_T_0002437.npy,mfcc,data/raw/PA/PA/ASVspoof2019_PA_train/flac/PA_T_0002437.flac,data/subset_raw/PA_val_PA_T_0002437.flac,bonafide,val,clean,PA,PA_0082,-,bonafide,"[20, 400]"
data/features/logmel/train/PA_train_PA_T_0001050.npy,logmel,data/raw/PA/PA/ASVspoof2019_PA_train/flac/PA_T_0001050.flac,data/subset_raw/PA_train_PA_T_0001050.flac,bonafide,train,clean,PA,PA_0083,-,bonafide,"[80, 400]"
data/features/mfcc/train/PA_train_PA_T_0001050.npy,mfcc,data/raw/PA/PA/ASVspoof2019_PA_train/flac/PA_T_0001050.flac,data/subset_raw/PA_train_PA_T_0001050.flac,bonafide,train,clean,PA,PA_0083,-,bonafide,"[20, 400]"
data/features/logmel/test/PA_test_PA_T_0003410.npy,logmel,data/raw/PA/PA/ASVspoof2019_PA_train/flac/PA_T_0003410.flac,data/subset_raw/PA_test_PA_T_0003410.flac,bonafide,test,clean,PA,PA_0079,-,bonafide,"[80, 400]"
data/features/mfcc/test/PA_test_PA_T_0003410.npy,mfcc,data/raw/PA/PA/ASVspoof2019_PA_train/flac/PA_T_0003410.flac,data/subset_raw/PA_test_PA_T_0003410.flac,bonafide,test,clean,PA,PA_0079,-,bonafide,"[20, 400]"
data/features/logmel/train/PA_train_PA_T_0002105.npy,logmel,data/raw/PA/PA/ASVspoof2019_PA_train/flac/PA_T_0002105.flac,data/subset_raw/PA_train_PA_T_0002105.flac,bonafide,train,clean,PA,PA_0089,-,bonafide,"[80, 400]"
data/features/mfcc/train/PA_train_PA_T_0002105.npy,mfcc,data/raw/PA/PA/ASVspoof2019_PA_train/flac/PA_T_0002105.flac,data/subset_raw/PA_train_PA_T_0002105.flac,bonafide,train,clean,PA,PA_0089,-,bonafide,"[20, 400]"
data/features/logmel/test/PA_test_PA_T_0001783.npy,logmel,data/raw/PA/PA/ASVspoof2019_PA_train/flac/PA_T_0001783.flac,data/subset_raw/PA_test_PA_T_0001783.flac,bonafide,test,clean,PA,PA_0097,-,bonafide,"[80, 400]"
data/features/mfcc/test/PA_test_PA_T_0001783.npy,mfcc,data/raw/PA/PA/ASVspoof2019_PA_train/flac/PA_T_0001783.flac,data/subset_raw/PA_test_PA_T_0001783.flac,bonafide,test,clean,PA,PA_0097,-,bonafide,"[20, 400]"
data/features/logmel/val/PA_val_PA_T_0003122.npy,logmel,data/raw/PA/PA/ASVspoof2019_PA_train/flac/PA_T_0003122.flac,data/subset_raw/PA_val_PA_T_0003122.flac,bonafide,val,clean,PA,PA_0091,-,bonafide,"[80, 400]"
data/features/mfcc/val/PA_val_PA_T_0003122.npy,mfcc,data/raw/PA/PA/ASVspoof2019_PA_train/flac/PA_T_0003122.flac,data/subset_raw/PA_val_PA_T_0003122.flac,bonafide,val,clean,PA,PA_0091,-,bonafide,"[20, 400]"
data/features/logmel/train/PA_train_PA_T_0004613.npy,logmel,data/raw/PA/PA/ASVspoof2019_PA_train/flac/PA_T_0004613.flac,data/subset_raw/PA_train_PA_T_0004613.flac,bonafide,train,clean,PA,PA_0080,-,bonafide,"[80, 400]"
data/features/mfcc/train/PA_train_PA_T_0004613.npy,mfcc,data/raw/PA/PA/ASVspoof2019_PA_train/flac/PA_T_0004613.flac,data/subset_raw/PA_train_PA_T_0004613.flac,bonafide,train,clean,PA,PA_0080,-,bonafide,"[20, 400]"
data/features/logmel/train/PA_train_PA_T_0002703.npy,logmel,data/raw/PA/PA/ASVspoof2019_PA_train/flac/PA_T_0002703.flac,data/subset_raw/PA_train_PA_T_0002703.flac,bonafide,train,clean,PA,PA_0089,-,bonafide,"[80, 400]"
data/features/mfcc/train/PA_train_PA_T_0002703.npy,mfcc,data/raw/PA/PA/ASVspoof2019_PA_train/flac/PA_T_0002703.flac,data/subset_raw/PA_train_PA_T_0002703.flac,bonafide,train,clean,PA,PA_0089,-,bonafide,"[20, 400]"
data/features/logmel/test/PA_test_PA_T_0004389.npy,logmel,data/raw/PA/PA/ASVspoof2019_PA_train/flac/PA_T_0004389.flac,data/subset_raw/PA_test_PA_T_0004389.flac,bonafide,test,clean,PA,PA_0097,-,bonafide,"[80, 400]"
data/features/mfcc/test/PA_test_PA_T_0004389.npy,mfcc,data/raw/PA/PA/ASVspoof2019_PA_train/flac/PA_T_0004389.flac,data/subset_raw/PA_test_PA_T_0004389.flac,bonafide,test,clean,PA,PA_0097,-,bonafide,"[20, 400]"
data/features/logmel/train/PA_train_PA_T_0001895.npy,logmel,data/raw/PA/PA/ASVspoof2019_PA_train/flac/PA_T_0001895.flac,data/subset_raw/PA_train_PA_T_0001895.flac,bonafide,train,clean,PA,PA_0088,-,bonafide,"[80, 400]"
data/features/mfcc/train/PA_train_PA_T_0001895.npy,mfcc,data/raw/PA/PA/ASVspoof2019_PA_train/flac/PA_T_0001895.flac,data/subset_raw/PA_train_PA_T_0001895.flac,bonafide,train,clean,PA,PA_0088,-,bonafide,"[20, 400]"
data/features/logmel/train/PA_train_PA_T_0004862.npy,logmel,data/raw/PA/PA/ASVspoof2019_PA_train/flac/PA_T_0004862.flac,data/subset_raw/PA_train_PA_T_0004862.flac,bonafide,train,clean,PA,PA_0085,-,bonafide,"[80, 400]"
data/features/mfcc/train/PA_train_PA_T_0004862.npy,mfcc,data/raw/PA/PA/ASVspoof2019_PA_train/flac/PA_T_0004862.flac,data/subset_raw/PA_train_PA_T_0004862.flac,bonafide,train,clean,PA,PA_0085,-,bonafide,"[20, 400]"
data/features/logmel/train/PA_train_PA_T_0001398.npy,logmel,data/raw/PA/PA/ASVspoof2019_PA_train/flac/PA_T_0001398.flac,data/subset_raw/PA_train_PA_T_0001398.flac,bonafide,train,clean,PA,PA_0098,-,bonafide,"[80, 400]"
data/features/mfcc/train/PA_train_PA_T_0001398.npy,mfcc,data/raw/PA/PA/ASVspoof2019_PA_train/flac/PA_T_0001398.flac,data/subset_raw/PA_train_PA_T_0001398.flac,bonafide,train,clean,PA,PA_0098,-,bonafide,"[20, 400]"
data/features/logmel/train/PA_train_PA_T_0003258.npy,logmel,data/raw/PA/PA/ASVspoof2019_PA_train/flac/PA_T_0003258.flac,data/subset_raw/PA_train_PA_T_0003258.flac,bonafide,train,clean,PA,PA_0084,-,bonafide,"[80, 400]"
data/features/mfcc/train/PA_train_PA_T_0003258.npy,mfcc,data/raw/PA/PA/ASVspoof2019_PA_train/flac/PA_T_0003258.flac,data/subset_raw/PA_train_PA_T_0003258.flac,bonafide,train,clean,PA,PA_0084,-,bonafide,"[20, 400]"
data/features/logmel/train/PA_train_PA_T_0004400.npy,logmel,data/raw/PA/PA/ASVspoof2019_PA_train/flac/PA_T_0004400.flac,data/subset_raw/PA_train_PA_T_0004400.flac,bonafide,train,clean,PA,PA_0098,-,bonafide,"[80, 400]"
data/features/mfcc/train/PA_train_PA_T_0004400.npy,mfcc,data/raw/PA/PA/ASVspoof2019_PA_train/flac/PA_T_0004400.flac,data/subset_raw/PA_train_PA_T_0004400.flac,bonafide,train,clean,PA,PA_0098,-,bonafide,"[20, 400]"
data/features/logmel/train/PA_train_PA_T_0003291.npy,logmel,data/raw/PA/PA/ASVspoof2019_PA_train/flac/PA_T_0003291.flac,data/subset_raw/PA_train_PA_T_0003291.flac,bonafide,train,clean,PA,PA_0088,-,bonafide,"[80, 400]"
data/features/mfcc/train/PA_train_PA_T_0003291.npy,mfcc,data/raw/PA/PA/ASVspoof2019_PA_train/flac/PA_T_0003291.flac,data/subset_raw/PA_train_PA_T_0003291.flac,bonafide,train,clean,PA,PA_0088,-,bonafide,"[20, 400]"
data/features/logmel/train/PA_train_PA_T_0003471.npy,logmel,data/raw/PA/PA/ASVspoof2019_PA_train/flac/PA_T_0003471.flac,data/subset_raw/PA_train_PA_T_0003471.flac,bonafide,train,clean,PA,PA_0086,-,bonafide,"[80, 400]"
data/features/mfcc/train/PA_train_PA_T_0003471.npy,mfcc,data/raw/PA/PA/ASVspoof2019_PA_train/flac/PA_T_0003471.flac,data/subset_raw/PA_train_PA_T_0003471.flac,bonafide,train,clean,PA,PA_0086,-,bonafide,"[20, 400]"
data/features/logmel/train/PA_train_PA_T_0001879.npy,logmel,data/raw/PA/PA/ASVspoof2019_PA_train/flac/PA_T_0001879.flac,data/subset_raw/PA_train_PA_T_0001879.flac,bonafide,train,clean,PA,PA_0086,-,bonafide,"[80, 400]"
data/features/mfcc/train/PA_train_PA_T_0001879.npy,mfcc,data/raw/PA/PA/ASVspoof2019_PA_train/flac/PA_T_0001879.flac,data/subset_raw/PA_train_PA_T_0001879.flac,bonafide,train,clean,PA,PA_0086,-,bonafide,"[20, 400]"
data/features/logmel/train/PA_train_PA_T_0004567.npy,logmel,data/raw/PA/PA/ASVspoof2019_PA_train/flac/PA_T_0004567.flac,data/subset_raw/PA_train_PA_T_0004567.flac,bonafide,train,clean,PA,PA_0095,-,bonafide,"[80, 400]"
data/features/mfcc/train/PA_train_PA_T_0004567.npy,mfcc,data/raw/PA/PA/ASVspoof2019_PA_train/flac/PA_T_0004567.flac,data/subset_raw/PA_train_PA_T_0004567.flac,bonafide,train,clean,PA,PA_0095,-,bonafide,"[20, 400]"
data/features/logmel/train/PA_train_PA_T_0000506.npy,logmel,data/raw/PA/PA/ASVspoof2019_PA_train/flac/PA_T_0000506.flac,data/subset_raw/PA_train_PA_T_0000506.flac,bonafide,train,clean,PA,PA_0089,-,bonafide,"[80, 400]"
data/features/mfcc/train/PA_train_PA_T_0000506.npy,mfcc,data/raw/PA/PA/ASVspoof2019_PA_train/flac/PA_T_0000506.flac,data/subset_raw/PA_train_PA_T_0000506.flac,bonafide,train,clean,PA,PA_0089,-,bonafide,"[20, 400]"
data/features/logmel/val/PA_val_PA_T_0000839.npy,logmel,data/raw/PA/PA/ASVspoof2019_PA_train/flac/PA_T_0000839.flac,data/subset_raw/PA_val_PA_T_0000839.flac,bonafide,val,clean,PA,PA_0082,-,bonafide,"[80, 400]"
data/features/mfcc/val/PA_val_PA_T_0000839.npy,mfcc,data/raw/PA/PA/ASVspoof2019_PA_train/flac/PA_T_0000839.flac,data/subset_raw/PA_val_PA_T_0000839.flac,bonafide,val,clean,PA,PA_0082,-,bonafide,"[20, 400]"
data/features/logmel/train/PA_train_PA_T_0000133.npy,logmel,data/raw/PA/PA/ASVspoof2019_PA_train/flac/PA_T_0000133.flac,data/subset_raw/PA_train_PA_T_0000133.flac,bonafide,train,clean,PA,PA_0092,-,bonafide,"[80, 400]"
data/features/mfcc/train/PA_train_PA_T_0000133.npy,mfcc,data/raw/PA/PA/ASVspoof2019_PA_train/flac/PA_T_0000133.flac,data/subset_raw/PA_train_PA_T_0000133.flac,bonafide,train,clean,PA,PA_0092,-,bonafide,"[20, 400]"
data/features/logmel/train/PA_train_PA_T_0002645.npy,logmel,data/raw/PA/PA/ASVspoof2019_PA_train/flac/PA_T_0002645.flac,data/subset_raw/PA_train_PA_T_0002645.flac,bonafide,train,clean,PA,PA_0083,-,bonafide,"[80, 400]"
data/features/mfcc/train/PA_train_PA_T_0002645.npy,mfcc,data/raw/PA/PA/ASVspoof2019_PA_train/flac/PA_T_0002645.flac,data/subset_raw/PA_train_PA_T_0002645.flac,bonafide,train,clean,PA,PA_0083,-,bonafide,"[20, 400]"
data/features/logmel/test/PA_test_PA_T_0001601.npy,logmel,data/raw/PA/PA/ASVspoof2019_PA_train/flac/PA_T_0001601.flac,data/subset_raw/PA_test_PA_T_0001601.flac,bonafide,test,clean,PA,PA_0079,-,bonafide,"[80, 400]"
data/features/mfcc/test/PA_test_PA_T_0001601.npy,mfcc,data/raw/PA/PA/ASVspoof2019_PA_train/flac/PA_T_0001601.flac,data/subset_raw/PA_test_PA_T_0001601.flac,bonafide,test,clean,PA,PA_0079,-,bonafide,"[20, 400]"
data/features/logmel/train/PA_train_PA_T_0000280.npy,logmel,data/raw/PA/PA/ASVspoof2019_PA_train/flac/PA_T_0000280.flac,data/subset_raw/PA_train_PA_T_0000280.flac,bonafide,train,clean,PA,PA_0086,-,bonafide,"[80, 400]"
data/features/mfcc/train/PA_train_PA_T_0000280.npy,mfcc,data/raw/PA/PA/ASVspoof2019_PA_train/flac/PA_T_0000280.flac,data/subset_raw/PA_train_PA_T_0000280.flac,bonafide,train,clean,PA,PA_0086,-,bonafide,"[20, 400]"
data/features/logmel/train/PA_train_PA_T_0000857.npy,logmel,data/raw/PA/PA/ASVspoof2019_PA_train/flac/PA_T_0000857.flac,data/subset_raw/PA_train_PA_T_0000857.flac,bonafide,train,clean,PA,PA_0084,-,bonafide,"[80, 400]"
data/features/mfcc/train/PA_train_PA_T_0000857.npy,mfcc,data/raw/PA/PA/ASVspoof2019_PA_train/flac/PA_T_0000857.flac,data/subset_raw/PA_train_PA_T_0000857.flac,bonafide,train,clean,PA,PA_0084,-,bonafide,"[20, 400]"
data/features/logmel/train/PA_train_PA_T_0000945.npy,logmel,data/raw/PA/PA/ASVspoof2019_PA_train/flac/PA_T_0000945.flac,data/subset_raw/PA_train_PA_T_0000945.flac,bonafide,train,clean,PA,PA_0093,-,bonafide,"[80, 400]"
data/features/mfcc/train/PA_train_PA_T_0000945.npy,mfcc,data/raw/PA/PA/ASVspoof2019_PA_train/flac/PA_T_0000945.flac,data/subset_raw/PA_train_PA_T_0000945.flac,bonafide,train,clean,PA,PA_0093,-,bonafide,"[20, 400]"
data/features/logmel/train/PA_train_PA_T_0003254.npy,logmel,data/raw/PA/PA/ASVspoof2019_PA_train/flac/PA_T_0003254.flac,data/subset_raw/PA_train_PA_T_0003254.flac,bonafide,train,clean,PA,PA_0084,-,bonafide,"[80, 400]"
data/features/mfcc/train/PA_train_PA_T_0003254.npy,mfcc,data/raw/PA/PA/ASVspoof2019_PA_train/flac/PA_T_0003254.flac,data/subset_raw/PA_train_PA_T_0003254.flac,bonafide,train,clean,PA,PA_0084,-,bonafide,"[20, 400]"
data/features/logmel/test/PA_test_PA_T_0002982.npy,logmel,data/raw/PA/PA/ASVspoof2019_PA_train/flac/PA_T_0002982.flac,data/subset_raw/PA_test_PA_T_0002982.flac,bonafide,test,clean,PA,PA_0097,-,bonafide,"[80, 400]"
data/features/mfcc/test/PA_test_PA_T_0002982.npy,mfcc,data/raw/PA/PA/ASVspoof2019_PA_train/flac/PA_T_0002982.flac,data/subset_raw/PA_test_PA_T_0002982.flac,bonafide,test,clean,PA,PA_0097,-,bonafide,"[20, 400]"
data/features/logmel/train/PA_train_PA_T_0001096.npy,logmel,data/raw/PA/PA/ASVspoof2019_PA_train/flac/PA_T_0001096.flac,data/subset_raw/PA_train_PA_T_0001096.flac,bonafide,train,clean,PA,PA_0088,-,bonafide,"[80, 400]"
data/features/mfcc/train/PA_train_PA_T_0001096.npy,mfcc,data/raw/PA/PA/ASVspoof2019_PA_train/flac/PA_T_0001096.flac,data/subset_raw/PA_train_PA_T_0001096.flac,bonafide,train,clean,PA,PA_0088,-,bonafide,"[20, 400]"
data/features/logmel/train/PA_train_PA_T_0002997.npy,logmel,data/raw/PA/PA/ASVspoof2019_PA_train/flac/PA_T_0002997.flac,data/subset_raw/PA_train_PA_T_0002997.flac,bonafide,train,clean,PA,PA_0098,-,bonafide,"[80, 400]"
data/features/mfcc/train/PA_train_PA_T_0002997.npy,mfcc,data/raw/PA/PA/ASVspoof2019_PA_train/flac/PA_T_0002997.flac,data/subset_raw/PA_train_PA_T_0002997.flac,bonafide,train,clean,PA,PA_0098,-,bonafide,"[20, 400]"
data/features/logmel/train/PA_train_PA_T_0001704.npy,logmel,data/raw/PA/PA/ASVspoof2019_PA_train/flac/PA_T_0001704.flac,data/subset_raw/PA_train_PA_T_0001704.flac,bonafide,train,clean,PA,PA_0089,-,bonafide,"[80, 400]"
data/features/mfcc/train/PA_train_PA_T_0001704.npy,mfcc,data/raw/PA/PA/ASVspoof2019_PA_train/flac/PA_T_0001704.flac,data/subset_raw/PA_train_PA_T_0001704.flac,bonafide,train,clean,PA,PA_0089,-,bonafide,"[20, 400]"
data/features/logmel/train/PA_train_PA_T_0001617.npy,logmel,data/raw/PA/PA/ASVspoof2019_PA_train/flac/PA_T_0001617.flac,data/subset_raw/PA_train_PA_T_0001617.flac,bonafide,train,clean,PA,PA_0080,-,bonafide,"[80, 400]"
data/features/mfcc/train/PA_train_PA_T_0001617.npy,mfcc,data/raw/PA/PA/ASVspoof2019_PA_train/flac/PA_T_0001617.flac,data/subset_raw/PA_train_PA_T_0001617.flac,bonafide,train,clean,PA,PA_0080,-,bonafide,"[20, 400]"
data/features/logmel/train/PA_train_PA_T_0001095.npy,logmel,data/raw/PA/PA/ASVspoof2019_PA_train/flac/PA_T_0001095.flac,data/subset_raw/PA_train_PA_T_0001095.flac,bonafide,train,clean,PA,PA_0088,-,bonafide,"[80, 400]"
data/features/mfcc/train/PA_train_PA_T_0001095.npy,mfcc,data/raw/PA/PA/ASVspoof2019_PA_train/flac/PA_T_0001095.flac,data/subset_raw/PA_train_PA_T_0001095.flac,bonafide,train,clean,PA,PA_0088,-,bonafide,"[20, 400]"
data/features/logmel/train/PA_train_PA_T_0000249.npy,logmel,data/raw/PA/PA/ASVspoof2019_PA_train/flac/PA_T_0000249.flac,data/subset_raw/PA_train_PA_T_0000249.flac,bonafide,train,clean,PA,PA_0083,-,bonafide,"[80, 400]"
data/features/mfcc/train/PA_train_PA_T_0000249.npy,mfcc,data/raw/PA/PA/ASVspoof2019_PA_train/flac/PA_T_0000249.flac,data/subset_raw/PA_train_PA_T_0000249.flac,bonafide,train,clean,PA,PA_0083,-,bonafide,"[20, 400]"
data/features/logmel/train/PA_train_PA_T_0003772.npy,logmel,data/raw/PA/PA/ASVspoof2019_PA_train/flac/PA_T_0003772.flac,data/subset_raw/PA_train_PA_T_0003772.flac,bonafide,train,clean,PA,PA_0096,-,bonafide,"[80, 400]"
data/features/mfcc/train/PA_train_PA_T_0003772.npy,mfcc,data/raw/PA/PA/ASVspoof2019_PA_train/flac/PA_T_0003772.flac,data/subset_raw/PA_train_PA_T_0003772.flac,bonafide,train,clean,PA,PA_0096,-,bonafide,"[20, 400]"
data/features/logmel/train/PA_train_PA_T_0001878.npy,logmel,data/raw/PA/PA/ASVspoof2019_PA_train/flac/PA_T_0001878.flac,data/subset_raw/PA_train_PA_T_0001878.flac,bonafide,train,clean,PA,PA_0086,-,bonafide,"[80, 400]"
data/features/mfcc/train/PA_train_PA_T_0001878.npy,mfcc,data/raw/PA/PA/ASVspoof2019_PA_train/flac/PA_T_0001878.flac,data/subset_raw/PA_train_PA_T_0001878.flac,bonafide,train,clean,PA,PA_0086,-,bonafide,"[20, 400]"
data/features/logmel/train/PA_train_PA_T_0002312.npy,logmel,data/raw/PA/PA/ASVspoof2019_PA_train/flac/PA_T_0002312.flac,data/subset_raw/PA_train_PA_T_0002312.flac,bonafide,train,clean,PA,PA_0090,-,bonafide,"[80, 400]"
data/features/mfcc/train/PA_train_PA_T_0002312.npy,mfcc,data/raw/PA/PA/ASVspoof2019_PA_train/flac/PA_T_0002312.flac,data/subset_raw/PA_train_PA_T_0002312.flac,bonafide,train,clean,PA,PA_0090,-,bonafide,"[20, 400]"
data/features/logmel/train/PA_train_PA_T_0005013.npy,logmel,data/raw/PA/PA/ASVspoof2019_PA_train/flac/PA_T_0005013.flac,data/subset_raw/PA_train_PA_T_0005013.flac,bonafide,train,clean,PA,PA_0080,-,bonafide,"[80, 400]"
data/features/mfcc/train/PA_train_PA_T_0005013.npy,mfcc,data/raw/PA/PA/ASVspoof2019_PA_train/flac/PA_T_0005013.flac,data/subset_raw/PA_train_PA_T_0005013.flac,bonafide,train,clean,PA,PA_0080,-,bonafide,"[20, 400]"
data/features/logmel/train/PA_train_PA_T_0003667.npy,logmel,data/raw/PA/PA/ASVspoof2019_PA_train/flac/PA_T_0003667.flac,data/subset_raw/PA_train_PA_T_0003667.flac,bonafide,train,clean,PA,PA_0085,-,bonafide,"[80, 400]"
data/features/mfcc/train/PA_train_PA_T_0003667.npy,mfcc,data/raw/PA/PA/ASVspoof2019_PA_train/flac/PA_T_0003667.flac,data/subset_raw/PA_train_PA_T_0003667.flac,bonafide,train,clean,PA,PA_0085,-,bonafide,"[20, 400]"
data/features/logmel/train/PA_train_PA_T_0003218.npy,logmel,data/raw/PA/PA/ASVspoof2019_PA_train/flac/PA_T_0003218.flac,data/subset_raw/PA_train_PA_T_0003218.flac,bonafide,train,clean,PA,PA_0080,-,bonafide,"[80, 400]"
data/features/mfcc/train/PA_train_PA_T_0003218.npy,mfcc,data/raw/PA/PA/ASVspoof2019_PA_train/flac/PA_T_0003218.flac,data/subset_raw/PA_train_PA_T_0003218.flac,bonafide,train,clean,PA,PA_0080,-,bonafide,"[20, 400]"
data/features/logmel/train/PA_train_PA_T_0003316.npy,logmel,data/raw/PA/PA/ASVspoof2019_PA_train/flac/PA_T_0003316.flac,data/subset_raw/PA_train_PA_T_0003316.flac,bonafide,train,clean,PA,PA_0090,-,bonafide,"[80, 400]"
data/features/mfcc/train/PA_train_PA_T_0003316.npy,mfcc,data/raw/PA/PA/ASVspoof2019_PA_train/flac/PA_T_0003316.flac,data/subset_raw/PA_train_PA_T_0003316.flac,bonafide,train,clean,PA,PA_0090,-,bonafide,"[20, 400]"
data/features/logmel/train/PA_train_PA_T_0004747.npy,logmel,data/raw/PA/PA/ASVspoof2019_PA_train/flac/PA_T_0004747.flac,data/subset_raw/PA_train_PA_T_0004747.flac,bonafide,train,clean,PA,PA_0093,-,bonafide,"[80, 400]"
data/features/mfcc/train/PA_train_PA_T_0004747.npy,mfcc,data/raw/PA/PA/ASVspoof2019_PA_train/flac/PA_T_0004747.flac,data/subset_raw/PA_train_PA_T_0004747.flac,bonafide,train,clean,PA,PA_0093,-,bonafide,"[20, 400]"
data/features/logmel/train/PA_train_PA_T_0003476.npy,logmel,data/raw/PA/PA/ASVspoof2019_PA_train/flac/PA_T_0003476.flac,data/subset_raw/PA_train_PA_T_0003476.flac,bonafide,train,clean,PA,PA_0086,-,bonafide,"[80, 400]"
data/features/mfcc/train/PA_train_PA_T_0003476.npy,mfcc,data/raw/PA/PA/ASVspoof2019_PA_train/flac/PA_T_0003476.flac,data/subset_raw/PA_train_PA_T_0003476.flac,bonafide,train,clean,PA,PA_0086,-,bonafide,"[20, 400]"
data/features/logmel/train/PA_train_PA_T_0005300.npy,logmel,data/raw/PA/PA/ASVspoof2019_PA_train/flac/PA_T_0005300.flac,data/subset_raw/PA_train_PA_T_0005300.flac,bonafide,train,clean,PA,PA_0088,-,bonafide,"[80, 400]"
data/features/mfcc/train/PA_train_PA_T_0005300.npy,mfcc,data/raw/PA/PA/ASVspoof2019_PA_train/flac/PA_T_0005300.flac,data/subset_raw/PA_train_PA_T_0005300.flac,bonafide,train,clean,PA,PA_0088,-,bonafide,"[20, 400]"
data/features/logmel/train/PA_train_PA_T_0003048.npy,logmel,data/raw/PA/PA/ASVspoof2019_PA_train/flac/PA_T_0003048.flac,data/subset_raw/PA_train_PA_T_0003048.flac,bonafide,train,clean,PA,PA_0083,-,bonafide,"[80, 400]"
data/features/mfcc/train/PA_train_PA_T_0003048.npy,mfcc,data/raw/PA/PA/ASVspoof2019_PA_train/flac/PA_T_0003048.flac,data/subset_raw/PA_train_PA_T_0003048.flac,bonafide,train,clean,PA,PA_0083,-,bonafide,"[20, 400]"
data/features/logmel/train/PA_train_PA_T_0005303.npy,logmel,data/raw/PA/PA/ASVspoof2019_PA_train/flac/PA_T_0005303.flac,data/subset_raw/PA_train_PA_T_0005303.flac,bonafide,train,clean,PA,PA_0089,-,bonafide,"[80, 400]"
data/features/mfcc/train/PA_train_PA_T_0005303.npy,mfcc,data/raw/PA/PA/ASVspoof2019_PA_train/flac/PA_T_0005303.flac,data/subset_raw/PA_train_PA_T_0005303.flac,bonafide,train,clean,PA,PA_0089,-,bonafide,"[20, 400]"
data/features/logmel/val/PA_val_PA_T_0000024.npy,logmel,data/raw/PA/PA/ASVspoof2019_PA_train/flac/PA_T_0000024.flac,data/subset_raw/PA_val_PA_T_0000024.flac,bonafide,val,clean,PA,PA_0081,-,bonafide,"[80, 400]"
data/features/mfcc/val/PA_val_PA_T_0000024.npy,mfcc,data/raw/PA/PA/ASVspoof2019_PA_train/flac/PA_T_0000024.flac,data/subset_raw/PA_val_PA_T_0000024.flac,bonafide,val,clean,PA,PA_0081,-,bonafide,"[20, 400]"
data/features/logmel/train/PA_train_PA_T_0000417.npy,logmel,data/raw/PA/PA/ASVspoof2019_PA_train/flac/PA_T_0000417.flac,data/subset_raw/PA_train_PA_T_0000417.flac,bonafide,train,clean,PA,PA_0080,-,bonafide,"[80, 400]"
data/features/mfcc/train/PA_train_PA_T_0000417.npy,mfcc,data/raw/PA/PA/ASVspoof2019_PA_train/flac/PA_T_0000417.flac,data/subset_raw/PA_train_PA_T_0000417.flac,bonafide,train,clean,PA,PA_0080,-,bonafide,"[20, 400]"
data/features/logmel/test/PA_test_PA_T_0002587.npy,logmel,data/raw/PA/PA/ASVspoof2019_PA_train/flac/PA_T_0002587.flac,data/subset_raw/PA_test_PA_T_0002587.flac,bonafide,test,clean,PA,PA_0097,-,bonafide,"[80, 400]"
data/features/mfcc/test/PA_test_PA_T_0002587.npy,mfcc,data/raw/PA/PA/ASVspoof2019_PA_train/flac/PA_T_0002587.flac,data/subset_raw/PA_test_PA_T_0002587.flac,bonafide,test,clean,PA,PA_0097,-,bonafide,"[20, 400]"
data/features/logmel/train/PA_train_PA_T_0000241.npy,logmel,data/raw/PA/PA/ASVspoof2019_PA_train/flac/PA_T_0000241.flac,data/subset_raw/PA_train_PA_T_0000241.flac,bonafide,train,clean,PA,PA_0083,-,bonafide,"[80, 400]"
data/features/mfcc/train/PA_train_PA_T_0000241.npy,mfcc,data/raw/PA/PA/ASVspoof2019_PA_train/flac/PA_T_0000241.flac,data/subset_raw/PA_train_PA_T_0000241.flac,bonafide,train,clean,PA,PA_0083,-,bonafide,"[20, 400]"
data/features/logmel/train/PA_train_PA_T_0003976.npy,logmel,data/raw/PA/PA/ASVspoof2019_PA_train/flac/PA_T_0003976.flac,data/subset_raw/PA_train_PA_T_0003976.flac,bonafide,train,clean,PA,PA_0096,-,bonafide,"[80, 400]"
data/features/mfcc/train/PA_train_PA_T_0003976.npy,mfcc,data/raw/PA/PA/ASVspoof2019_PA_train/flac/PA_T_0003976.flac,data/subset_raw/PA_train_PA_T_0003976.flac,bonafide,train,clean,PA,PA_0096,-,bonafide,"[20, 400]"
data/features/logmel/train/PA_train_PA_T_0001118.npy,logmel,data/raw/PA/PA/ASVspoof2019_PA_train/flac/PA_T_0001118.flac,data/subset_raw/PA_train_PA_T_0001118.flac,bonafide,train,clean,PA,PA_0090,-,bonafide,"[80, 400]"
data/features/mfcc/train/PA_train_PA_T_0001118.npy,mfcc,data/raw/PA/PA/ASVspoof2019_PA_train/flac/PA_T_0001118.flac,data/subset_raw/PA_train_PA_T_0001118.flac,bonafide,train,clean,PA,PA_0090,-,bonafide,"[20, 400]"
data/features/logmel/test/PA_test_PA_T_0003608.npy,logmel,data/raw/PA/PA/ASVspoof2019_PA_train/flac/PA_T_0003608.flac,data/subset_raw/PA_test_PA_T_0003608.flac,bonafide,test,clean,PA,PA_0079,-,bonafide,"[80, 400]"
data/features/mfcc/test/PA_test_PA_T_0003608.npy,mfcc,data/raw/PA/PA/ASVspoof2019_PA_train/flac/PA_T_0003608.flac,data/subset_raw/PA_test_PA_T_0003608.flac,bonafide,test,clean,PA,PA_0079,-,bonafide,"[20, 400]"
data/features/logmel/train/PA_train_PA_T_0004246.npy,logmel,data/raw/PA/PA/ASVspoof2019_PA_train/flac/PA_T_0004246.flac,data/subset_raw/PA_train_PA_T_0004246.flac,bonafide,train,clean,PA,PA_0083,-,bonafide,"[80, 400]"
data/features/mfcc/train/PA_train_PA_T_0004246.npy,mfcc,data/raw/PA/PA/ASVspoof2019_PA_train/flac/PA_T_0004246.flac,data/subset_raw/PA_train_PA_T_0004246.flac,bonafide,train,clean,PA,PA_0083,-,bonafide,"[20, 400]"
data/features/logmel/train/PA_train_PA_T_0004255.npy,logmel,data/raw/PA/PA/ASVspoof2019_PA_train/flac/PA_T_0004255.flac,data/subset_raw/PA_train_PA_T_0004255.flac,bonafide,train,clean,PA,PA_0084,-,bonafide,"[80, 400]"
data/features/mfcc/train/PA_train_PA_T_0004255.npy,mfcc,data/raw/PA/PA/ASVspoof2019_PA_train/flac/PA_T_0004255.flac,data/subset_raw/PA_train_PA_T_0004255.flac,bonafide,train,clean,PA,PA_0084,-,bonafide,"[20, 400]"
data/features/logmel/test/PA_test_PA_T_0004589.npy,logmel,data/raw/PA/PA/ASVspoof2019_PA_train/flac/PA_T_0004589.flac,data/subset_raw/PA_test_PA_T_0004589.flac,bonafide,test,clean,PA,PA_0097,-,bonafide,"[80, 400]"
data/features/mfcc/test/PA_test_PA_T_0004589.npy,mfcc,data/raw/PA/PA/ASVspoof2019_PA_train/flac/PA_T_0004589.flac,data/subset_raw/PA_test_PA_T_0004589.flac,bonafide,test,clean,PA,PA_0097,-,bonafide,"[20, 400]"
data/features/logmel/val/PA_val_PA_T_0002926.npy,logmel,data/raw/PA/PA/ASVspoof2019_PA_train/flac/PA_T_0002926.flac,data/subset_raw/PA_val_PA_T_0002926.flac,bonafide,val,clean,PA,PA_0091,-,bonafide,"[80, 400]"
data/features/mfcc/val/PA_val_PA_T_0002926.npy,mfcc,data/raw/PA/PA/ASVspoof2019_PA_train/flac/PA_T_0002926.flac,data/subset_raw/PA_val_PA_T_0002926.flac,bonafide,val,clean,PA,PA_0091,-,bonafide,"[20, 400]"
data/features/logmel/train/PA_train_PA_T_0000016.npy,logmel,data/raw/PA/PA/ASVspoof2019_PA_train/flac/PA_T_0000016.flac,data/subset_raw/PA_train_PA_T_0000016.flac,bonafide,train,clean,PA,PA_0080,-,bonafide,"[80, 400]"
data/features/mfcc/train/PA_train_PA_T_0000016.npy,mfcc,data/raw/PA/PA/ASVspoof2019_PA_train/flac/PA_T_0000016.flac,data/subset_raw/PA_train_PA_T_0000016.flac,bonafide,train,clean,PA,PA_0080,-,bonafide,"[20, 400]"
data/features/logmel/val/PA_val_PA_T_0004956.npy,logmel,data/raw/PA/PA/ASVspoof2019_PA_train/flac/PA_T_0004956.flac,data/subset_raw/PA_val_PA_T_0004956.flac,bonafide,val,clean,PA,PA_0094,-,bonafide,"[80, 400]"
data/features/mfcc/val/PA_val_PA_T_0004956.npy,mfcc,data/raw/PA/PA/ASVspoof2019_PA_train/flac/PA_T_0004956.flac,data/subset_raw/PA_val_PA_T_0004956.flac,bonafide,val,clean,PA,PA_0094,-,bonafide,"[20, 400]"
data/features/logmel/train/PA_train_PA_T_0000080.npy,logmel,data/raw/PA/PA/ASVspoof2019_PA_train/flac/PA_T_0000080.flac,data/subset_raw/PA_train_PA_T_0000080.flac,bonafide,train,clean,PA,PA_0086,-,bonafide,"[80, 400]"
data/features/mfcc/train/PA_train_PA_T_0000080.npy,mfcc,data/raw/PA/PA/ASVspoof2019_PA_train/flac/PA_T_0000080.flac,data/subset_raw/PA_train_PA_T_0000080.flac,bonafide,train,clean,PA,PA_0086,-,bonafide,"[20, 400]"
data/features/logmel/val/PA_val_PA_T_0004129.npy,logmel,data/raw/PA/PA/ASVspoof2019_PA_train/flac/PA_T_0004129.flac,data/subset_raw/PA_val_PA_T_0004129.flac,bonafide,val,clean,PA,PA_0091,-,bonafide,"[80, 400]"
data/features/mfcc/val/PA_val_PA_T_0004129.npy,mfcc,data/raw/PA/PA/ASVspoof2019_PA_train/flac/PA_T_0004129.flac,data/subset_raw/PA_val_PA_T_0004129.flac,bonafide,val,clean,PA,PA_0091,-,bonafide,"[20, 400]"
data/features/logmel/train/PA_train_PA_T_0000766.npy,logmel,data/raw/PA/PA/ASVspoof2019_PA_train/flac/PA_T_0000766.flac,data/subset_raw/PA_train_PA_T_0000766.flac,bonafide,train,clean,PA,PA_0095,-,bonafide,"[80, 400]"
data/features/mfcc/train/PA_train_PA_T_0000766.npy,mfcc,data/raw/PA/PA/ASVspoof2019_PA_train/flac/PA_T_0000766.flac,data/subset_raw/PA_train_PA_T_0000766.flac,bonafide,train,clean,PA,PA_0095,-,bonafide,"[20, 400]"
data/features/logmel/val/PA_val_PA_T_0004721.npy,logmel,data/raw/PA/PA/ASVspoof2019_PA_train/flac/PA_T_0004721.flac,data/subset_raw/PA_val_PA_T_0004721.flac,bonafide,val,clean,PA,PA_0091,-,bonafide,"[80, 400]"
data/features/mfcc/val/PA_val_PA_T_0004721.npy,mfcc,data/raw/PA/PA/ASVspoof2019_PA_train/flac/PA_T_0004721.flac,data/subset_raw/PA_val_PA_T_0004721.flac,bonafide,val,clean,PA,PA_0091,-,bonafide,"[20, 400]"
data/features/logmel/train/PA_train_PA_T_0001880.npy,logmel,data/raw/PA/PA/ASVspoof2019_PA_train/flac/PA_T_0001880.flac,data/subset_raw/PA_train_PA_T_0001880.flac,bonafide,train,clean,PA,PA_0086,-,bonafide,"[80, 400]"
data/features/mfcc/train/PA_train_PA_T_0001880.npy,mfcc,data/raw/PA/PA/ASVspoof2019_PA_train/flac/PA_T_0001880.flac,data/subset_raw/PA_train_PA_T_0001880.flac,bonafide,train,clean,PA,PA_0086,-,bonafide,"[20, 400]"
data/features/logmel/train/PA_train_PA_T_0000297.npy,logmel,data/raw/PA/PA/ASVspoof2019_PA_train/flac/PA_T_0000297.flac,data/subset_raw/PA_train_PA_T_0000297.flac,bonafide,train,clean,PA,PA_0088,-,bonafide,"[80, 400]"
data/features/mfcc/train/PA_train_PA_T_0000297.npy,mfcc,data/raw/PA/PA/ASVspoof2019_PA_train/flac/PA_T_0000297.flac,data/subset_raw/PA_train_PA_T_0000297.flac,bonafide,train,clean,PA,PA_0088,-,bonafide,"[20, 400]"
data/features/logmel/test/PA_test_PA_T_0003008.npy,logmel,data/raw/PA/PA/ASVspoof2019_PA_train/flac/PA_T_0003008.flac,data/subset_raw/PA_test_PA_T_0003008.flac,bonafide,test,clean,PA,PA_0079,-,bonafide,"[80, 400]"
data/features/mfcc/test/PA_test_PA_T_0003008.npy,mfcc,data/raw/PA/PA/ASVspoof2019_PA_train/flac/PA_T_0003008.flac,data/subset_raw/PA_test_PA_T_0003008.flac,bonafide,test,clean,PA,PA_0079,-,bonafide,"[20, 400]"
data/features/logmel/train/PA_train_PA_T_0000316.npy,logmel,data/raw/PA/PA/ASVspoof2019_PA_train/flac/PA_T_0000316.flac,data/subset_raw/PA_train_PA_T_0000316.flac,bonafide,train,clean,PA,PA_0090,-,bonafide,"[80, 400]"
data/features/mfcc/train/PA_train_PA_T_0000316.npy,mfcc,data/raw/PA/PA/ASVspoof2019_PA_train/flac/PA_T_0000316.flac,data/subset_raw/PA_train_PA_T_0000316.flac,bonafide,train,clean,PA,PA_0090,-,bonafide,"[20, 400]"
data/features/logmel/test/PA_test_PA_T_0003987.npy,logmel,data/raw/PA/PA/ASVspoof2019_PA_train/flac/PA_T_0003987.flac,data/subset_raw/PA_test_PA_T_0003987.flac,bonafide,test,clean,PA,PA_0097,-,bonafide,"[80, 400]"
data/features/mfcc/test/PA_test_PA_T_0003987.npy,mfcc,data/raw/PA/PA/ASVspoof2019_PA_train/flac/PA_T_0003987.flac,data/subset_raw/PA_test_PA_T_0003987.flac,bonafide,test,clean,PA,PA_0097,-,bonafide,"[20, 400]"
data/features/logmel/test/PA_test_PA_T_0001189.npy,logmel,data/raw/PA/PA/ASVspoof2019_PA_train/flac/PA_T_0001189.flac,data/subset_raw/PA_test_PA_T_0001189.flac,bonafide,test,clean,PA,PA_0097,-,bonafide,"[80, 400]"
data/features/mfcc/test/PA_test_PA_T_0001189.npy,mfcc,data/raw/PA/PA/ASVspoof2019_PA_train/flac/PA_T_0001189.flac,data/subset_raw/PA_test_PA_T_0001189.flac,bonafide,test,clean,PA,PA_0097,-,bonafide,"[20, 400]"
data/features/logmel/train/PA_train_PA_T_0001733.npy,logmel,data/raw/PA/PA/ASVspoof2019_PA_train/flac/PA_T_0001733.flac,data/subset_raw/PA_train_PA_T_0001733.flac,bonafide,train,clean,PA,PA_0092,-,bonafide,"[80, 400]"
data/features/mfcc/train/PA_train_PA_T_0001733.npy,mfcc,data/raw/PA/PA/ASVspoof2019_PA_train/flac/PA_T_0001733.flac,data/subset_raw/PA_train_PA_T_0001733.flac,bonafide,train,clean,PA,PA_0092,-,bonafide,"[20, 400]"
data/features/logmel/train/PA_train_PA_T_0000298.npy,logmel,data/raw/PA/PA/ASVspoof2019_PA_train/flac/PA_T_0000298.flac,data/subset_raw/PA_train_PA_T_0000298.flac,bonafide,train,clean,PA,PA_0088,-,bonafide,"[80, 400]"
data/features/mfcc/train/PA_train_PA_T_0000298.npy,mfcc,data/raw/PA/PA/ASVspoof2019_PA_train/flac/PA_T_0000298.flac,data/subset_raw/PA_train_PA_T_0000298.flac,bonafide,train,clean,PA,PA_0088,-,bonafide,"[20, 400]"
data/features/logmel/train/PA_train_PA_T_0000578.npy,logmel,data/raw/PA/PA/ASVspoof2019_PA_train/flac/PA_T_0000578.flac,data/subset_raw/PA_train_PA_T_0000578.flac,bonafide,train,clean,PA,PA_0096,-,bonafide,"[80, 400]"
data/features/mfcc/train/PA_train_PA_T_0000578.npy,mfcc,data/raw/PA/PA/ASVspoof2019_PA_train/flac/PA_T_0000578.flac,data/subset_raw/PA_train_PA_T_0000578.flac,bonafide,train,clean,PA,PA_0096,-,bonafide,"[20, 400]"
data/features/logmel/train/PA_train_PA_T_0000473.npy,logmel,data/raw/PA/PA/ASVspoof2019_PA_train/flac/PA_T_0000473.flac,data/subset_raw/PA_train_PA_T_0000473.flac,bonafide,train,clean,PA,PA_0086,-,bonafide,"[80, 400]"
data/features/mfcc/train/PA_train_PA_T_0000473.npy,mfcc,data/raw/PA/PA/ASVspoof2019_PA_train/flac/PA_T_0000473.flac,data/subset_raw/PA_train_PA_T_0000473.flac,bonafide,train,clean,PA,PA_0086,-,bonafide,"[20, 400]"
data/features/logmel/train/PA_train_PA_T_0001667.npy,logmel,data/raw/PA/PA/ASVspoof2019_PA_train/flac/PA_T_0001667.flac,data/subset_raw/PA_train_PA_T_0001667.flac,bonafide,train,clean,PA,PA_0085,-,bonafide,"[80, 400]"
data/features/mfcc/train/PA_train_PA_T_0001667.npy,mfcc,data/raw/PA/PA/ASVspoof2019_PA_train/flac/PA_T_0001667.flac,data/subset_raw/PA_train_PA_T_0001667.flac,bonafide,train,clean,PA,PA_0085,-,bonafide,"[20, 400]"
data/features/logmel/train/PA_train_PA_T_0004509.npy,logmel,data/raw/PA/PA/ASVspoof2019_PA_train/flac/PA_T_0004509.flac,data/subset_raw/PA_train_PA_T_0004509.flac,bonafide,train,clean,PA,PA_0089,-,bonafide,"[80, 400]"
data/features/mfcc/train/PA_train_PA_T_0004509.npy,mfcc,data/raw/PA/PA/ASVspoof2019_PA_train/flac/PA_T_0004509.flac,data/subset_raw/PA_train_PA_T_0004509.flac,bonafide,train,clean,PA,PA_0089,-,bonafide,"[20, 400]"
data/features/logmel/train/PA_train_PA_T_0003769.npy,logmel,data/raw/PA/PA/ASVspoof2019_PA_train/flac/PA_T_0003769.flac,data/subset_raw/PA_train_PA_T_0003769.flac,bonafide,train,clean,PA,PA_0095,-,bonafide,"[80, 400]"
data/features/mfcc/train/PA_train_PA_T_0003769.npy,mfcc,data/raw/PA/PA/ASVspoof2019_PA_train/flac/PA_T_0003769.flac,data/subset_raw/PA_train_PA_T_0003769.flac,bonafide,train,clean,PA,PA_0095,-,bonafide,"[20, 400]"
data/features/logmel/train/PA_train_PA_T_0000469.npy,logmel,data/raw/PA/PA/ASVspoof2019_PA_train/flac/PA_T_0000469.flac,data/subset_raw/PA_train_PA_T_0000469.flac,bonafide,train,clean,PA,PA_0085,-,bonafide,"[80, 400]"
data/features/mfcc/train/PA_train_PA_T_0000469.npy,mfcc,data/raw/PA/PA/ASVspoof2019_PA_train/flac/PA_T_0000469.flac,data/subset_raw/PA_train_PA_T_0000469.flac,bonafide,train,clean,PA,PA_0085,-,bonafide,"[20, 400]"
data/features/logmel/train/PA_train_PA_T_0004661.npy,logmel,data/raw/PA/PA/ASVspoof2019_PA_train/flac/PA_T_0004661.flac,data/subset_raw/PA_train_PA_T_0004661.flac,bonafide,train,clean,PA,PA_0085,-,bonafide,"[80, 400]"
data/features/mfcc/train/PA_train_PA_T_0004661.npy,mfcc,data/raw/PA/PA/ASVspoof2019_PA_train/flac/PA_T_0004661.flac,data/subset_raw/PA_train_PA_T_0004661.flac,bonafide,train,clean,PA,PA_0085,-,bonafide,"[20, 400]"
data/features/logmel/val/PA_val_PA_T_0004025.npy,logmel,data/raw/PA/PA/ASVspoof2019_PA_train/flac/PA_T_0004025.flac,data/subset_raw/PA_val_PA_T_0004025.flac,bonafide,val,clean,PA,PA_0081,-,bonafide,"[80, 400]"
data/features/mfcc/val/PA_val_PA_T_0004025.npy,mfcc,data/raw/PA/PA/ASVspoof2019_PA_train/flac/PA_T_0004025.flac,data/subset_raw/PA_val_PA_T_0004025.flac,bonafide,val,clean,PA,PA_0081,-,bonafide,"[20, 400]"
data/features/logmel/val/PA_val_PA_T_0001729.npy,logmel,data/raw/PA/PA/ASVspoof2019_PA_train/flac/PA_T_0001729.flac,data/subset_raw/PA_val_PA_T_0001729.flac,bonafide,val,clean,PA,PA_0091,-,bonafide,"[80, 400]"
data/features/mfcc/val/PA_val_PA_T_0001729.npy,mfcc,data/raw/PA/PA/ASVspoof2019_PA_train/flac/PA_T_0001729.flac,data/subset_raw/PA_val_PA_T_0001729.flac,bonafide,val,clean,PA,PA_0091,-,bonafide,"[20, 400]"
data/features/logmel/train/PA_train_PA_T_0004819.npy,logmel,data/raw/PA/PA/ASVspoof2019_PA_train/flac/PA_T_0004819.flac,data/subset_raw/PA_train_PA_T_0004819.flac,bonafide,train,clean,PA,PA_0080,-,bonafide,"[80, 400]"
data/features/mfcc/train/PA_train_PA_T_0004819.npy,mfcc,data/raw/PA/PA/ASVspoof2019_PA_train/flac/PA_T_0004819.flac,data/subset_raw/PA_train_PA_T_0004819.flac,bonafide,train,clean,PA,PA_0080,-,bonafide,"[20, 400]"
data/features/logmel/val/PA_val_PA_T_0003439.npy,logmel,data/raw/PA/PA/ASVspoof2019_PA_train/flac/PA_T_0003439.flac,data/subset_raw/PA_val_PA_T_0003439.flac,bonafide,val,clean,PA,PA_0082,-,bonafide,"[80, 400]"
data/features/mfcc/val/PA_val_PA_T_0003439.npy,mfcc,data/raw/PA/PA/ASVspoof2019_PA_train/flac/PA_T_0003439.flac,data/subset_raw/PA_val_PA_T_0003439.flac,bonafide,val,clean,PA,PA_0082,-,bonafide,"[20, 400]"
data/features/logmel/val/PA_val_PA_T_0004959.npy,logmel,data/raw/PA/PA/ASVspoof2019_PA_train/flac/PA_T_0004959.flac,data/subset_raw/PA_val_PA_T_0004959.flac,bonafide,val,clean,PA,PA_0094,-,bonafide,"[80, 400]"
data/features/mfcc/val/PA_val_PA_T_0004959.npy,mfcc,data/raw/PA/PA/ASVspoof2019_PA_train/flac/PA_T_0004959.flac,data/subset_raw/PA_val_PA_T_0004959.flac,bonafide,val,clean,PA,PA_0094,-,bonafide,"[20, 400]"
data/features/logmel/val/PA_val_PA_T_0001323.npy,logmel,data/raw/PA/PA/ASVspoof2019_PA_train/flac/PA_T_0001323.flac,data/subset_raw/PA_val_PA_T_0001323.flac,bonafide,val,clean,PA,PA_0091,-,bonafide,"[80, 400]"
data/features/mfcc/val/PA_val_PA_T_0001323.npy,mfcc,data/raw/PA/PA/ASVspoof2019_PA_train/flac/PA_T_0001323.flac,data/subset_raw/PA_val_PA_T_0001323.flac,bonafide,val,clean,PA,PA_0091,-,bonafide,"[20, 400]"
data/features/logmel/train/PA_train_PA_T_0004861.npy,logmel,data/raw/PA/PA/ASVspoof2019_PA_train/flac/PA_T_0004861.flac,data/subset_raw/PA_train_PA_T_0004861.flac,bonafide,train,clean,PA,PA_0085,-,bonafide,"[80, 400]"
data/features/mfcc/train/PA_train_PA_T_0004861.npy,mfcc,data/raw/PA/PA/ASVspoof2019_PA_train/flac/PA_T_0004861.flac,data/subset_raw/PA_train_PA_T_0004861.flac,bonafide,train,clean,PA,PA_0085,-,bonafide,"[20, 400]"
data/features/logmel/train/PA_train_PA_T_0000168.npy,logmel,data/raw/PA/PA/ASVspoof2019_PA_train/flac/PA_T_0000168.flac,data/subset_raw/PA_train_PA_T_0000168.flac,bonafide,train,clean,PA,PA_0095,-,bonafide,"[80, 400]"
data/features/mfcc/train/PA_train_PA_T_0000168.npy,mfcc,data/raw/PA/PA/ASVspoof2019_PA_train/flac/PA_T_0000168.flac,data/subset_raw/PA_train_PA_T_0000168.flac,bonafide,train,clean,PA,PA_0095,-,bonafide,"[20, 400]"
data/features/logmel/train/PA_train_PA_T_0002276.npy,logmel,data/raw/PA/PA/ASVspoof2019_PA_train/flac/PA_T_0002276.flac,data/subset_raw/PA_train_PA_T_0002276.flac,bonafide,train,clean,PA,PA_0086,-,bonafide,"[80, 400]"
data/features/mfcc/train/PA_train_PA_T_0002276.npy,mfcc,data/raw/PA/PA/ASVspoof2019_PA_train/flac/PA_T_0002276.flac,data/subset_raw/PA_train_PA_T_0002276.flac,bonafide,train,clean,PA,PA_0086,-,bonafide,"[20, 400]"
data/features/logmel/train/PA_train_PA_T_0000706.npy,logmel,data/raw/PA/PA/ASVspoof2019_PA_train/flac/PA_T_0000706.flac,data/subset_raw/PA_train_PA_T_0000706.flac,bonafide,train,clean,PA,PA_0089,-,bonafide,"[80, 400]"
data/features/mfcc/train/PA_train_PA_T_0000706.npy,mfcc,data/raw/PA/PA/ASVspoof2019_PA_train/flac/PA_T_0000706.flac,data/subset_raw/PA_train_PA_T_0000706.flac,bonafide,train,clean,PA,PA_0089,-,bonafide,"[20, 400]"
data/features/logmel/train/PA_train_PA_T_0005150.npy,logmel,data/raw/PA/PA/ASVspoof2019_PA_train/flac/PA_T_0005150.flac,data/subset_raw/PA_train_PA_T_0005150.flac,bonafide,train,clean,PA,PA_0093,-,bonafide,"[80, 400]"
data/features/mfcc/train/PA_train_PA_T_0005150.npy,mfcc,data/raw/PA/PA/ASVspoof2019_PA_train/flac/PA_T_0005150.flac,data/subset_raw/PA_train_PA_T_0005150.flac,bonafide,train,clean,PA,PA_0093,-,bonafide,"[20, 400]"
data/features/logmel/train/PA_train_PA_T_0001892.npy,logmel,data/raw/PA/PA/ASVspoof2019_PA_train/flac/PA_T_0001892.flac,data/subset_raw/PA_train_PA_T_0001892.flac,bonafide,train,clean,PA,PA_0088,-,bonafide,"[80, 400]"
data/features/mfcc/train/PA_train_PA_T_0001892.npy,mfcc,data/raw/PA/PA/ASVspoof2019_PA_train/flac/PA_T_0001892.flac,data/subset_raw/PA_train_PA_T_0001892.flac,bonafide,train,clean,PA,PA_0088,-,bonafide,"[20, 400]"
data/features/logmel/train/PA_train_PA_T_0000912.npy,logmel,data/raw/PA/PA/ASVspoof2019_PA_train/flac/PA_T_0000912.flac,data/subset_raw/PA_train_PA_T_0000912.flac,bonafide,train,clean,PA,PA_0090,-,bonafide,"[80, 400]"
data/features/mfcc/train/PA_train_PA_T_0000912.npy,mfcc,data/raw/PA/PA/ASVspoof2019_PA_train/flac/PA_T_0000912.flac,data/subset_raw/PA_train_PA_T_0000912.flac,bonafide,train,clean,PA,PA_0090,-,bonafide,"[20, 400]"
data/features/logmel/val/PA_val_PA_T_0001631.npy,logmel,data/raw/PA/PA/ASVspoof2019_PA_train/flac/PA_T_0001631.flac,data/subset_raw/PA_val_PA_T_0001631.flac,bonafide,val,clean,PA,PA_0082,-,bonafide,"[80, 400]"
data/features/mfcc/val/PA_val_PA_T_0001631.npy,mfcc,data/raw/PA/PA/ASVspoof2019_PA_train/flac/PA_T_0001631.flac,data/subset_raw/PA_val_PA_T_0001631.flac,bonafide,val,clean,PA,PA_0082,-,bonafide,"[20, 400]"
data/features/logmel/train/PA_train_PA_T_0003448.npy,logmel,data/raw/PA/PA/ASVspoof2019_PA_train/flac/PA_T_0003448.flac,data/subset_raw/PA_train_PA_T_0003448.flac,bonafide,train,clean,PA,PA_0083,-,bonafide,"[80, 400]"
data/features/mfcc/train/PA_train_PA_T_0003448.npy,mfcc,data/raw/PA/PA/ASVspoof2019_PA_train/flac/PA_T_0003448.flac,data/subset_raw/PA_train_PA_T_0003448.flac,bonafide,train,clean,PA,PA_0083,-,bonafide,"[20, 400]"
data/features/logmel/train/PA_train_PA_T_0004167.npy,logmel,data/raw/PA/PA/ASVspoof2019_PA_train/flac/PA_T_0004167.flac,data/subset_raw/PA_train_PA_T_0004167.flac,bonafide,train,clean,PA,PA_0095,-,bonafide,"[80, 400]"
data/features/mfcc/train/PA_train_PA_T_0004167.npy,mfcc,data/raw/PA/PA/ASVspoof2019_PA_train/flac/PA_T_0004167.flac,data/subset_raw/PA_train_PA_T_0004167.flac,bonafide,train,clean,PA,PA_0095,-,bonafide,"[20, 400]"
data/features/logmel/train/PA_train_PA_T_0003947.npy,logmel,data/raw/PA/PA/ASVspoof2019_PA_train/flac/PA_T_0003947.flac,data/subset_raw/PA_train_PA_T_0003947.flac,bonafide,train,clean,PA,PA_0093,-,bonafide,"[80, 400]"
data/features/mfcc/train/PA_train_PA_T_0003947.npy,mfcc,data/raw/PA/PA/ASVspoof2019_PA_train/flac/PA_T_0003947.flac,data/subset_raw/PA_train_PA_T_0003947.flac,bonafide,train,clean,PA,PA_0093,-,bonafide,"[20, 400]"
data/features/logmel/val/PA_val_PA_T_0001521.npy,logmel,data/raw/PA/PA/ASVspoof2019_PA_train/flac/PA_T_0001521.flac,data/subset_raw/PA_val_PA_T_0001521.flac,bonafide,val,clean,PA,PA_0091,-,bonafide,"[80, 400]"
data/features/mfcc/val/PA_val_PA_T_0001521.npy,mfcc,data/raw/PA/PA/ASVspoof2019_PA_train/flac/PA_T_0001521.flac,data/subset_raw/PA_val_PA_T_0001521.flac,bonafide,val,clean,PA,PA_0091,-,bonafide,"[20, 400]"
data/features/logmel/train/PA_train_PA_T_0003312.npy,logmel,data/raw/PA/PA/ASVspoof2019_PA_train/flac/PA_T_0003312.flac,data/subset_raw/PA_train_PA_T_0003312.flac,bonafide,train,clean,PA,PA_0090,-,bonafide,"[80, 400]"
data/features/mfcc/train/PA_train_PA_T_0003312.npy,mfcc,data/raw/PA/PA/ASVspoof2019_PA_train/flac/PA_T_0003312.flac,data/subset_raw/PA_train_PA_T_0003312.flac,bonafide,train,clean,PA,PA_0090,-,bonafide,"[20, 400]"
data/features/logmel/train/PA_train_PA_T_0003948.npy,logmel,data/raw/PA/PA/ASVspoof2019_PA_train/flac/PA_T_0003948.flac,data/subset_raw/PA_train_PA_T_0003948.flac,bonafide,train,clean,PA,PA_0093,-,bonafide,"[80, 400]"
data/features/mfcc/train/PA_train_PA_T_0003948.npy,mfcc,data/raw/PA/PA/ASVspoof2019_PA_train/flac/PA_T_0003948.flac,data/subset_raw/PA_train_PA_T_0003948.flac,bonafide,train,clean,PA,PA_0093,-,bonafide,"[20, 400]"
data/features/logmel/val/PA_val_PA_T_0004924.npy,logmel,data/raw/PA/PA/ASVspoof2019_PA_train/flac/PA_T_0004924.flac,data/subset_raw/PA_val_PA_T_0004924.flac,bonafide,val,clean,PA,PA_0091,-,bonafide,"[80, 400]"
data/features/mfcc/val/PA_val_PA_T_0004924.npy,mfcc,data/raw/PA/PA/ASVspoof2019_PA_train/flac/PA_T_0004924.flac,data/subset_raw/PA_val_PA_T_0004924.flac,bonafide,val,clean,PA,PA_0091,-,bonafide,"[20, 400]"
data/features/logmel/train/PA_train_PA_T_0003820.npy,logmel,data/raw/PA/PA/ASVspoof2019_PA_train/flac/PA_T_0003820.flac,data/subset_raw/PA_train_PA_T_0003820.flac,bonafide,train,clean,PA,PA_0080,-,bonafide,"[80, 400]"
data/features/mfcc/train/PA_train_PA_T_0003820.npy,mfcc,data/raw/PA/PA/ASVspoof2019_PA_train/flac/PA_T_0003820.flac,data/subset_raw/PA_train_PA_T_0003820.flac,bonafide,train,clean,PA,PA_0080,-,bonafide,"[20, 400]"
data/features/logmel/train/PA_train_PA_T_0003940.npy,logmel,data/raw/PA/PA/ASVspoof2019_PA_train/flac/PA_T_0003940.flac,data/subset_raw/PA_train_PA_T_0003940.flac,bonafide,train,clean,PA,PA_0092,-,bonafide,"[80, 400]"
data/features/mfcc/train/PA_train_PA_T_0003940.npy,mfcc,data/raw/PA/PA/ASVspoof2019_PA_train/flac/PA_T_0003940.flac,data/subset_raw/PA_train_PA_T_0003940.flac,bonafide,train,clean,PA,PA_0092,-,bonafide,"[20, 400]"
data/features/logmel/val/PA_val_PA_T_0041647.npy,logmel,data/raw/PA/PA/ASVspoof2019_PA_train/flac/PA_T_0041647.flac,data/subset_raw/PA_val_PA_T_0041647.flac,spoof,val,clean,PA,PA_0082,AC,spoof,"[80, 400]"
data/features/mfcc/val/PA_val_PA_T_0041647.npy,mfcc,data/raw/PA/PA/ASVspoof2019_PA_train/flac/PA_T_0041647.flac,data/subset_raw/PA_val_PA_T_0041647.flac,spoof,val,clean,PA,PA_0082,AC,spoof,"[20, 400]"
data/features/logmel/val/PA_val_PA_T_0017667.npy,logmel,data/raw/PA/PA/ASVspoof2019_PA_train/flac/PA_T_0017667.flac,data/subset_raw/PA_val_PA_T_0017667.flac,spoof,val,clean,PA,PA_0082,BC,spoof,"[80, 400]"
data/features/mfcc/val/PA_val_PA_T_0017667.npy,mfcc,data/raw/PA/PA/ASVspoof2019_PA_train/flac/PA_T_0017667.flac,data/subset_raw/PA_val_PA_T_0017667.flac,spoof,val,clean,PA,PA_0082,BC,spoof,"[20, 400]"
data/features/logmel/test/PA_test_PA_T_0051297.npy,logmel,data/raw/PA/PA/ASVspoof2019_PA_train/flac/PA_T_0051297.flac,data/subset_raw/PA_test_PA_T_0051297.flac,spoof,test,clean,PA,PA_0079,BB,spoof,"[80, 400]"
data/features/mfcc/test/PA_test_PA_T_0051297.npy,mfcc,data/raw/PA/PA/ASVspoof2019_PA_train/flac/PA_T_0051297.flac,data/subset_raw/PA_test_PA_T_0051297.flac,spoof,test,clean,PA,PA_0079,BB,spoof,"[20, 400]"
data/features/logmel/train/PA_train_PA_T_0046332.npy,logmel,data/raw/PA/PA/ASVspoof2019_PA_train/flac/PA_T_0046332.flac,data/subset_raw/PA_train_PA_T_0046332.flac,spoof,train,clean,PA,PA_0085,CA,spoof,"[80, 400]"
data/features/mfcc/train/PA_train_PA_T_0046332.npy,mfcc,data/raw/PA/PA/ASVspoof2019_PA_train/flac/PA_T_0046332.flac,data/subset_raw/PA_train_PA_T_0046332.flac,spoof,train,clean,PA,PA_0085,CA,spoof,"[20, 400]"
data/features/logmel/val/PA_val_PA_T_0053351.npy,logmel,data/raw/PA/PA/ASVspoof2019_PA_train/flac/PA_T_0053351.flac,data/subset_raw/PA_val_PA_T_0053351.flac,spoof,val,clean,PA,PA_0091,CA,spoof,"[80, 400]"
data/features/mfcc/val/PA_val_PA_T_0053351.npy,mfcc,data/raw/PA/PA/ASVspoof2019_PA_train/flac/PA_T_0053351.flac,data/subset_raw/PA_val_PA_T_0053351.flac,spoof,val,clean,PA,PA_0091,CA,spoof,"[20, 400]"
data/features/logmel/test/PA_test_PA_T_0005405.npy,logmel,data/raw/PA/PA/ASVspoof2019_PA_train/flac/PA_T_0005405.flac,data/subset_raw/PA_test_PA_T_0005405.flac,spoof,test,clean,PA,PA_0079,AA,spoof,"[80, 400]"
data/features/mfcc/test/PA_test_PA_T_0005405.npy,mfcc,data/raw/PA/PA/ASVspoof2019_PA_train/flac/PA_T_0005405.flac,data/subset_raw/PA_test_PA_T_0005405.flac,spoof,test,clean,PA,PA_0079,AA,spoof,"[20, 400]"
data/features/logmel/train/PA_train_PA_T_0050047.npy,logmel,data/raw/PA/PA/ASVspoof2019_PA_train/flac/PA_T_0050047.flac,data/subset_raw/PA_train_PA_T_0050047.flac,spoof,train,clean,PA,PA_0098,CA,spoof,"[80, 400]"
data/features/mfcc/train/PA_train_PA_T_0050047.npy,mfcc,data/raw/PA/PA/ASVspoof2019_PA_train/flac/PA_T_0050047.flac,data/subset_raw/PA_train_PA_T_0050047.flac,spoof,train,clean,PA,PA_0098,CA,spoof,"[20, 400]"
data/features/logmel/val/PA_val_PA_T_0011930.npy,logmel,data/raw/PA/PA/ASVspoof2019_PA_train/flac/PA_T_0011930.flac,data/subset_raw/PA_val_PA_T_0011930.flac,spoof,val,clean,PA,PA_0094,AC,spoof,"[80, 400]"
data/features/mfcc/val/PA_val_PA_T_0011930.npy,mfcc,data/raw/PA/PA/ASVspoof2019_PA_train/flac/PA_T_0011930.flac,data/subset_raw/PA_val_PA_T_0011930.flac,spoof,val,clean,PA,PA_0094,AC,spoof,"[20, 400]"
data/features/logmel/train/PA_train_PA_T_0008803.npy,logmel,data/raw/PA/PA/ASVspoof2019_PA_train/flac/PA_T_0008803.flac,data/subset_raw/PA_train_PA_T_0008803.flac,spoof,train,clean,PA,PA_0089,CB,spoof,"[80, 400]"
data/features/mfcc/train/PA_train_PA_T_0008803.npy,mfcc,data/raw/PA/PA/ASVspoof2019_PA_train/flac/PA_T_0008803.flac,data/subset_raw/PA_train_PA_T_0008803.flac,spoof,train,clean,PA,PA_0089,CB,spoof,"[20, 400]"
data/features/logmel/train/PA_train_PA_T_0037711.npy,logmel,data/raw/PA/PA/ASVspoof2019_PA_train/flac/PA_T_0037711.flac,data/subset_raw/PA_train_PA_T_0037711.flac,spoof,train,clean,PA,PA_0093,CC,spoof,"[80, 400]"
data/features/mfcc/train/PA_train_PA_T_0037711.npy,mfcc,data/raw/PA/PA/ASVspoof2019_PA_train/flac/PA_T_0037711.flac,data/subset_raw/PA_train_PA_T_0037711.flac,spoof,train,clean,PA,PA_0093,CC,spoof,"[20, 400]"
data/features/logmel/train/PA_train_PA_T_0005548.npy,logmel,data/raw/PA/PA/ASVspoof2019_PA_train/flac/PA_T_0005548.flac,data/subset_raw/PA_train_PA_T_0005548.flac,spoof,train,clean,PA,PA_0086,AA,spoof,"[80, 400]"
data/features/mfcc/train/PA_train_PA_T_0005548.npy,mfcc,data/raw/PA/PA/ASVspoof2019_PA_train/flac/PA_T_0005548.flac,data/subset_raw/PA_train_PA_T_0005548.flac,spoof,train,clean,PA,PA_0086,AA,spoof,"[20, 400]"
data/features/logmel/train/PA_train_PA_T_0037438.npy,logmel,data/raw/PA/PA/ASVspoof2019_PA_train/flac/PA_T_0037438.flac,data/subset_raw/PA_train_PA_T_0037438.flac,spoof,train,clean,PA,PA_0095,CB,spoof,"[80, 400]"
data/features/mfcc/train/PA_train_PA_T_0037438.npy,mfcc,data/raw/PA/PA/ASVspoof2019_PA_train/flac/PA_T_0037438.flac,data/subset_raw/PA_train_PA_T_0037438.flac,spoof,train,clean,PA,PA_0095,CB,spoof,"[20, 400]"
data/features/logmel/val/PA_val_PA_T_0048373.npy,logmel,data/raw/PA/PA/ASVspoof2019_PA_train/flac/PA_T_0048373.flac,data/subset_raw/PA_val_PA_T_0048373.flac,spoof,val,clean,PA,PA_0081,CC,spoof,"[80, 400]"
data/features/mfcc/val/PA_val_PA_T_0048373.npy,mfcc,data/raw/PA/PA/ASVspoof2019_PA_train/flac/PA_T_0048373.flac,data/subset_raw/PA_val_PA_T_0048373.flac,spoof,val,clean,PA,PA_0081,CC,spoof,"[20, 400]"
data/features/logmel/val/PA_val_PA_T_0034898.npy,logmel,data/raw/PA/PA/ASVspoof2019_PA_train/flac/PA_T_0034898.flac,data/subset_raw/PA_val_PA_T_0034898.flac,spoof,val,clean,PA,PA_0091,AC,spoof,"[80, 400]"
data/features/mfcc/val/PA_val_PA_T_0034898.npy,mfcc,data/raw/PA/PA/ASVspoof2019_PA_train/flac/PA_T_0034898.flac,data/subset_raw/PA_val_PA_T_0034898.flac,spoof,val,clean,PA,PA_0091,AC,spoof,"[20, 400]"
data/features/logmel/test/PA_test_PA_T_0021773.npy,logmel,data/raw/PA/PA/ASVspoof2019_PA_train/flac/PA_T_0021773.flac,data/subset_raw/PA_test_PA_T_0021773.flac,spoof,test,clean,PA,PA_0087,AA,spoof,"[80, 400]"
data/features/mfcc/test/PA_test_PA_T_0021773.npy,mfcc,data/raw/PA/PA/ASVspoof2019_PA_train/flac/PA_T_0021773.flac,data/subset_raw/PA_test_PA_T_0021773.flac,spoof,test,clean,PA,PA_0087,AA,spoof,"[20, 400]"
data/features/logmel/train/PA_train_PA_T_0048949.npy,logmel,data/raw/PA/PA/ASVspoof2019_PA_train/flac/PA_T_0048949.flac,data/subset_raw/PA_train_PA_T_0048949.flac,spoof,train,clean,PA,PA_0096,AA,spoof,"[80, 400]"
data/features/mfcc/train/PA_train_PA_T_0048949.npy,mfcc,data/raw/PA/PA/ASVspoof2019_PA_train/flac/PA_T_0048949.flac,data/subset_raw/PA_train_PA_T_0048949.flac,spoof,train,clean,PA,PA_0096,AA,spoof,"[20, 400]"
data/features/logmel/val/PA_val_PA_T_0005866.npy,logmel,data/raw/PA/PA/ASVspoof2019_PA_train/flac/PA_T_0005866.flac,data/subset_raw/PA_val_PA_T_0005866.flac,spoof,val,clean,PA,PA_0082,AB,spoof,"[80, 400]"
data/features/mfcc/val/PA_val_PA_T_0005866.npy,mfcc,data/raw/PA/PA/ASVspoof2019_PA_train/flac/PA_T_0005866.flac,data/subset_raw/PA_val_PA_T_0005866.flac,spoof,val,clean,PA,PA_0082,AB,spoof,"[20, 400]"
data/features/logmel/val/PA_val_PA_T_0019912.npy,logmel,data/raw/PA/PA/ASVspoof2019_PA_train/flac/PA_T_0019912.flac,data/subset_raw/PA_val_PA_T_0019912.flac,spoof,val,clean,PA,PA_0082,AB,spoof,"[80, 400]"
data/features/mfcc/val/PA_val_PA_T_0019912.npy,mfcc,data/raw/PA/PA/ASVspoof2019_PA_train/flac/PA_T_0019912.flac,data/subset_raw/PA_val_PA_T_0019912.flac,spoof,val,clean,PA,PA_0082,AB,spoof,"[20, 400]"
data/features/logmel/train/PA_train_PA_T_0025804.npy,logmel,data/raw/PA/PA/ASVspoof2019_PA_train/flac/PA_T_0025804.flac,data/subset_raw/PA_train_PA_T_0025804.flac,spoof,train,clean,PA,PA_0080,BB,spoof,"[80, 400]"
data/features/mfcc/train/PA_train_PA_T_0025804.npy,mfcc,data/raw/PA/PA/ASVspoof2019_PA_train/flac/PA_T_0025804.flac,data/subset_raw/PA_train_PA_T_0025804.flac,spoof,train,clean,PA,PA_0080,BB,spoof,"[20, 400]"
data/features/logmel/val/PA_val_PA_T_0042856.npy,logmel,data/raw/PA/PA/ASVspoof2019_PA_train/flac/PA_T_0042856.flac,data/subset_raw/PA_val_PA_T_0042856.flac,spoof,val,clean,PA,PA_0091,CB,spoof,"[80, 400]"
data/features/mfcc/val/PA_val_PA_T_0042856.npy,mfcc,data/raw/PA/PA/ASVspoof2019_PA_train/flac/PA_T_0042856.flac,data/subset_raw/PA_val_PA_T_0042856.flac,spoof,val,clean,PA,PA_0091,CB,spoof,"[20, 400]"
data/features/logmel/val/PA_val_PA_T_0041073.npy,logmel,data/raw/PA/PA/ASVspoof2019_PA_train/flac/PA_T_0041073.flac,data/subset_raw/PA_val_PA_T_0041073.flac,spoof,val,clean,PA,PA_0082,CB,spoof,"[80, 400]"
data/features/mfcc/val/PA_val_PA_T_0041073.npy,mfcc,data/raw/PA/PA/ASVspoof2019_PA_train/flac/PA_T_0041073.flac,data/subset_raw/PA_val_PA_T_0041073.flac,spoof,val,clean,PA,PA_0082,CB,spoof,"[20, 400]"
data/features/logmel/val/PA_val_PA_T_0017658.npy,logmel,data/raw/PA/PA/ASVspoof2019_PA_train/flac/PA_T_0017658.flac,data/subset_raw/PA_val_PA_T_0017658.flac,spoof,val,clean,PA,PA_0081,BC,spoof,"[80, 400]"
data/features/mfcc/val/PA_val_PA_T_0017658.npy,mfcc,data/raw/PA/PA/ASVspoof2019_PA_train/flac/PA_T_0017658.flac,data/subset_raw/PA_val_PA_T_0017658.flac,spoof,val,clean,PA,PA_0081,BC,spoof,"[20, 400]"
data/features/logmel/val/PA_val_PA_T_0016508.npy,logmel,data/raw/PA/PA/ASVspoof2019_PA_train/flac/PA_T_0016508.flac,data/subset_raw/PA_val_PA_T_0016508.flac,spoof,val,clean,PA,PA_0094,AA,spoof,"[80, 400]"
data/features/mfcc/val/PA_val_PA_T_0016508.npy,mfcc,data/raw/PA/PA/ASVspoof2019_PA_train/flac/PA_T_0016508.flac,data/subset_raw/PA_val_PA_T_0016508.flac,spoof,val,clean,PA,PA_0094,AA,spoof,"[20, 400]"
data/features/logmel/train/PA_train_PA_T_0037707.npy,logmel,data/raw/PA/PA/ASVspoof2019_PA_train/flac/PA_T_0037707.flac,data/subset_raw/PA_train_PA_T_0037707.flac,spoof,train,clean,PA,PA_0092,CC,spoof,"[80, 400]"
data/features/mfcc/train/PA_train_PA_T_0037707.npy,mfcc,data/raw/PA/PA/ASVspoof2019_PA_train/flac/PA_T_0037707.flac,data/subset_raw/PA_train_PA_T_0037707.flac,spoof,train,clean,PA,PA_0092,CC,spoof,"[20, 400]"
data/features/logmel/train/PA_train_PA_T_0022561.npy,logmel,data/raw/PA/PA/ASVspoof2019_PA_train/flac/PA_T_0022561.flac,data/subset_raw/PA_train_PA_T_0022561.flac,spoof,train,clean,PA,PA_0083,AC,spoof,"[80, 400]"
data/features/mfcc/train/PA_train_PA_T_0022561.npy,mfcc,data/raw/PA/PA/ASVspoof2019_PA_train/flac/PA_T_0022561.flac,data/subset_raw/PA_train_PA_T_0022561.flac,spoof,train,clean,PA,PA_0083,AC,spoof,"[20, 400]"
data/features/logmel/val/PA_val_PA_T_0007105.npy,logmel,data/raw/PA/PA/ASVspoof2019_PA_train/flac/PA_T_0007105.flac,data/subset_raw/PA_val_PA_T_0007105.flac,spoof,val,clean,PA,PA_0082,CC,spoof,"[80, 400]"
data/features/mfcc/val/PA_val_PA_T_0007105.npy,mfcc,data/raw/PA/PA/ASVspoof2019_PA_train/flac/PA_T_0007105.flac,data/subset_raw/PA_val_PA_T_0007105.flac,spoof,val,clean,PA,PA_0082,CC,spoof,"[20, 400]"
data/features/logmel/train/PA_train_PA_T_0029424.npy,logmel,data/raw/PA/PA/ASVspoof2019_PA_train/flac/PA_T_0029424.flac,data/subset_raw/PA_train_PA_T_0029424.flac,spoof,train,clean,PA,PA_0089,AC,spoof,"[80, 400]"
data/features/mfcc/train/PA_train_PA_T_0029424.npy,mfcc,data/raw/PA/PA/ASVspoof2019_PA_train/flac/PA_T_0029424.flac,data/subset_raw/PA_train_PA_T_0029424.flac,spoof,train,clean,PA,PA_0089,AC,spoof,"[20, 400]"
data/features/logmel/val/PA_val_PA_T_0034021.npy,logmel,data/raw/PA/PA/ASVspoof2019_PA_train/flac/PA_T_0034021.flac,data/subset_raw/PA_val_PA_T_0034021.flac,spoof,val,clean,PA,PA_0094,CB,spoof,"[80, 400]"
data/features/mfcc/val/PA_val_PA_T_0034021.npy,mfcc,data/raw/PA/PA/ASVspoof2019_PA_train/flac/PA_T_0034021.flac,data/subset_raw/PA_val_PA_T_0034021.flac,spoof,val,clean,PA,PA_0094,CB,spoof,"[20, 400]"
data/features/logmel/val/PA_val_PA_T_0049867.npy,logmel,data/raw/PA/PA/ASVspoof2019_PA_train/flac/PA_T_0049867.flac,data/subset_raw/PA_val_PA_T_0049867.flac,spoof,val,clean,PA,PA_0091,BC,spoof,"[80, 400]"
data/features/mfcc/val/PA_val_PA_T_0049867.npy,mfcc,data/raw/PA/PA/ASVspoof2019_PA_train/flac/PA_T_0049867.flac,data/subset_raw/PA_val_PA_T_0049867.flac,spoof,val,clean,PA,PA_0091,BC,spoof,"[20, 400]"
data/features/logmel/train/PA_train_PA_T_0030793.npy,logmel,data/raw/PA/PA/ASVspoof2019_PA_train/flac/PA_T_0030793.flac,data/subset_raw/PA_train_PA_T_0030793.flac,spoof,train,clean,PA,PA_0088,AB,spoof,"[80, 400]"
data/features/mfcc/train/PA_train_PA_T_0030793.npy,mfcc,data/raw/PA/PA/ASVspoof2019_PA_train/flac/PA_T_0030793.flac,data/subset_raw/PA_train_PA_T_0030793.flac,spoof,train,clean,PA,PA_0088,AB,spoof,"[20, 400]"
data/features/logmel/val/PA_val_PA_T_0047834.npy,logmel,data/raw/PA/PA/ASVspoof2019_PA_train/flac/PA_T_0047834.flac,data/subset_raw/PA_val_PA_T_0047834.flac,spoof,val,clean,PA,PA_0081,CA,spoof,"[80, 400]"
data/features/mfcc/val/PA_val_PA_T_0047834.npy,mfcc,data/raw/PA/PA/ASVspoof2019_PA_train/flac/PA_T_0047834.flac,data/subset_raw/PA_val_PA_T_0047834.flac,spoof,val,clean,PA,PA_0081,CA,spoof,"[20, 400]"
data/features/logmel/train/PA_train_PA_T_0010105.npy,logmel,data/raw/PA/PA/ASVspoof2019_PA_train/flac/PA_T_0010105.flac,data/subset_raw/PA_train_PA_T_0010105.flac,spoof,train,clean,PA,PA_0086,CA,spoof,"[80, 400]"
data/features/mfcc/train/PA_train_PA_T_0010105.npy,mfcc,data/raw/PA/PA/ASVspoof2019_PA_train/flac/PA_T_0010105.flac,data/subset_raw/PA_train_PA_T_0010105.flac,spoof,train,clean,PA,PA_0086,CA,spoof,"[20, 400]"
data/features/logmel/val/PA_val_PA_T_0014821.npy,logmel,data/raw/PA/PA/ASVspoof2019_PA_train/flac/PA_T_0014821.flac,data/subset_raw/PA_val_PA_T_0014821.flac,spoof,val,clean,PA,PA_0094,AC,spoof,"[80, 400]"
data/features/mfcc/val/PA_val_PA_T_0014821.npy,mfcc,data/raw/PA/PA/ASVspoof2019_PA_train/flac/PA_T_0014821.flac,data/subset_raw/PA_val_PA_T_0014821.flac,spoof,val,clean,PA,PA_0094,AC,spoof,"[20, 400]"
data/features/logmel/val/PA_val_PA_T_0008142.npy,logmel,data/raw/PA/PA/ASVspoof2019_PA_train/flac/PA_T_0008142.flac,data/subset_raw/PA_val_PA_T_0008142.flac,spoof,val,clean,PA,PA_0091,BA,spoof,"[80, 400]"
data/features/mfcc/val/PA_val_PA_T_0008142.npy,mfcc,data/raw/PA/PA/ASVspoof2019_PA_train/flac/PA_T_0008142.flac,data/subset_raw/PA_val_PA_T_0008142.flac,spoof,val,clean,PA,PA_0091,BA,spoof,"[20, 400]"
data/features/logmel/val/PA_val_PA_T_0013795.npy,logmel,data/raw/PA/PA/ASVspoof2019_PA_train/flac/PA_T_0013795.flac,data/subset_raw/PA_val_PA_T_0013795.flac,spoof,val,clean,PA,PA_0081,BC,spoof,"[80, 400]"
data/features/mfcc/val/PA_val_PA_T_0013795.npy,mfcc,data/raw/PA/PA/ASVspoof2019_PA_train/flac/PA_T_0013795.flac,data/subset_raw/PA_val_PA_T_0013795.flac,spoof,val,clean,PA,PA_0081,BC,spoof,"[20, 400]"
data/features/logmel/train/PA_train_PA_T_0044738.npy,logmel,data/raw/PA/PA/ASVspoof2019_PA_train/flac/PA_T_0044738.flac,data/subset_raw/PA_train_PA_T_0044738.flac,spoof,train,clean,PA,PA_0086,CB,spoof,"[80, 400]"
data/features/mfcc/train/PA_train_PA_T_0044738.npy,mfcc,data/raw/PA/PA/ASVspoof2019_PA_train/flac/PA_T_0044738.flac,data/subset_raw/PA_train_PA_T_0044738.flac,spoof,train,clean,PA,PA_0086,CB,spoof,"[20, 400]"
data/features/logmel/train/PA_train_PA_T_0050340.npy,logmel,data/raw/PA/PA/ASVspoof2019_PA_train/flac/PA_T_0050340.flac,data/subset_raw/PA_train_PA_T_0050340.flac,spoof,train,clean,PA,PA_0092,CC,spoof,"[80, 400]"
data/features/mfcc/train/PA_train_PA_T_0050340.npy,mfcc,data/raw/PA/PA/ASVspoof2019_PA_train/flac/PA_T_0050340.flac,data/subset_raw/PA_train_PA_T_0050340.flac,spoof,train,clean,PA,PA_0092,CC,spoof,"[20, 400]"
data/features/logmel/train/PA_train_PA_T_0014302.npy,logmel,data/raw/PA/PA/ASVspoof2019_PA_train/flac/PA_T_0014302.flac,data/subset_raw/PA_train_PA_T_0014302.flac,spoof,train,clean,PA,PA_0084,CC,spoof,"[80, 400]"
data/features/mfcc/train/PA_train_PA_T_0014302.npy,mfcc,data/raw/PA/PA/ASVspoof2019_PA_train/flac/PA_T_0014302.flac,data/subset_raw/PA_train_PA_T_0014302.flac,spoof,train,clean,PA,PA_0084,CC,spoof,"[20, 400]"
data/features/logmel/val/PA_val_PA_T_0021501.npy,logmel,data/raw/PA/PA/ASVspoof2019_PA_train/flac/PA_T_0021501.flac,data/subset_raw/PA_val_PA_T_0021501.flac,spoof,val,clean,PA,PA_0091,CC,spoof,"[80, 400]"
data/features/mfcc/val/PA_val_PA_T_0021501.npy,mfcc,data/raw/PA/PA/ASVspoof2019_PA_train/flac/PA_T_0021501.flac,data/subset_raw/PA_val_PA_T_0021501.flac,spoof,val,clean,PA,PA_0091,CC,spoof,"[20, 400]"
data/features/logmel/test/PA_test_PA_T_0034587.npy,logmel,data/raw/PA/PA/ASVspoof2019_PA_train/flac/PA_T_0034587.flac,data/subset_raw/PA_test_PA_T_0034587.flac,spoof,test,clean,PA,PA_0087,AB,spoof,"[80, 400]"
data/features/mfcc/test/PA_test_PA_T_0034587.npy,mfcc,data/raw/PA/PA/ASVspoof2019_PA_train/flac/PA_T_0034587.flac,data/subset_raw/PA_test_PA_T_0034587.flac,spoof,test,clean,PA,PA_0087,AB,spoof,"[20, 400]"
data/features/logmel/test/PA_test_PA_T_0018252.npy,logmel,data/raw/PA/PA/ASVspoof2019_PA_train/flac/PA_T_0018252.flac,data/subset_raw/PA_test_PA_T_0018252.flac,spoof,test,clean,PA,PA_0079,AB,spoof,"[80, 400]"
data/features/mfcc/test/PA_test_PA_T_0018252.npy,mfcc,data/raw/PA/PA/ASVspoof2019_PA_train/flac/PA_T_0018252.flac,data/subset_raw/PA_test_PA_T_0018252.flac,spoof,test,clean,PA,PA_0079,AB,spoof,"[20, 400]"
data/features/logmel/val/PA_val_PA_T_0019347.npy,logmel,data/raw/PA/PA/ASVspoof2019_PA_train/flac/PA_T_0019347.flac,data/subset_raw/PA_val_PA_T_0019347.flac,spoof,val,clean,PA,PA_0091,BC,spoof,"[80, 400]"
data/features/mfcc/val/PA_val_PA_T_0019347.npy,mfcc,data/raw/PA/PA/ASVspoof2019_PA_train/flac/PA_T_0019347.flac,data/subset_raw/PA_val_PA_T_0019347.flac,spoof,val,clean,PA,PA_0091,BC,spoof,"[20, 400]"
data/features/logmel/train/PA_train_PA_T_0053638.npy,logmel,data/raw/PA/PA/ASVspoof2019_PA_train/flac/PA_T_0053638.flac,data/subset_raw/PA_train_PA_T_0053638.flac,spoof,train,clean,PA,PA_0092,CB,spoof,"[80, 400]"
data/features/mfcc/train/PA_train_PA_T_0053638.npy,mfcc,data/raw/PA/PA/ASVspoof2019_PA_train/flac/PA_T_0053638.flac,data/subset_raw/PA_train_PA_T_0053638.flac,spoof,train,clean,PA,PA_0092,CB,spoof,"[20, 400]"
data/features/logmel/train/PA_train_PA_T_0034066.npy,logmel,data/raw/PA/PA/ASVspoof2019_PA_train/flac/PA_T_0034066.flac,data/subset_raw/PA_train_PA_T_0034066.flac,spoof,train,clean,PA,PA_0080,CC,spoof,"[80, 400]"
data/features/mfcc/train/PA_train_PA_T_0034066.npy,mfcc,data/raw/PA/PA/ASVspoof2019_PA_train/flac/PA_T_0034066.flac,data/subset_raw/PA_train_PA_T_0034066.flac,spoof,train,clean,PA,PA_0080,CC,spoof,"[20, 400]"
data/features/logmel/train/PA_train_PA_T_0026834.npy,logmel,data/raw/PA/PA/ASVspoof2019_PA_train/flac/PA_T_0026834.flac,data/subset_raw/PA_train_PA_T_0026834.flac,spoof,train,clean,PA,PA_0088,CC,spoof,"[80, 400]"
data/features/mfcc/train/PA_train_PA_T_0026834.npy,mfcc,data/raw/PA/PA/ASVspoof2019_PA_train/flac/PA_T_0026834.flac,data/subset_raw/PA_train_PA_T_0026834.flac,spoof,train,clean,PA,PA_0088,CC,spoof,"[20, 400]"
data/features/logmel/val/PA_val_PA_T_0049319.npy,logmel,data/raw/PA/PA/ASVspoof2019_PA_train/flac/PA_T_0049319.flac,data/subset_raw/PA_val_PA_T_0049319.flac,spoof,val,clean,PA,PA_0094,AB,spoof,"[80, 400]"
data/features/mfcc/val/PA_val_PA_T_0049319.npy,mfcc,data/raw/PA/PA/ASVspoof2019_PA_train/flac/PA_T_0049319.flac,data/subset_raw/PA_val_PA_T_0049319.flac,spoof,val,clean,PA,PA_0094,AB,spoof,"[20, 400]"
data/features/logmel/test/PA_test_PA_T_0023874.npy,logmel,data/raw/PA/PA/ASVspoof2019_PA_train/flac/PA_T_0023874.flac,data/subset_raw/PA_test_PA_T_0023874.flac,spoof,test,clean,PA,PA_0079,AC,spoof,"[80, 400]"
data/features/mfcc/test/PA_test_PA_T_0023874.npy,mfcc,data/raw/PA/PA/ASVspoof2019_PA_train/flac/PA_T_0023874.flac,data/subset_raw/PA_test_PA_T_0023874.flac,spoof,test,clean,PA,PA_0079,AC,spoof,"[20, 400]"
data/features/logmel/val/PA_val_PA_T_0049893.npy,logmel,data/raw/PA/PA/ASVspoof2019_PA_train/flac/PA_T_0049893.flac,data/subset_raw/PA_val_PA_T_0049893.flac,spoof,val,clean,PA,PA_0081,CA,spoof,"[80, 400]"
data/features/mfcc/val/PA_val_PA_T_0049893.npy,mfcc,data/raw/PA/PA/ASVspoof2019_PA_train/flac/PA_T_0049893.flac,data/subset_raw/PA_val_PA_T_0049893.flac,spoof,val,clean,PA,PA_0081,CA,spoof,"[20, 400]"
data/features/logmel/train/PA_train_PA_T_0036861.npy,logmel,data/raw/PA/PA/ASVspoof2019_PA_train/flac/PA_T_0036861.flac,data/subset_raw/PA_train_PA_T_0036861.flac,spoof,train,clean,PA,PA_0098,BC,spoof,"[80, 400]"
data/features/mfcc/train/PA_train_PA_T_0036861.npy,mfcc,data/raw/PA/PA/ASVspoof2019_PA_train/flac/PA_T_0036861.flac,data/subset_raw/PA_train_PA_T_0036861.flac,spoof,train,clean,PA,PA_0098,BC,spoof,"[20, 400]"
data/features/logmel/train/PA_train_PA_T_0051504.npy,logmel,data/raw/PA/PA/ASVspoof2019_PA_train/flac/PA_T_0051504.flac,data/subset_raw/PA_train_PA_T_0051504.flac,spoof,train,clean,PA,PA_0083,BC,spoof,"[80, 400]"
data/features/mfcc/train/PA_train_PA_T_0051504.npy,mfcc,data/raw/PA/PA/ASVspoof2019_PA_train/flac/PA_T_0051504.flac,data/subset_raw/PA_train_PA_T_0051504.flac,spoof,train,clean,PA,PA_0083,BC,spoof,"[20, 400]"
data/features/logmel/val/PA_val_PA_T_0030047.npy,logmel,data/raw/PA/PA/ASVspoof2019_PA_train/flac/PA_T_0030047.flac,data/subset_raw/PA_val_PA_T_0030047.flac,spoof,val,clean,PA,PA_0082,CA,spoof,"[80, 400]"
data/features/mfcc/val/PA_val_PA_T_0030047.npy,mfcc,data/raw/PA/PA/ASVspoof2019_PA_train/flac/PA_T_0030047.flac,data/subset_raw/PA_val_PA_T_0030047.flac,spoof,val,clean,PA,PA_0082,CA,spoof,"[20, 400]"
data/features/logmel/val/PA_val_PA_T_0018440.npy,logmel,data/raw/PA/PA/ASVspoof2019_PA_train/flac/PA_T_0018440.flac,data/subset_raw/PA_val_PA_T_0018440.flac,spoof,val,clean,PA,PA_0094,AB,spoof,"[80, 400]"
data/features/mfcc/val/PA_val_PA_T_0018440.npy,mfcc,data/raw/PA/PA/ASVspoof2019_PA_train/flac/PA_T_0018440.flac,data/subset_raw/PA_val_PA_T_0018440.flac,spoof,val,clean,PA,PA_0094,AB,spoof,"[20, 400]"
data/features/logmel/val/PA_val_PA_T_0045944.npy,logmel,data/raw/PA/PA/ASVspoof2019_PA_train/flac/PA_T_0045944.flac,data/subset_raw/PA_val_PA_T_0045944.flac,spoof,val,clean,PA,PA_0081,BB,spoof,"[80, 400]"
data/features/mfcc/val/PA_val_PA_T_0045944.npy,mfcc,data/raw/PA/PA/ASVspoof2019_PA_train/flac/PA_T_0045944.flac,data/subset_raw/PA_val_PA_T_0045944.flac,spoof,val,clean,PA,PA_0081,BB,spoof,"[20, 400]"
data/features/logmel/train/PA_train_PA_T_0042083.npy,logmel,data/raw/PA/PA/ASVspoof2019_PA_train/flac/PA_T_0042083.flac,data/subset_raw/PA_train_PA_T_0042083.flac,spoof,train,clean,PA,PA_0088,BB,spoof,"[80, 400]"
data/features/mfcc/train/PA_train_PA_T_0042083.npy,mfcc,data/raw/PA/PA/ASVspoof2019_PA_train/flac/PA_T_0042083.flac,data/subset_raw/PA_train_PA_T_0042083.flac,spoof,train,clean,PA,PA_0088,BB,spoof,"[20, 400]"
data/features/logmel/train/PA_train_PA_T_0029473.npy,logmel,data/raw/PA/PA/ASVspoof2019_PA_train/flac/PA_T_0029473.flac,data/subset_raw/PA_train_PA_T_0029473.flac,spoof,train,clean,PA,PA_0093,AC,spoof,"[80, 400]"
data/features/mfcc/train/PA_train_PA_T_0029473.npy,mfcc,data/raw/PA/PA/ASVspoof2019_PA_train/flac/PA_T_0029473.flac,data/subset_raw/PA_train_PA_T_0029473.flac,spoof,train,clean,PA,PA_0093,AC,spoof,"[20, 400]"
data/features/logmel/train/PA_train_PA_T_0022569.npy,logmel,data/raw/PA/PA/ASVspoof2019_PA_train/flac/PA_T_0022569.flac,data/subset_raw/PA_train_PA_T_0022569.flac,spoof,train,clean,PA,PA_0084,AC,spoof,"[80, 400]"
data/features/mfcc/train/PA_train_PA_T_0022569.npy,mfcc,data/raw/PA/PA/ASVspoof2019_PA_train/flac/PA_T_0022569.flac,data/subset_raw/PA_train_PA_T_0022569.flac,spoof,train,clean,PA,PA_0084,AC,spoof,"[20, 400]"
data/features/logmel/train/PA_train_PA_T_0029792.npy,logmel,data/raw/PA/PA/ASVspoof2019_PA_train/flac/PA_T_0029792.flac,data/subset_raw/PA_train_PA_T_0029792.flac,spoof,train,clean,PA,PA_0090,BB,spoof,"[80, 400]"
data/features/mfcc/train/PA_train_PA_T_0029792.npy,mfcc,data/raw/PA/PA/ASVspoof2019_PA_train/flac/PA_T_0029792.flac,data/subset_raw/PA_train_PA_T_0029792.flac,spoof,train,clean,PA,PA_0090,BB,spoof,"[20, 400]"
data/features/logmel/train/PA_train_PA_T_0007301.npy,logmel,data/raw/PA/PA/ASVspoof2019_PA_train/flac/PA_T_0007301.flac,data/subset_raw/PA_train_PA_T_0007301.flac,spoof,train,clean,PA,PA_0086,AA,spoof,"[80, 400]"
data/features/mfcc/train/PA_train_PA_T_0007301.npy,mfcc,data/raw/PA/PA/ASVspoof2019_PA_train/flac/PA_T_0007301.flac,data/subset_raw/PA_train_PA_T_0007301.flac,spoof,train,clean,PA,PA_0086,AA,spoof,"[20, 400]"
data/features/logmel/train/PA_train_PA_T_0012121.npy,logmel,data/raw/PA/PA/ASVspoof2019_PA_train/flac/PA_T_0012121.flac,data/subset_raw/PA_train_PA_T_0012121.flac,spoof,train,clean,PA,PA_0084,BB,spoof,"[80, 400]"
data/features/mfcc/train/PA_train_PA_T_0012121.npy,mfcc,data/raw/PA/PA/ASVspoof2019_PA_train/flac/PA_T_0012121.flac,data/subset_raw/PA_train_PA_T_0012121.flac,spoof,train,clean,PA,PA_0084,BB,spoof,"[20, 400]"
data/features/logmel/val/PA_val_PA_T_0027255.npy,logmel,data/raw/PA/PA/ASVspoof2019_PA_train/flac/PA_T_0027255.flac,data/subset_raw/PA_val_PA_T_0027255.flac,spoof,val,clean,PA,PA_0091,AA,spoof,"[80, 400]"
data/features/mfcc/val/PA_val_PA_T_0027255.npy,mfcc,data/raw/PA/PA/ASVspoof2019_PA_train/flac/PA_T_0027255.flac,data/subset_raw/PA_val_PA_T_0027255.flac,spoof,val,clean,PA,PA_0091,AA,spoof,"[20, 400]"
data/features/logmel/train/PA_train_PA_T_0018316.npy,logmel,data/raw/PA/PA/ASVspoof2019_PA_train/flac/PA_T_0018316.flac,data/subset_raw/PA_train_PA_T_0018316.flac,spoof,train,clean,PA,PA_0084,AB,spoof,"[80, 400]"
data/features/mfcc/train/PA_train_PA_T_0018316.npy,mfcc,data/raw/PA/PA/ASVspoof2019_PA_train/flac/PA_T_0018316.flac,data/subset_raw/PA_train_PA_T_0018316.flac,spoof,train,clean,PA,PA_0084,AB,spoof,"[20, 400]"
data/features/logmel/train/PA_train_PA_T_0031259.npy,logmel,data/raw/PA/PA/ASVspoof2019_PA_train/flac/PA_T_0031259.flac,data/subset_raw/PA_train_PA_T_0031259.flac,spoof,train,clean,PA,PA_0088,BB,spoof,"[80, 400]"
data/features/mfcc/train/PA_train_PA_T_0031259.npy,mfcc,data/raw/PA/PA/ASVspoof2019_PA_train/flac/PA_T_0031259.flac,data/subset_raw/PA_train_PA_T_0031259.flac,spoof,train,clean,PA,PA_0088,BB,spoof,"[20, 400]"
data/features/logmel/val/PA_val_PA_T_0013106.npy,logmel,data/raw/PA/PA/ASVspoof2019_PA_train/flac/PA_T_0013106.flac,data/subset_raw/PA_val_PA_T_0013106.flac,spoof,val,clean,PA,PA_0081,AC,spoof,"[80, 400]"
data/features/mfcc/val/PA_val_PA_T_0013106.npy,mfcc,data/raw/PA/PA/ASVspoof2019_PA_train/flac/PA_T_0013106.flac,data/subset_raw/PA_val_PA_T_0013106.flac,spoof,val,clean,PA,PA_0081,AC,spoof,"[20, 400]"
data/features/logmel/train/PA_train_PA_T_0013321.npy,logmel,data/raw/PA/PA/ASVspoof2019_PA_train/flac/PA_T_0013321.flac,data/subset_raw/PA_train_PA_T_0013321.flac,spoof,train,clean,PA,PA_0080,BA,spoof,"[80, 400]"
data/features/mfcc/train/PA_train_PA_T_0013321.npy,mfcc,data/raw/PA/PA/ASVspoof2019_PA_train/flac/PA_T_0013321.flac,data/subset_raw/PA_train_PA_T_0013321.flac,spoof,train,clean,PA,PA_0080,BA,spoof,"[20, 400]"
data/features/logmel/train/PA_train_PA_T_0027229.npy,logmel,data/raw/PA/PA/ASVspoof2019_PA_train/flac/PA_T_0027229.flac,data/subset_raw/PA_train_PA_T_0027229.flac,spoof,train,clean,PA,PA_0089,AA,spoof,"[80, 400]"
data/features/mfcc/train/PA_train_PA_T_0027229.npy,mfcc,data/raw/PA/PA/ASVspoof2019_PA_train/flac/PA_T_0027229.flac,data/subset_raw/PA_train_PA_T_0027229.flac,spoof,train,clean,PA,PA_0089,AA,spoof,"[20, 400]"
data/features/logmel/test/PA_test_PA_T_0036693.npy,logmel,data/raw/PA/PA/ASVspoof2019_PA_train/flac/PA_T_0036693.flac,data/subset_raw/PA_test_PA_T_0036693.flac,spoof,test,clean,PA,PA_0097,BB,spoof,"[80, 400]"
data/features/mfcc/test/PA_test_PA_T_0036693.npy,mfcc,data/raw/PA/PA/ASVspoof2019_PA_train/flac/PA_T_0036693.flac,data/subset_raw/PA_test_PA_T_0036693.flac,spoof,test,clean,PA,PA_0097,BB,spoof,"[20, 400]"
data/features/logmel/train/PA_train_PA_T_0039182.npy,logmel,data/raw/PA/PA/ASVspoof2019_PA_train/flac/PA_T_0039182.flac,data/subset_raw/PA_train_PA_T_0039182.flac,spoof,train,clean,PA,PA_0090,BC,spoof,"[80, 400]"
data/features/mfcc/train/PA_train_PA_T_0039182.npy,mfcc,data/raw/PA/PA/ASVspoof2019_PA_train/flac/PA_T_0039182.flac,data/subset_raw/PA_train_PA_T_0039182.flac,spoof,train,clean,PA,PA_0090,BC,spoof,"[20, 400]"
data/features/logmel/train/PA_train_PA_T_0024917.npy,logmel,data/raw/PA/PA/ASVspoof2019_PA_train/flac/PA_T_0024917.flac,data/subset_raw/PA_train_PA_T_0024917.flac,spoof,train,clean,PA,PA_0090,CB,spoof,"[80, 400]"
data/features/mfcc/train/PA_train_PA_T_0024917.npy,mfcc,data/raw/PA/PA/ASVspoof2019_PA_train/flac/PA_T_0024917.flac,data/subset_raw/PA_train_PA_T_0024917.flac,spoof,train,clean,PA,PA_0090,CB,spoof,"[20, 400]"
data/features/logmel/train/PA_train_PA_T_0053347.npy,logmel,data/raw/PA/PA/ASVspoof2019_PA_train/flac/PA_T_0053347.flac,data/subset_raw/PA_train_PA_T_0053347.flac,spoof,train,clean,PA,PA_0090,CA,spoof,"[80, 400]"
data/features/mfcc/train/PA_train_PA_T_0053347.npy,mfcc,data/raw/PA/PA/ASVspoof2019_PA_train/flac/PA_T_0053347.flac,data/subset_raw/PA_train_PA_T_0053347.flac,spoof,train,clean,PA,PA_0090,CA,spoof,"[20, 400]"
data/features/logmel/train/PA_train_PA_T_0023595.npy,logmel,data/raw/PA/PA/ASVspoof2019_PA_train/flac/PA_T_0023595.flac,data/subset_raw/PA_train_PA_T_0023595.flac,spoof,train,clean,PA,PA_0095,AA,spoof,"[80, 400]"
data/features/mfcc/train/PA_train_PA_T_0023595.npy,mfcc,data/raw/PA/PA/ASVspoof2019_PA_train/flac/PA_T_0023595.flac,data/subset_raw/PA_train_PA_T_0023595.flac,spoof,train,clean,PA,PA_0095,AA,spoof,"[20, 400]"
data/features/logmel/train/PA_train_PA_T_0038983.npy,logmel,data/raw/PA/PA/ASVspoof2019_PA_train/flac/PA_T_0038983.flac,data/subset_raw/PA_train_PA_T_0038983.flac,spoof,train,clean,PA,PA_0092,AC,spoof,"[80, 400]"
data/features/mfcc/train/PA_train_PA_T_0038983.npy,mfcc,data/raw/PA/PA/ASVspoof2019_PA_train/flac/PA_T_0038983.flac,data/subset_raw/PA_train_PA_T_0038983.flac,spoof,train,clean,PA,PA_0092,AC,spoof,"[20, 400]"
data/features/logmel/train/PA_train_PA_T_0036591.npy,logmel,data/raw/PA/PA/ASVspoof2019_PA_train/flac/PA_T_0036591.flac,data/subset_raw/PA_train_PA_T_0036591.flac,spoof,train,clean,PA,PA_0083,BB,spoof,"[80, 400]"
data/features/mfcc/train/PA_train_PA_T_0036591.npy,mfcc,data/raw/PA/PA/ASVspoof2019_PA_train/flac/PA_T_0036591.flac,data/subset_raw/PA_train_PA_T_0036591.flac,spoof,train,clean,PA,PA_0083,BB,spoof,"[20, 400]"
data/features/logmel/val/PA_val_PA_T_0024300.npy,logmel,data/raw/PA/PA/ASVspoof2019_PA_train/flac/PA_T_0024300.flac,data/subset_raw/PA_val_PA_T_0024300.flac,spoof,val,clean,PA,PA_0082,BB,spoof,"[80, 400]"
data/features/mfcc/val/PA_val_PA_T_0024300.npy,mfcc,data/raw/PA/PA/ASVspoof2019_PA_train/flac/PA_T_0024300.flac,data/subset_raw/PA_val_PA_T_0024300.flac,spoof,val,clean,PA,PA_0082,BB,spoof,"[20, 400]"
data/features/logmel/train/PA_train_PA_T_0048359.npy,logmel,data/raw/PA/PA/ASVspoof2019_PA_train/flac/PA_T_0048359.flac,data/subset_raw/PA_train_PA_T_0048359.flac,spoof,train,clean,PA,PA_0080,CC,spoof,"[80, 400]"
data/features/mfcc/train/PA_train_PA_T_0048359.npy,mfcc,data/raw/PA/PA/ASVspoof2019_PA_train/flac/PA_T_0048359.flac,data/subset_raw/PA_train_PA_T_0048359.flac,spoof,train,clean,PA,PA_0080,CC,spoof,"[20, 400]"
data/features/logmel/train/PA_train_PA_T_0014804.npy,logmel,data/raw/PA/PA/ASVspoof2019_PA_train/flac/PA_T_0014804.flac,data/subset_raw/PA_train_PA_T_0014804.flac,spoof,train,clean,PA,PA_0092,AC,spoof,"[80, 400]"
data/features/mfcc/train/PA_train_PA_T_0014804.npy,mfcc,data/raw/PA/PA/ASVspoof2019_PA_train/flac/PA_T_0014804.flac,data/subset_raw/PA_train_PA_T_0014804.flac,spoof,train,clean,PA,PA_0092,AC,spoof,"[20, 400]"
data/features/logmel/val/PA_val_PA_T_0035647.npy,logmel,data/raw/PA/PA/ASVspoof2019_PA_train/flac/PA_T_0035647.flac,data/subset_raw/PA_val_PA_T_0035647.flac,spoof,val,clean,PA,PA_0082,CB,spoof,"[80, 400]"
data/features/mfcc/val/PA_val_PA_T_0035647.npy,mfcc,data/raw/PA/PA/ASVspoof2019_PA_train/flac/PA_T_0035647.flac,data/subset_raw/PA_val_PA_T_0035647.flac,spoof,val,clean,PA,PA_0082,CB,spoof,"[20, 400]"
data/features/logmel/train/PA_train_PA_T_0022177.npy,logmel,data/raw/PA/PA/ASVspoof2019_PA_train/flac/PA_T_0022177.flac,data/subset_raw/PA_train_PA_T_0022177.flac,spoof,train,clean,PA,PA_0085,AB,spoof,"[80, 400]"
data/features/mfcc/train/PA_train_PA_T_0022177.npy,mfcc,data/raw/PA/PA/ASVspoof2019_PA_train/flac/PA_T_0022177.flac,data/subset_raw/PA_train_PA_T_0022177.flac,spoof,train,clean,PA,PA_0085,AB,spoof,"[20, 400]"
data/features/logmel/test/PA_test_PA_T_0019203.npy,logmel,data/raw/PA/PA/ASVspoof2019_PA_train/flac/PA_T_0019203.flac,data/subset_raw/PA_test_PA_T_0019203.flac,spoof,test,clean,PA,PA_0079,BC,spoof,"[80, 400]"
data/features/mfcc/test/PA_test_PA_T_0019203.npy,mfcc,data/raw/PA/PA/ASVspoof2019_PA_train/flac/PA_T_0019203.flac,data/subset_raw/PA_test_PA_T_0019203.flac,spoof,test,clean,PA,PA_0079,BC,spoof,"[20, 400]"
data/features/logmel/train/PA_train_PA_T_0051914.npy,logmel,data/raw/PA/PA/ASVspoof2019_PA_train/flac/PA_T_0051914.flac,data/subset_raw/PA_train_PA_T_0051914.flac,spoof,train,clean,PA,PA_0088,CB,spoof,"[80, 400]"
data/features/mfcc/train/PA_train_PA_T_0051914.npy,mfcc,data/raw/PA/PA/ASVspoof2019_PA_train/flac/PA_T_0051914.flac,data/subset_raw/PA_train_PA_T_0051914.flac,spoof,train,clean,PA,PA_0088,CB,spoof,"[20, 400]"
data/features/logmel/train/PA_train_PA_T_0040500.npy,logmel,data/raw/PA/PA/ASVspoof2019_PA_train/flac/PA_T_0040500.flac,data/subset_raw/PA_train_PA_T_0040500.flac,spoof,train,clean,PA,PA_0093,BA,spoof,"[80, 400]"
data/features/mfcc/train/PA_train_PA_T_0040500.npy,mfcc,data/raw/PA/PA/ASVspoof2019_PA_train/flac/PA_T_0040500.flac,data/subset_raw/PA_train_PA_T_0040500.flac,spoof,train,clean,PA,PA_0093,BA,spoof,"[20, 400]"
data/features/logmel/val/PA_val_PA_T_0052262.npy,logmel,data/raw/PA/PA/ASVspoof2019_PA_train/flac/PA_T_0052262.flac,data/subset_raw/PA_val_PA_T_0052262.flac,spoof,val,clean,PA,PA_0091,AA,spoof,"[80, 400]"
data/features/mfcc/val/PA_val_PA_T_0052262.npy,mfcc,data/raw/PA/PA/ASVspoof2019_PA_train/flac/PA_T_0052262.flac,data/subset_raw/PA_val_PA_T_0052262.flac,spoof,val,clean,PA,PA_0091,AA,spoof,"[20, 400]"
data/features/logmel/train/PA_train_PA_T_0028777.npy,logmel,data/raw/PA/PA/ASVspoof2019_PA_train/flac/PA_T_0028777.flac,data/subset_raw/PA_train_PA_T_0028777.flac,spoof,train,clean,PA,PA_0095,CC,spoof,"[80, 400]"
data/features/mfcc/train/PA_train_PA_T_0028777.npy,mfcc,data/raw/PA/PA/ASVspoof2019_PA_train/flac/PA_T_0028777.flac,data/subset_raw/PA_train_PA_T_0028777.flac,spoof,train,clean,PA,PA_0095,CC,spoof,"[20, 400]"
data/features/logmel/train/PA_train_PA_T_0048822.npy,logmel,data/raw/PA/PA/ASVspoof2019_PA_train/flac/PA_T_0048822.flac,data/subset_raw/PA_train_PA_T_0048822.flac,spoof,train,clean,PA,PA_0089,AA,spoof,"[80, 400]"
data/features/mfcc/train/PA_train_PA_T_0048822.npy,mfcc,data/raw/PA/PA/ASVspoof2019_PA_train/flac/PA_T_0048822.flac,data/subset_raw/PA_train_PA_T_0048822.flac,spoof,train,clean,PA,PA_0089,AA,spoof,"[20, 400]"
data/features/logmel/train/PA_train_PA_T_0038113.npy,logmel,data/raw/PA/PA/ASVspoof2019_PA_train/flac/PA_T_0038113.flac,data/subset_raw/PA_train_PA_T_0038113.flac,spoof,train,clean,PA,PA_0093,AA,spoof,"[80, 400]"
data/features/mfcc/train/PA_train_PA_T_0038113.npy,mfcc,data/raw/PA/PA/ASVspoof2019_PA_train/flac/PA_T_0038113.flac,data/subset_raw/PA_train_PA_T_0038113.flac,spoof,train,clean,PA,PA_0093,AA,spoof,"[20, 400]"
data/features/logmel/train/PA_train_PA_T_0048590.npy,logmel,data/raw/PA/PA/ASVspoof2019_PA_train/flac/PA_T_0048590.flac,data/subset_raw/PA_train_PA_T_0048590.flac,spoof,train,clean,PA,PA_0098,CC,spoof,"[80, 400]"
data/features/mfcc/train/PA_train_PA_T_0048590.npy,mfcc,data/raw/PA/PA/ASVspoof2019_PA_train/flac/PA_T_0048590.flac,data/subset_raw/PA_train_PA_T_0048590.flac,spoof,train,clean,PA,PA_0098,CC,spoof,"[20, 400]"
data/features/logmel/val/PA_val_PA_T_0046874.npy,logmel,data/raw/PA/PA/ASVspoof2019_PA_train/flac/PA_T_0046874.flac,data/subset_raw/PA_val_PA_T_0046874.flac,spoof,val,clean,PA,PA_0091,AA,spoof,"[80, 400]"
data/features/mfcc/val/PA_val_PA_T_0046874.npy,mfcc,data/raw/PA/PA/ASVspoof2019_PA_train/flac/PA_T_0046874.flac,data/subset_raw/PA_val_PA_T_0046874.flac,spoof,val,clean,PA,PA_0091,AA,spoof,"[20, 400]"
data/features/logmel/val/PA_val_PA_T_0048674.npy,logmel,data/raw/PA/PA/ASVspoof2019_PA_train/flac/PA_T_0048674.flac,data/subset_raw/PA_val_PA_T_0048674.flac,spoof,val,clean,PA,PA_0082,AA,spoof,"[80, 400]"
data/features/mfcc/val/PA_val_PA_T_0048674.npy,mfcc,data/raw/PA/PA/ASVspoof2019_PA_train/flac/PA_T_0048674.flac,data/subset_raw/PA_val_PA_T_0048674.flac,spoof,val,clean,PA,PA_0082,AA,spoof,"[20, 400]"
data/features/logmel/train/PA_train_PA_T_0050891.npy,logmel,data/raw/PA/PA/ASVspoof2019_PA_train/flac/PA_T_0050891.flac,data/subset_raw/PA_train_PA_T_0050891.flac,spoof,train,clean,PA,PA_0080,AC,spoof,"[80, 400]"
data/features/mfcc/train/PA_train_PA_T_0050891.npy,mfcc,data/raw/PA/PA/ASVspoof2019_PA_train/flac/PA_T_0050891.flac,data/subset_raw/PA_train_PA_T_0050891.flac,spoof,train,clean,PA,PA_0080,AC,spoof,"[20, 400]"
data/features/logmel/train/PA_train_PA_T_0008612.npy,logmel,data/raw/PA/PA/ASVspoof2019_PA_train/flac/PA_T_0008612.flac,data/subset_raw/PA_train_PA_T_0008612.flac,spoof,train,clean,PA,PA_0080,CA,spoof,"[80, 400]"
data/features/mfcc/train/PA_train_PA_T_0008612.npy,mfcc,data/raw/PA/PA/ASVspoof2019_PA_train/flac/PA_T_0008612.flac,data/subset_raw/PA_train_PA_T_0008612.flac,spoof,train,clean,PA,PA_0080,CA,spoof,"[20, 400]"
data/features/logmel/val/PA_val_PA_T_0032150.npy,logmel,data/raw/PA/PA/ASVspoof2019_PA_train/flac/PA_T_0032150.flac,data/subset_raw/PA_val_PA_T_0032150.flac,spoof,val,clean,PA,PA_0081,CC,spoof,"[80, 400]"
data/features/mfcc/val/PA_val_PA_T_0032150.npy,mfcc,data/raw/PA/PA/ASVspoof2019_PA_train/flac/PA_T_0032150.flac,data/subset_raw/PA_val_PA_T_0032150.flac,spoof,val,clean,PA,PA_0081,CC,spoof,"[20, 400]"
data/features/logmel/train/PA_train_PA_T_0028402.npy,logmel,data/raw/PA/PA/ASVspoof2019_PA_train/flac/PA_T_0028402.flac,data/subset_raw/PA_train_PA_T_0028402.flac,spoof,train,clean,PA,PA_0080,CA,spoof,"[80, 400]"
data/features/mfcc/train/PA_train_PA_T_0028402.npy,mfcc,data/raw/PA/PA/ASVspoof2019_PA_train/flac/PA_T_0028402.flac,data/subset_raw/PA_train_PA_T_0028402.flac,spoof,train,clean,PA,PA_0080,CA,spoof,"[20, 400]"
data/features/logmel/train/PA_train_PA_T_0006991.npy,logmel,data/raw/PA/PA/ASVspoof2019_PA_train/flac/PA_T_0006991.flac,data/subset_raw/PA_train_PA_T_0006991.flac,spoof,train,clean,PA,PA_0083,CB,spoof,"[80, 400]"
data/features/mfcc/train/PA_train_PA_T_0006991.npy,mfcc,data/raw/PA/PA/ASVspoof2019_PA_train/flac/PA_T_0006991.flac,data/subset_raw/PA_train_PA_T_0006991.flac,spoof,train,clean,PA,PA_0083,CB,spoof,"[20, 400]"
data/features/logmel/train/PA_train_PA_T_0008127.npy,logmel,data/raw/PA/PA/ASVspoof2019_PA_train/flac/PA_T_0008127.flac,data/subset_raw/PA_train_PA_T_0008127.flac,spoof,train,clean,PA,PA_0090,BA,spoof,"[80, 400]"
data/features/mfcc/train/PA_train_PA_T_0008127.npy,mfcc,data/raw/PA/PA/ASVspoof2019_PA_train/flac/PA_T_0008127.flac,data/subset_raw/PA_train_PA_T_0008127.flac,spoof,train,clean,PA,PA_0090,BA,spoof,"[20, 400]"
data/features/logmel/train/PA_train_PA_T_0011832.npy,logmel,data/raw/PA/PA/ASVspoof2019_PA_train/flac/PA_T_0011832.flac,data/subset_raw/PA_train_PA_T_0011832.flac,spoof,train,clean,PA,PA_0089,AC,spoof,"[80, 400]"
data/features/mfcc/train/PA_train_PA_T_0011832.npy,mfcc,data/raw/PA/PA/ASVspoof2019_PA_train/flac/PA_T_0011832.flac,data/subset_raw/PA_train_PA_T_0011832.flac,spoof,train,clean,PA,PA_0089,AC,spoof,"[20, 400]"
data/features/logmel/train/PA_train_PA_T_0028818.npy,logmel,data/raw/PA/PA/ASVspoof2019_PA_train/flac/PA_T_0028818.flac,data/subset_raw/PA_train_PA_T_0028818.flac,spoof,train,clean,PA,PA_0080,AA,spoof,"[80, 400]"
data/features/mfcc/train/PA_train_PA_T_0028818.npy,mfcc,data/raw/PA/PA/ASVspoof2019_PA_train/flac/PA_T_0028818.flac,data/subset_raw/PA_train_PA_T_0028818.flac,spoof,train,clean,PA,PA_0080,AA,spoof,"[20, 400]"
data/features/logmel/train/PA_train_PA_T_0051165.npy,logmel,data/raw/PA/PA/ASVspoof2019_PA_train/flac/PA_T_0051165.flac,data/subset_raw/PA_train_PA_T_0051165.flac,spoof,train,clean,PA,PA_0084,BA,spoof,"[80, 400]"
data/features/mfcc/train/PA_train_PA_T_0051165.npy,mfcc,data/raw/PA/PA/ASVspoof2019_PA_train/flac/PA_T_0051165.flac,data/subset_raw/PA_train_PA_T_0051165.flac,spoof,train,clean,PA,PA_0084,BA,spoof,"[20, 400]"
data/features/logmel/train/PA_train_PA_T_0041201.npy,logmel,data/raw/PA/PA/ASVspoof2019_PA_train/flac/PA_T_0041201.flac,data/subset_raw/PA_train_PA_T_0041201.flac,spoof,train,clean,PA,PA_0096,CB,spoof,"[80, 400]"
data/features/mfcc/train/PA_train_PA_T_0041201.npy,mfcc,data/raw/PA/PA/ASVspoof2019_PA_train/flac/PA_T_0041201.flac,data/subset_raw/PA_train_PA_T_0041201.flac,spoof,train,clean,PA,PA_0096,CB,spoof,"[20, 400]"
data/features/logmel/train/PA_train_PA_T_0023538.npy,logmel,data/raw/PA/PA/ASVspoof2019_PA_train/flac/PA_T_0023538.flac,data/subset_raw/PA_train_PA_T_0023538.flac,spoof,train,clean,PA,PA_0090,AA,spoof,"[80, 400]"
data/features/mfcc/train/PA_train_PA_T_0023538.npy,mfcc,data/raw/PA/PA/ASVspoof2019_PA_train/flac/PA_T_0023538.flac,data/subset_raw/PA_train_PA_T_0023538.flac,spoof,train,clean,PA,PA_0090,AA,spoof,"[20, 400]"
data/features/logmel/train/PA_train_PA_T_0022838.npy,logmel,data/raw/PA/PA/ASVspoof2019_PA_train/flac/PA_T_0022838.flac,data/subset_raw/PA_train_PA_T_0022838.flac,spoof,train,clean,PA,PA_0096,AC,spoof,"[80, 400]"
data/features/mfcc/train/PA_train_PA_T_0022838.npy,mfcc,data/raw/PA/PA/ASVspoof2019_PA_train/flac/PA_T_0022838.flac,data/subset_raw/PA_train_PA_T_0022838.flac,spoof,train,clean,PA,PA_0096,AC,spoof,"[20, 400]"
data/features/logmel/train/PA_train_PA_T_0048299.npy,logmel,data/raw/PA/PA/ASVspoof2019_PA_train/flac/PA_T_0048299.flac,data/subset_raw/PA_train_PA_T_0048299.flac,spoof,train,clean,PA,PA_0096,CB,spoof,"[80, 400]"
data/features/mfcc/train/PA_train_PA_T_0048299.npy,mfcc,data/raw/PA/PA/ASVspoof2019_PA_train/flac/PA_T_0048299.flac,data/subset_raw/PA_train_PA_T_0048299.flac,spoof,train,clean,PA,PA_0096,CB,spoof,"[20, 400]"
data/features/logmel/train/PA_train_PA_T_0013759.npy,logmel,data/raw/PA/PA/ASVspoof2019_PA_train/flac/PA_T_0013759.flac,data/subset_raw/PA_train_PA_T_0013759.flac,spoof,train,clean,PA,PA_0098,BB,spoof,"[80, 400]"
data/features/mfcc/train/PA_train_PA_T_0013759.npy,mfcc,data/raw/PA/PA/ASVspoof2019_PA_train/flac/PA_T_0013759.flac,data/subset_raw/PA_train_PA_T_0013759.flac,spoof,train,clean,PA,PA_0098,BB,spoof,"[20, 400]"
data/features/logmel/train/PA_train_PA_T_0022026.npy,logmel,data/raw/PA/PA/ASVspoof2019_PA_train/flac/PA_T_0022026.flac,data/subset_raw/PA_train_PA_T_0022026.flac,spoof,train,clean,PA,PA_0098,AA,spoof,"[80, 400]"
data/features/mfcc/train/PA_train_PA_T_0022026.npy,mfcc,data/raw/PA/PA/ASVspoof2019_PA_train/flac/PA_T_0022026.flac,data/subset_raw/PA_train_PA_T_0022026.flac,spoof,train,clean,PA,PA_0098,AA,spoof,"[20, 400]"
data/features/logmel/train/PA_train_PA_T_0036311.npy,logmel,data/raw/PA/PA/ASVspoof2019_PA_train/flac/PA_T_0036311.flac,data/subset_raw/PA_train_PA_T_0036311.flac,spoof,train,clean,PA,PA_0086,AC,spoof,"[80, 400]"
data/features/mfcc/train/PA_train_PA_T_0036311.npy,mfcc,data/raw/PA/PA/ASVspoof2019_PA_train/flac/PA_T_0036311.flac,data/subset_raw/PA_train_PA_T_0036311.flac,spoof,train,clean,PA,PA_0086,AC,spoof,"[20, 400]"
data/features/logmel/test/PA_test_PA_T_0044990.npy,logmel,data/raw/PA/PA/ASVspoof2019_PA_train/flac/PA_T_0044990.flac,data/subset_raw/PA_test_PA_T_0044990.flac,spoof,test,clean,PA,PA_0097,CC,spoof,"[80, 400]"
data/features/mfcc/test/PA_test_PA_T_0044990.npy,mfcc,data/raw/PA/PA/ASVspoof2019_PA_train/flac/PA_T_0044990.flac,data/subset_raw/PA_test_PA_T_0044990.flac,spoof,test,clean,PA,PA_0097,CC,spoof,"[20, 400]"
data/features/logmel/train/PA_train_PA_T_0047363.npy,logmel,data/raw/PA/PA/ASVspoof2019_PA_train/flac/PA_T_0047363.flac,data/subset_raw/PA_train_PA_T_0047363.flac,spoof,train,clean,PA,PA_0098,BA,spoof,"[80, 400]"
data/features/mfcc/train/PA_train_PA_T_0047363.npy,mfcc,data/raw/PA/PA/ASVspoof2019_PA_train/flac/PA_T_0047363.flac,data/subset_raw/PA_train_PA_T_0047363.flac,spoof,train,clean,PA,PA_0098,BA,spoof,"[20, 400]"
data/features/logmel/val/PA_val_PA_T_0032471.npy,logmel,data/raw/PA/PA/ASVspoof2019_PA_train/flac/PA_T_0032471.flac,data/subset_raw/PA_val_PA_T_0032471.flac,spoof,val,clean,PA,PA_0082,AA,spoof,"[80, 400]"
data/features/mfcc/val/PA_val_PA_T_0032471.npy,mfcc,data/raw/PA/PA/ASVspoof2019_PA_train/flac/PA_T_0032471.flac,data/subset_raw/PA_val_PA_T_0032471.flac,spoof,val,clean,PA,PA_0082,AA,spoof,"[20, 400]"
data/features/logmel/val/PA_val_PA_T_0037847.npy,logmel,data/raw/PA/PA/ASVspoof2019_PA_train/flac/PA_T_0037847.flac,data/subset_raw/PA_val_PA_T_0037847.flac,spoof,val,clean,PA,PA_0081,AA,spoof,"[80, 400]"
data/features/mfcc/val/PA_val_PA_T_0037847.npy,mfcc,data/raw/PA/PA/ASVspoof2019_PA_train/flac/PA_T_0037847.flac,data/subset_raw/PA_val_PA_T_0037847.flac,spoof,val,clean,PA,PA_0081,AA,spoof,"[20, 400]"
data/features/logmel/train/PA_train_PA_T_0045636.npy,logmel,data/raw/PA/PA/ASVspoof2019_PA_train/flac/PA_T_0045636.flac,data/subset_raw/PA_train_PA_T_0045636.flac,spoof,train,clean,PA,PA_0090,AC,spoof,"[80, 400]"
data/features/mfcc/train/PA_train_PA_T_0045636.npy,mfcc,data/raw/PA/PA/ASVspoof2019_PA_train/flac/PA_T_0045636.flac,data/subset_raw/PA_train_PA_T_0045636.flac,spoof,train,clean,PA,PA_0090,AC,spoof,"[20, 400]"
data/features/logmel/train/PA_train_PA_T_0043501.npy,logmel,data/raw/PA/PA/ASVspoof2019_PA_train/flac/PA_T_0043501.flac,data/subset_raw/PA_train_PA_T_0043501.flac,spoof,train,clean,PA,PA_0093,AA,spoof,"[80, 400]"
data/features/mfcc/train/PA_train_PA_T_0043501.npy,mfcc,data/raw/PA/PA/ASVspoof2019_PA_train/flac/PA_T_0043501.flac,data/subset_raw/PA_train_PA_T_0043501.flac,spoof,train,clean,PA,PA_0093,AA,spoof,"[20, 400]"
data/features/logmel/test/PA_test_PA_T_0045904.npy,logmel,data/raw/PA/PA/ASVspoof2019_PA_train/flac/PA_T_0045904.flac,data/subset_raw/PA_test_PA_T_0045904.flac,spoof,test,clean,PA,PA_0097,BA,spoof,"[80, 400]"
data/features/mfcc/test/PA_test_PA_T_0045904.npy,mfcc,data/raw/PA/PA/ASVspoof2019_PA_train/flac/PA_T_0045904.flac,data/subset_raw/PA_test_PA_T_0045904.flac,spoof,test,clean,PA,PA_0097,BA,spoof,"[20, 400]"
data/features/logmel/train/PA_train_PA_T_0009189.npy,logmel,data/raw/PA/PA/ASVspoof2019_PA_train/flac/PA_T_0009189.flac,data/subset_raw/PA_train_PA_T_0009189.flac,spoof,train,clean,PA,PA_0088,AB,spoof,"[80, 400]"
data/features/mfcc/train/PA_train_PA_T_0009189.npy,mfcc,data/raw/PA/PA/ASVspoof2019_PA_train/flac/PA_T_0009189.flac,data/subset_raw/PA_train_PA_T_0009189.flac,spoof,train,clean,PA,PA_0088,AB,spoof,"[20, 400]"
data/features/logmel/train/PA_train_PA_T_0042091.npy,logmel,data/raw/PA/PA/ASVspoof2019_PA_train/flac/PA_T_0042091.flac,data/subset_raw/PA_train_PA_T_0042091.flac,spoof,train,clean,PA,PA_0089,BB,spoof,"[80, 400]"
data/features/mfcc/train/PA_train_PA_T_0042091.npy,mfcc,data/raw/PA/PA/ASVspoof2019_PA_train/flac/PA_T_0042091.flac,data/subset_raw/PA_train_PA_T_0042091.flac,spoof,train,clean,PA,PA_0089,BB,spoof,"[20, 400]"
data/features/logmel/train/PA_train_PA_T_0032258.npy,logmel,data/raw/PA/PA/ASVspoof2019_PA_train/flac/PA_T_0032258.flac,data/subset_raw/PA_train_PA_T_0032258.flac,spoof,train,clean,PA,PA_0089,CC,spoof,"[80, 400]"
data/features/mfcc/train/PA_train_PA_T_0032258.npy,mfcc,data/raw/PA/PA/ASVspoof2019_PA_train/flac/PA_T_0032258.flac,data/subset_raw/PA_train_PA_T_0032258.flac,spoof,train,clean,PA,PA_0089,CC,spoof,"[20, 400]"
data/features/logmel/train/PA_train_PA_T_0039745.npy,logmel,data/raw/PA/PA/ASVspoof2019_PA_train/flac/PA_T_0039745.flac,data/subset_raw/PA_train_PA_T_0039745.flac,spoof,train,clean,PA,PA_0090,AA,spoof,"[80, 400]"
data/features/mfcc/train/PA_train_PA_T_0039745.npy,mfcc,data/raw/PA/PA/ASVspoof2019_PA_train/flac/PA_T_0039745.flac,data/subset_raw/PA_train_PA_T_0039745.flac,spoof,train,clean,PA,PA_0090,AA,spoof,"[20, 400]"
data/features/logmel/test/PA_test_PA_T_0044016.npy,logmel,data/raw/PA/PA/ASVspoof2019_PA_train/flac/PA_T_0044016.flac,data/subset_raw/PA_test_PA_T_0044016.flac,spoof,test,clean,PA,PA_0097,AB,spoof,"[80, 400]"
data/features/mfcc/test/PA_test_PA_T_0044016.npy,mfcc,data/raw/PA/PA/ASVspoof2019_PA_train/flac/PA_T_0044016.flac,data/subset_raw/PA_test_PA_T_0044016.flac,spoof,test,clean,PA,PA_0097,AB,spoof,"[20, 400]"
data/features/logmel/train/PA_train_PA_T_0039308.npy,logmel,data/raw/PA/PA/ASVspoof2019_PA_train/flac/PA_T_0039308.flac,data/subset_raw/PA_train_PA_T_0039308.flac,spoof,train,clean,PA,PA_0095,CA,spoof,"[80, 400]"
data/features/mfcc/train/PA_train_PA_T_0039308.npy,mfcc,data/raw/PA/PA/ASVspoof2019_PA_train/flac/PA_T_0039308.flac,data/subset_raw/PA_train_PA_T_0039308.flac,spoof,train,clean,PA,PA_0095,CA,spoof,"[20, 400]"
data/features/logmel/val/PA_val_PA_T_0022097.npy,logmel,data/raw/PA/PA/ASVspoof2019_PA_train/flac/PA_T_0022097.flac,data/subset_raw/PA_val_PA_T_0022097.flac,spoof,val,clean,PA,PA_0082,AB,spoof,"[80, 400]"
data/features/mfcc/val/PA_val_PA_T_0022097.npy,mfcc,data/raw/PA/PA/ASVspoof2019_PA_train/flac/PA_T_0022097.flac,data/subset_raw/PA_val_PA_T_0022097.flac,spoof,val,clean,PA,PA_0082,AB,spoof,"[20, 400]"
data/features/logmel/val/PA_val_PA_T_0052047.npy,logmel,data/raw/PA/PA/ASVspoof2019_PA_train/flac/PA_T_0052047.flac,data/subset_raw/PA_val_PA_T_0052047.flac,spoof,val,clean,PA,PA_0082,CC,spoof,"[80, 400]"
data/features/mfcc/val/PA_val_PA_T_0052047.npy,mfcc,data/raw/PA/PA/ASVspoof2019_PA_train/flac/PA_T_0052047.flac,data/subset_raw/PA_val_PA_T_0052047.flac,spoof,val,clean,PA,PA_0082,CC,spoof,"[20, 400]"
data/features/logmel/train/PA_train_PA_T_0033633.npy,logmel,data/raw/PA/PA/ASVspoof2019_PA_train/flac/PA_T_0033633.flac,data/subset_raw/PA_train_PA_T_0033633.flac,spoof,train,clean,PA,PA_0096,AC,spoof,"[80, 400]"
data/features/mfcc/train/PA_train_PA_T_0033633.npy,mfcc,data/raw/PA/PA/ASVspoof2019_PA_train/flac/PA_T_0033633.flac,data/subset_raw/PA_train_PA_T_0033633.flac,spoof,train,clean,PA,PA_0096,AC,spoof,"[20, 400]"
data/features/logmel/train/PA_train_PA_T_0052970.npy,logmel,data/raw/PA/PA/ASVspoof2019_PA_train/flac/PA_T_0052970.flac,data/subset_raw/PA_train_PA_T_0052970.flac,spoof,train,clean,PA,PA_0080,BC,spoof,"[80, 400]"
data/features/mfcc/train/PA_train_PA_T_0052970.npy,mfcc,data/raw/PA/PA/ASVspoof2019_PA_train/flac/PA_T_0052970.flac,data/subset_raw/PA_train_PA_T_0052970.flac,spoof,train,clean,PA,PA_0080,BC,spoof,"[20, 400]"
data/features/logmel/train/PA_train_PA_T_0024048.npy,logmel,data/raw/PA/PA/ASVspoof2019_PA_train/flac/PA_T_0024048.flac,data/subset_raw/PA_train_PA_T_0024048.flac,spoof,train,clean,PA,PA_0093,AC,spoof,"[80, 400]"
data/features/mfcc/train/PA_train_PA_T_0024048.npy,mfcc,data/raw/PA/PA/ASVspoof2019_PA_train/flac/PA_T_0024048.flac,data/subset_raw/PA_train_PA_T_0024048.flac,spoof,train,clean,PA,PA_0093,AC,spoof,"[20, 400]"
data/features/logmel/test/PA_test_PA_T_0029279.npy,logmel,data/raw/PA/PA/ASVspoof2019_PA_train/flac/PA_T_0029279.flac,data/subset_raw/PA_test_PA_T_0029279.flac,spoof,test,clean,PA,PA_0097,AB,spoof,"[80, 400]"
data/features/mfcc/test/PA_test_PA_T_0029279.npy,mfcc,data/raw/PA/PA/ASVspoof2019_PA_train/flac/PA_T_0029279.flac,data/subset_raw/PA_test_PA_T_0029279.flac,spoof,test,clean,PA,PA_0097,AB,spoof,"[20, 400]"
data/features/logmel/train/PA_train_PA_T_0035675.npy,logmel,data/raw/PA/PA/ASVspoof2019_PA_train/flac/PA_T_0035675.flac,data/subset_raw/PA_train_PA_T_0035675.flac,spoof,train,clean,PA,PA_0085,CB,spoof,"[80, 400]"
data/features/mfcc/train/PA_train_PA_T_0035675.npy,mfcc,data/raw/PA/PA/ASVspoof2019_PA_train/flac/PA_T_0035675.flac,data/subset_raw/PA_train_PA_T_0035675.flac,spoof,train,clean,PA,PA_0085,CB,spoof,"[20, 400]"
data/features/logmel/val/PA_val_PA_T_0006515.npy,logmel,data/raw/PA/PA/ASVspoof2019_PA_train/flac/PA_T_0006515.flac,data/subset_raw/PA_val_PA_T_0006515.flac,spoof,val,clean,PA,PA_0094,AC,spoof,"[80, 400]"
data/features/mfcc/val/PA_val_PA_T_0006515.npy,mfcc,data/raw/PA/PA/ASVspoof2019_PA_train/flac/PA_T_0006515.flac,data/subset_raw/PA_val_PA_T_0006515.flac,spoof,val,clean,PA,PA_0094,AC,spoof,"[20, 400]"
data/features/logmel/test/PA_test_PA_T_0035336.npy,logmel,data/raw/PA/PA/ASVspoof2019_PA_train/flac/PA_T_0035336.flac,data/subset_raw/PA_test_PA_T_0035336.flac,spoof,test,clean,PA,PA_0087,BC,spoof,"[80, 400]"
data/features/mfcc/test/PA_test_PA_T_0035336.npy,mfcc,data/raw/PA/PA/ASVspoof2019_PA_train/flac/PA_T_0035336.flac,data/subset_raw/PA_test_PA_T_0035336.flac,spoof,test,clean,PA,PA_0087,BC,spoof,"[20, 400]"
data/features/logmel/val/PA_val_PA_T_0050668.npy,logmel,data/raw/PA/PA/ASVspoof2019_PA_train/flac/PA_T_0050668.flac,data/subset_raw/PA_val_PA_T_0050668.flac,spoof,val,clean,PA,PA_0081,AB,spoof,"[80, 400]"
data/features/mfcc/val/PA_val_PA_T_0050668.npy,mfcc,data/raw/PA/PA/ASVspoof2019_PA_train/flac/PA_T_0050668.flac,data/subset_raw/PA_val_PA_T_0050668.flac,spoof,val,clean,PA,PA_0081,AB,spoof,"[20, 400]"
data/features/logmel/train/PA_train_PA_T_0043345.npy,logmel,data/raw/PA/PA/ASVspoof2019_PA_train/flac/PA_T_0043345.flac,data/subset_raw/PA_train_PA_T_0043345.flac,spoof,train,clean,PA,PA_0085,AA,spoof,"[80, 400]"
data/features/mfcc/train/PA_train_PA_T_0043345.npy,mfcc,data/raw/PA/PA/ASVspoof2019_PA_train/flac/PA_T_0043345.flac,data/subset_raw/PA_train_PA_T_0043345.flac,spoof,train,clean,PA,PA_0085,AA,spoof,"[20, 400]"
data/features/logmel/train/PA_train_PA_T_0052233.npy,logmel,data/raw/PA/PA/ASVspoof2019_PA_train/flac/PA_T_0052233.flac,data/subset_raw/PA_train_PA_T_0052233.flac,spoof,train,clean,PA,PA_0085,AA,spoof,"[80, 400]"
data/features/mfcc/train/PA_train_PA_T_0052233.npy,mfcc,data/raw/PA/PA/ASVspoof2019_PA_train/flac/PA_T_0052233.flac,data/subset_raw/PA_train_PA_T_0052233.flac,spoof,train,clean,PA,PA_0085,AA,spoof,"[20, 400]"
data/features/logmel/test/PA_test_PA_T_0012695.npy,logmel,data/raw/PA/PA/ASVspoof2019_PA_train/flac/PA_T_0012695.flac,data/subset_raw/PA_test_PA_T_0012695.flac,spoof,test,clean,PA,PA_0087,AA,spoof,"[80, 400]"
data/features/mfcc/test/PA_test_PA_T_0012695.npy,mfcc,data/raw/PA/PA/ASVspoof2019_PA_train/flac/PA_T_0012695.flac,data/subset_raw/PA_test_PA_T_0012695.flac,spoof,test,clean,PA,PA_0087,AA,spoof,"[20, 400]"
data/features/logmel/train/PA_train_PA_T_0040628.npy,logmel,data/raw/PA/PA/ASVspoof2019_PA_train/flac/PA_T_0040628.flac,data/subset_raw/PA_train_PA_T_0040628.flac,spoof,train,clean,PA,PA_0089,BB,spoof,"[80, 400]"
data/features/mfcc/train/PA_train_PA_T_0040628.npy,mfcc,data/raw/PA/PA/ASVspoof2019_PA_train/flac/PA_T_0040628.flac,data/subset_raw/PA_train_PA_T_0040628.flac,spoof,train,clean,PA,PA_0089,BB,spoof,"[20, 400]"
data/features/logmel/train/PA_train_PA_T_0012523.npy,logmel,data/raw/PA/PA/ASVspoof2019_PA_train/flac/PA_T_0012523.flac,data/subset_raw/PA_train_PA_T_0012523.flac,spoof,train,clean,PA,PA_0085,CC,spoof,"[80, 400]"
data/features/mfcc/train/PA_train_PA_T_0012523.npy,mfcc,data/raw/PA/PA/ASVspoof2019_PA_train/flac/PA_T_0012523.flac,data/subset_raw/PA_train_PA_T_0012523.flac,spoof,train,clean,PA,PA_0085,CC,spoof,"[20, 400]"
data/features/logmel/train/PA_train_PA_T_0049196.npy,logmel,data/raw/PA/PA/ASVspoof2019_PA_train/flac/PA_T_0049196.flac,data/subset_raw/PA_train_PA_T_0049196.flac,spoof,train,clean,PA,PA_0088,AB,spoof,"[80, 400]"
data/features/mfcc/train/PA_train_PA_T_0049196.npy,mfcc,data/raw/PA/PA/ASVspoof2019_PA_train/flac/PA_T_0049196.flac,data/subset_raw/PA_train_PA_T_0049196.flac,spoof,train,clean,PA,PA_0088,AB,spoof,"[20, 400]"
data/features/logmel/train/PA_train_PA_T_0050272.npy,logmel,data/raw/PA/PA/ASVspoof2019_PA_train/flac/PA_T_0050272.flac,data/subset_raw/PA_train_PA_T_0050272.flac,spoof,train,clean,PA,PA_0084,CC,spoof,"[80, 400]"
data/features/mfcc/train/PA_train_PA_T_0050272.npy,mfcc,data/raw/PA/PA/ASVspoof2019_PA_train/flac/PA_T_0050272.flac,data/subset_raw/PA_train_PA_T_0050272.flac,spoof,train,clean,PA,PA_0084,CC,spoof,"[20, 400]"
data/features/logmel/train/PA_train_PA_T_0052422.npy,logmel,data/raw/PA/PA/ASVspoof2019_PA_train/flac/PA_T_0052422.flac,data/subset_raw/PA_train_PA_T_0052422.flac,spoof,train,clean,PA,PA_0083,AC,spoof,"[80, 400]"
data/features/mfcc/train/PA_train_PA_T_0052422.npy,mfcc,data/raw/PA/PA/ASVspoof2019_PA_train/flac/PA_T_0052422.flac,data/subset_raw/PA_train_PA_T_0052422.flac,spoof,train,clean,PA,PA_0083,AC,spoof,"[20, 400]"
data/features/logmel/train/PA_train_PA_T_0025938.npy,logmel,data/raw/PA/PA/ASVspoof2019_PA_train/flac/PA_T_0025938.flac,data/subset_raw/PA_train_PA_T_0025938.flac,spoof,train,clean,PA,PA_0098,BB,spoof,"[80, 400]"
data/features/mfcc/train/PA_train_PA_T_0025938.npy,mfcc,data/raw/PA/PA/ASVspoof2019_PA_train/flac/PA_T_0025938.flac,data/subset_raw/PA_train_PA_T_0025938.flac,spoof,train,clean,PA,PA_0098,BB,spoof,"[20, 400]"
data/features/logmel/train/PA_train_PA_T_0026598.npy,logmel,data/raw/PA/PA/ASVspoof2019_PA_train/flac/PA_T_0026598.flac,data/subset_raw/PA_train_PA_T_0026598.flac,spoof,train,clean,PA,PA_0092,CB,spoof,"[80, 400]"
data/features/mfcc/train/PA_train_PA_T_0026598.npy,mfcc,data/raw/PA/PA/ASVspoof2019_PA_train/flac/PA_T_0026598.flac,data/subset_raw/PA_train_PA_T_0026598.flac,spoof,train,clean,PA,PA_0092,CB,spoof,"[20, 400]"
data/features/logmel/train/PA_train_PA_T_0034685.npy,logmel,data/raw/PA/PA/ASVspoof2019_PA_train/flac/PA_T_0034685.flac,data/subset_raw/PA_train_PA_T_0034685.flac,spoof,train,clean,PA,PA_0095,AB,spoof,"[80, 400]"
data/features/mfcc/train/PA_train_PA_T_0034685.npy,mfcc,data/raw/PA/PA/ASVspoof2019_PA_train/flac/PA_T_0034685.flac,data/subset_raw/PA_train_PA_T_0034685.flac,spoof,train,clean,PA,PA_0095,AB,spoof,"[20, 400]"
data/features/logmel/train/PA_train_PA_T_0021066.npy,logmel,data/raw/PA/PA/ASVspoof2019_PA_train/flac/PA_T_0021066.flac,data/subset_raw/PA_train_PA_T_0021066.flac,spoof,train,clean,PA,PA_0080,CB,spoof,"[80, 400]"
data/features/mfcc/train/PA_train_PA_T_0021066.npy,mfcc,data/raw/PA/PA/ASVspoof2019_PA_train/flac/PA_T_0021066.flac,data/subset_raw/PA_train_PA_T_0021066.flac,spoof,train,clean,PA,PA_0080,CB,spoof,"[20, 400]"
data/features/logmel/train/PA_train_PA_T_0046201.npy,logmel,data/raw/PA/PA/ASVspoof2019_PA_train/flac/PA_T_0046201.flac,data/subset_raw/PA_train_PA_T_0046201.flac,spoof,train,clean,PA,PA_0090,BC,spoof,"[80, 400]"
data/features/mfcc/train/PA_train_PA_T_0046201.npy,mfcc,data/raw/PA/PA/ASVspoof2019_PA_train/flac/PA_T_0046201.flac,data/subset_raw/PA_train_PA_T_0046201.flac,spoof,train,clean,PA,PA_0090,BC,spoof,"[20, 400]"
data/features/logmel/train/PA_train_PA_T_0052701.npy,logmel,data/raw/PA/PA/ASVspoof2019_PA_train/flac/PA_T_0052701.flac,data/subset_raw/PA_train_PA_T_0052701.flac,spoof,train,clean,PA,PA_0096,BA,spoof,"[80, 400]"
data/features/mfcc/train/PA_train_PA_T_0052701.npy,mfcc,data/raw/PA/PA/ASVspoof2019_PA_train/flac/PA_T_0052701.flac,data/subset_raw/PA_train_PA_T_0052701.flac,spoof,train,clean,PA,PA_0096,BA,spoof,"[20, 400]"
data/features/logmel/train/PA_train_PA_T_0016284.npy,logmel,data/raw/PA/PA/ASVspoof2019_PA_train/flac/PA_T_0016284.flac,data/subset_raw/PA_train_PA_T_0016284.flac,spoof,train,clean,PA,PA_0083,AA,spoof,"[80, 400]"
data/features/mfcc/train/PA_train_PA_T_0016284.npy,mfcc,data/raw/PA/PA/ASVspoof2019_PA_train/flac/PA_T_0016284.flac,data/subset_raw/PA_train_PA_T_0016284.flac,spoof,train,clean,PA,PA_0083,AA,spoof,"[20, 400]"
data/features/logmel/train/PA_train_PA_T_0033717.npy,logmel,data/raw/PA/PA/ASVspoof2019_PA_train/flac/PA_T_0033717.flac,data/subset_raw/PA_train_PA_T_0033717.flac,spoof,train,clean,PA,PA_0086,BB,spoof,"[80, 400]"
data/features/mfcc/train/PA_train_PA_T_0033717.npy,mfcc,data/raw/PA/PA/ASVspoof2019_PA_train/flac/PA_T_0033717.flac,data/subset_raw/PA_train_PA_T_0033717.flac,spoof,train,clean,PA,PA_0086,BB,spoof,"[20, 400]"
data/features/logmel/train/PA_train_PA_T_0023296.npy,logmel,data/raw/PA/PA/ASVspoof2019_PA_train/flac/PA_T_0023296.flac,data/subset_raw/PA_train_PA_T_0023296.flac,spoof,train,clean,PA,PA_0080,CC,spoof,"[80, 400]"
data/features/mfcc/train/PA_train_PA_T_0023296.npy,mfcc,data/raw/PA/PA/ASVspoof2019_PA_train/flac/PA_T_0023296.flac,data/subset_raw/PA_train_PA_T_0023296.flac,spoof,train,clean,PA,PA_0080,CC,spoof,"[20, 400]"
data/features/logmel/train/PA_train_PA_T_0026532.npy,logmel,data/raw/PA/PA/ASVspoof2019_PA_train/flac/PA_T_0026532.flac,data/subset_raw/PA_train_PA_T_0026532.flac,spoof,train,clean,PA,PA_0088,CB,spoof,"[80, 400]"
data/features/mfcc/train/PA_train_PA_T_0026532.npy,mfcc,data/raw/PA/PA/ASVspoof2019_PA_train/flac/PA_T_0026532.flac,data/subset_raw/PA_train_PA_T_0026532.flac,spoof,train,clean,PA,PA_0088,CB,spoof,"[20, 400]"
data/features/logmel/train/PA_train_PA_T_0031844.npy,logmel,data/raw/PA/PA/ASVspoof2019_PA_train/flac/PA_T_0031844.flac,data/subset_raw/PA_train_PA_T_0031844.flac,spoof,train,clean,PA,PA_0080,CB,spoof,"[80, 400]"
data/features/mfcc/train/PA_train_PA_T_0031844.npy,mfcc,data/raw/PA/PA/ASVspoof2019_PA_train/flac/PA_T_0031844.flac,data/subset_raw/PA_train_PA_T_0031844.flac,spoof,train,clean,PA,PA_0080,CB,spoof,"[20, 400]"
data/features/logmel/test/PA_test_PA_T_0047781.npy,logmel,data/raw/PA/PA/ASVspoof2019_PA_train/flac/PA_T_0047781.flac,data/subset_raw/PA_test_PA_T_0047781.flac,spoof,test,clean,PA,PA_0097,BC,spoof,"[80, 400]"
data/features/mfcc/test/PA_test_PA_T_0047781.npy,mfcc,data/raw/PA/PA/ASVspoof2019_PA_train/flac/PA_T_0047781.flac,data/subset_raw/PA_test_PA_T_0047781.flac,spoof,test,clean,PA,PA_0097,BC,spoof,"[20, 400]"
data/features/logmel/train/PA_train_PA_T_0040371.npy,logmel,data/raw/PA/PA/ASVspoof2019_PA_train/flac/PA_T_0040371.flac,data/subset_raw/PA_train_PA_T_0040371.flac,spoof,train,clean,PA,PA_0098,AC,spoof,"[80, 400]"
data/features/mfcc/train/PA_train_PA_T_0040371.npy,mfcc,data/raw/PA/PA/ASVspoof2019_PA_train/flac/PA_T_0040371.flac,data/subset_raw/PA_train_PA_T_0040371.flac,spoof,train,clean,PA,PA_0098,AC,spoof,"[20, 400]"
data/features/logmel/train/PA_train_PA_T_0053991.npy,logmel,data/raw/PA/PA/ASVspoof2019_PA_train/flac/PA_T_0053991.flac,data/subset_raw/PA_train_PA_T_0053991.flac,spoof,train,clean,PA,PA_0098,CC,spoof,"[80, 400]"
data/features/mfcc/train/PA_train_PA_T_0053991.npy,mfcc,data/raw/PA/PA/ASVspoof2019_PA_train/flac/PA_T_0053991.flac,data/subset_raw/PA_train_PA_T_0053991.flac,spoof,train,clean,PA,PA_0098,CC,spoof,"[20, 400]"
data/features/logmel/train/PA_train_PA_T_0022160.npy,logmel,data/raw/PA/PA/ASVspoof2019_PA_train/flac/PA_T_0022160.flac,data/subset_raw/PA_train_PA_T_0022160.flac,spoof,train,clean,PA,PA_0085,AB,spoof,"[80, 400]"
data/features/mfcc/train/PA_train_PA_T_0022160.npy,mfcc,data/raw/PA/PA/ASVspoof2019_PA_train/flac/PA_T_0022160.flac,data/subset_raw/PA_train_PA_T_0022160.flac,spoof,train,clean,PA,PA_0085,AB,spoof,"[20, 400]"
data/features/logmel/train/PA_train_PA_T_0011204.npy,logmel,data/raw/PA/PA/ASVspoof2019_PA_train/flac/PA_T_0011204.flac,data/subset_raw/PA_train_PA_T_0011204.flac,spoof,train,clean,PA,PA_0098,AA,spoof,"[80, 400]"
data/features/mfcc/train/PA_train_PA_T_0011204.npy,mfcc,data/raw/PA/PA/ASVspoof2019_PA_train/flac/PA_T_0011204.flac,data/subset_raw/PA_train_PA_T_0011204.flac,spoof,train,clean,PA,PA_0098,AA,spoof,"[20, 400]"
data/features/logmel/train/LA_train_LA_T_3891170_g711.npy,logmel,data/subset_g711/LA_train_LA_T_3891170_g711.wav,data/subset_g711/LA_train_LA_T_3891170_g711.wav,bonafide,train,g711_8khz,LA,LA_0085,-,bonafide,"[80, 400]"
data/features/mfcc/train/LA_train_LA_T_3891170_g711.npy,mfcc,data/subset_g711/LA_train_LA_T_3891170_g711.wav,data/subset_g711/LA_train_LA_T_3891170_g711.wav,bonafide,train,g711_8khz,LA,LA_0085,-,bonafide,"[20, 400]"
data/features/logmel/test/LA_test_LA_T_2948101_g711.npy,logmel,data/subset_g711/LA_test_LA_T_2948101_g711.wav,data/subset_g711/LA_test_LA_T_2948101_g711.wav,bonafide,test,g711_8khz,LA,LA_0097,-,bonafide,"[80, 400]"
data/features/mfcc/test/LA_test_LA_T_2948101_g711.npy,mfcc,data/subset_g711/LA_test_LA_T_2948101_g711.wav,data/subset_g711/LA_test_LA_T_2948101_g711.wav,bonafide,test,g711_8khz,LA,LA_0097,-,bonafide,"[20, 400]"
data/features/logmel/train/LA_train_LA_T_8919107_g711.npy,logmel,data/subset_g711/LA_train_LA_T_8919107_g711.wav,data/subset_g711/LA_train_LA_T_8919107_g711.wav,bonafide,train,g711_8khz,LA,LA_0084,-,bonafide,"[80, 400]"
data/features/mfcc/train/LA_train_LA_T_8919107_g711.npy,mfcc,data/subset_g711/LA_train_LA_T_8919107_g711.wav,data/subset_g711/LA_train_LA_T_8919107_g711.wav,bonafide,train,g711_8khz,LA,LA_0084,-,bonafide,"[20, 400]"
data/features/logmel/train/LA_train_LA_T_6650735_g711.npy,logmel,data/subset_g711/LA_train_LA_T_6650735_g711.wav,data/subset_g711/LA_train_LA_T_6650735_g711.wav,bonafide,train,g711_8khz,LA,LA_0081,-,bonafide,"[80, 400]"
data/features/mfcc/train/LA_train_LA_T_6650735_g711.npy,mfcc,data/subset_g711/LA_train_LA_T_6650735_g711.wav,data/subset_g711/LA_train_LA_T_6650735_g711.wav,bonafide,train,g711_8khz,LA,LA_0081,-,bonafide,"[20, 400]"
data/features/logmel/test/LA_test_LA_T_5362691_g711.npy,logmel,data/subset_g711/LA_test_LA_T_5362691_g711.wav,data/subset_g711/LA_test_LA_T_5362691_g711.wav,bonafide,test,g711_8khz,LA,LA_0086,-,bonafide,"[80, 400]"
data/features/mfcc/test/LA_test_LA_T_5362691_g711.npy,mfcc,data/subset_g711/LA_test_LA_T_5362691_g711.wav,data/subset_g711/LA_test_LA_T_5362691_g711.wav,bonafide,test,g711_8khz,LA,LA_0086,-,bonafide,"[20, 400]"
data/features/logmel/train/LA_train_LA_T_9132181_g711.npy,logmel,data/subset_g711/LA_train_LA_T_9132181_g711.wav,data/subset_g711/LA_train_LA_T_9132181_g711.wav,bonafide,train,g711_8khz,LA,LA_0098,-,bonafide,"[80, 400]"
data/features/mfcc/train/LA_train_LA_T_9132181_g711.npy,mfcc,data/subset_g711/LA_train_LA_T_9132181_g711.wav,data/subset_g711/LA_train_LA_T_9132181_g711.wav,bonafide,train,g711_8khz,LA,LA_0098,-,bonafide,"[20, 400]"
data/features/logmel/train/LA_train_LA_T_3517700_g711.npy,logmel,data/subset_g711/LA_train_LA_T_3517700_g711.wav,data/subset_g711/LA_train_LA_T_3517700_g711.wav,bonafide,train,g711_8khz,LA,LA_0098,-,bonafide,"[80, 400]"
data/features/mfcc/train/LA_train_LA_T_3517700_g711.npy,mfcc,data/subset_g711/LA_train_LA_T_3517700_g711.wav,data/subset_g711/LA_train_LA_T_3517700_g711.wav,bonafide,train,g711_8khz,LA,LA_0098,-,bonafide,"[20, 400]"
data/features/logmel/train/LA_train_LA_T_2502033_g711.npy,logmel,data/subset_g711/LA_train_LA_T_2502033_g711.wav,data/subset_g711/LA_train_LA_T_2502033_g711.wav,bonafide,train,g711_8khz,LA,LA_0092,-,bonafide,"[80, 400]"
data/features/mfcc/train/LA_train_LA_T_2502033_g711.npy,mfcc,data/subset_g711/LA_train_LA_T_2502033_g711.wav,data/subset_g711/LA_train_LA_T_2502033_g711.wav,bonafide,train,g711_8khz,LA,LA_0092,-,bonafide,"[20, 400]"
data/features/logmel/train/LA_train_LA_T_8234497_g711.npy,logmel,data/subset_g711/LA_train_LA_T_8234497_g711.wav,data/subset_g711/LA_train_LA_T_8234497_g711.wav,bonafide,train,g711_8khz,LA,LA_0090,-,bonafide,"[80, 400]"
data/features/mfcc/train/LA_train_LA_T_8234497_g711.npy,mfcc,data/subset_g711/LA_train_LA_T_8234497_g711.wav,data/subset_g711/LA_train_LA_T_8234497_g711.wav,bonafide,train,g711_8khz,LA,LA_0090,-,bonafide,"[20, 400]"
data/features/logmel/train/LA_train_LA_T_8847275_g711.npy,logmel,data/subset_g711/LA_train_LA_T_8847275_g711.wav,data/subset_g711/LA_train_LA_T_8847275_g711.wav,bonafide,train,g711_8khz,LA,LA_0094,-,bonafide,"[80, 400]"
data/features/mfcc/train/LA_train_LA_T_8847275_g711.npy,mfcc,data/subset_g711/LA_train_LA_T_8847275_g711.wav,data/subset_g711/LA_train_LA_T_8847275_g711.wav,bonafide,train,g711_8khz,LA,LA_0094,-,bonafide,"[20, 400]"
data/features/logmel/test/LA_test_LA_T_6175341_g711.npy,logmel,data/subset_g711/LA_test_LA_T_6175341_g711.wav,data/subset_g711/LA_test_LA_T_6175341_g711.wav,bonafide,test,g711_8khz,LA,LA_0097,-,bonafide,"[80, 400]"
data/features/mfcc/test/LA_test_LA_T_6175341_g711.npy,mfcc,data/subset_g711/LA_test_LA_T_6175341_g711.wav,data/subset_g711/LA_test_LA_T_6175341_g711.wav,bonafide,test,g711_8khz,LA,LA_0097,-,bonafide,"[20, 400]"
data/features/logmel/train/LA_train_LA_T_3324661_g711.npy,logmel,data/subset_g711/LA_train_LA_T_3324661_g711.wav,data/subset_g711/LA_train_LA_T_3324661_g711.wav,bonafide,train,g711_8khz,LA,LA_0087,-,bonafide,"[80, 400]"
data/features/mfcc/train/LA_train_LA_T_3324661_g711.npy,mfcc,data/subset_g711/LA_train_LA_T_3324661_g711.wav,data/subset_g711/LA_train_LA_T_3324661_g711.wav,bonafide,train,g711_8khz,LA,LA_0087,-,bonafide,"[20, 400]"
data/features/logmel/train/LA_train_LA_T_6636159_g711.npy,logmel,data/subset_g711/LA_train_LA_T_6636159_g711.wav,data/subset_g711/LA_train_LA_T_6636159_g711.wav,bonafide,train,g711_8khz,LA,LA_0092,-,bonafide,"[80, 400]"
data/features/mfcc/train/LA_train_LA_T_6636159_g711.npy,mfcc,data/subset_g711/LA_train_LA_T_6636159_g711.wav,data/subset_g711/LA_train_LA_T_6636159_g711.wav,bonafide,train,g711_8khz,LA,LA_0092,-,bonafide,"[20, 400]"
data/features/logmel/train/LA_train_LA_T_1744427_g711.npy,logmel,data/subset_g711/LA_train_LA_T_1744427_g711.wav,data/subset_g711/LA_train_LA_T_1744427_g711.wav,bonafide,train,g711_8khz,LA,LA_0091,-,bonafide,"[80, 400]"
data/features/mfcc/train/LA_train_LA_T_1744427_g711.npy,mfcc,data/subset_g711/LA_train_LA_T_1744427_g711.wav,data/subset_g711/LA_train_LA_T_1744427_g711.wav,bonafide,train,g711_8khz,LA,LA_0091,-,bonafide,"[20, 400]"
data/features/logmel/train/LA_train_LA_T_5314492_g711.npy,logmel,data/subset_g711/LA_train_LA_T_5314492_g711.wav,data/subset_g711/LA_train_LA_T_5314492_g711.wav,bonafide,train,g711_8khz,LA,LA_0088,-,bonafide,"[80, 400]"
data/features/mfcc/train/LA_train_LA_T_5314492_g711.npy,mfcc,data/subset_g711/LA_train_LA_T_5314492_g711.wav,data/subset_g711/LA_train_LA_T_5314492_g711.wav,bonafide,train,g711_8khz,LA,LA_0088,-,bonafide,"[20, 400]"
data/features/logmel/train/LA_train_LA_T_1933449_g711.npy,logmel,data/subset_g711/LA_train_LA_T_1933449_g711.wav,data/subset_g711/LA_train_LA_T_1933449_g711.wav,bonafide,train,g711_8khz,LA,LA_0083,-,bonafide,"[80, 400]"
data/features/mfcc/train/LA_train_LA_T_1933449_g711.npy,mfcc,data/subset_g711/LA_train_LA_T_1933449_g711.wav,data/subset_g711/LA_train_LA_T_1933449_g711.wav,bonafide,train,g711_8khz,LA,LA_0083,-,bonafide,"[20, 400]"
data/features/logmel/train/LA_train_LA_T_4400269_g711.npy,logmel,data/subset_g711/LA_train_LA_T_4400269_g711.wav,data/subset_g711/LA_train_LA_T_4400269_g711.wav,bonafide,train,g711_8khz,LA,LA_0081,-,bonafide,"[80, 400]"
data/features/mfcc/train/LA_train_LA_T_4400269_g711.npy,mfcc,data/subset_g711/LA_train_LA_T_4400269_g711.wav,data/subset_g711/LA_train_LA_T_4400269_g711.wav,bonafide,train,g711_8khz,LA,LA_0081,-,bonafide,"[20, 400]"
data/features/logmel/train/LA_train_LA_T_1897758_g711.npy,logmel,data/subset_g711/LA_train_LA_T_1897758_g711.wav,data/subset_g711/LA_train_LA_T_1897758_g711.wav,bonafide,train,g711_8khz,LA,LA_0096,-,bonafide,"[80, 400]"
data/features/mfcc/train/LA_train_LA_T_1897758_g711.npy,mfcc,data/subset_g711/LA_train_LA_T_1897758_g711.wav,data/subset_g711/LA_train_LA_T_1897758_g711.wav,bonafide,train,g711_8khz,LA,LA_0096,-,bonafide,"[20, 400]"
data/features/logmel/train/LA_train_LA_T_9074017_g711.npy,logmel,data/subset_g711/LA_train_LA_T_9074017_g711.wav,data/subset_g711/LA_train_LA_T_9074017_g711.wav,bonafide,train,g711_8khz,LA,LA_0096,-,bonafide,"[80, 400]"
data/features/mfcc/train/LA_train_LA_T_9074017_g711.npy,mfcc,data/subset_g711/LA_train_LA_T_9074017_g711.wav,data/subset_g711/LA_train_LA_T_9074017_g711.wav,bonafide,train,g711_8khz,LA,LA_0096,-,bonafide,"[20, 400]"
data/features/logmel/train/LA_train_LA_T_8874328_g711.npy,logmel,data/subset_g711/LA_train_LA_T_8874328_g711.wav,data/subset_g711/LA_train_LA_T_8874328_g711.wav,bonafide,train,g711_8khz,LA,LA_0087,-,bonafide,"[80, 400]"
data/features/mfcc/train/LA_train_LA_T_8874328_g711.npy,mfcc,data/subset_g711/LA_train_LA_T_8874328_g711.wav,data/subset_g711/LA_train_LA_T_8874328_g711.wav,bonafide,train,g711_8khz,LA,LA_0087,-,bonafide,"[20, 400]"
data/features/logmel/train/LA_train_LA_T_8388870_g711.npy,logmel,data/subset_g711/LA_train_LA_T_8388870_g711.wav,data/subset_g711/LA_train_LA_T_8388870_g711.wav,bonafide,train,g711_8khz,LA,LA_0081,-,bonafide,"[80, 400]"
data/features/mfcc/train/LA_train_LA_T_8388870_g711.npy,mfcc,data/subset_g711/LA_train_LA_T_8388870_g711.wav,data/subset_g711/LA_train_LA_T_8388870_g711.wav,bonafide,train,g711_8khz,LA,LA_0081,-,bonafide,"[20, 400]"
data/features/logmel/val/LA_val_LA_T_4290789_g711.npy,logmel,data/subset_g711/LA_val_LA_T_4290789_g711.wav,data/subset_g711/LA_val_LA_T_4290789_g711.wav,bonafide,val,g711_8khz,LA,LA_0089,-,bonafide,"[80, 400]"
data/features/mfcc/val/LA_val_LA_T_4290789_g711.npy,mfcc,data/subset_g711/LA_val_LA_T_4290789_g711.wav,data/subset_g711/LA_val_LA_T_4290789_g711.wav,bonafide,val,g711_8khz,LA,LA_0089,-,bonafide,"[20, 400]"
data/features/logmel/test/LA_test_LA_T_9506168_g711.npy,logmel,data/subset_g711/LA_test_LA_T_9506168_g711.wav,data/subset_g711/LA_test_LA_T_9506168_g711.wav,bonafide,test,g711_8khz,LA,LA_0097,-,bonafide,"[80, 400]"
data/features/mfcc/test/LA_test_LA_T_9506168_g711.npy,mfcc,data/subset_g711/LA_test_LA_T_9506168_g711.wav,data/subset_g711/LA_test_LA_T_9506168_g711.wav,bonafide,test,g711_8khz,LA,LA_0097,-,bonafide,"[20, 400]"
data/features/logmel/train/LA_train_LA_T_4606578_g711.npy,logmel,data/subset_g711/LA_train_LA_T_4606578_g711.wav,data/subset_g711/LA_train_LA_T_4606578_g711.wav,bonafide,train,g711_8khz,LA,LA_0084,-,bonafide,"[80, 400]"
data/features/mfcc/train/LA_train_LA_T_4606578_g711.npy,mfcc,data/subset_g711/LA_train_LA_T_4606578_g711.wav,data/subset_g711/LA_train_LA_T_4606578_g711.wav,bonafide,train,g711_8khz,LA,LA_0084,-,bonafide,"[20, 400]"
data/features/logmel/train/LA_train_LA_T_9863654_g711.npy,logmel,data/subset_g711/LA_train_LA_T_9863654_g711.wav,data/subset_g711/LA_train_LA_T_9863654_g711.wav,bonafide,train,g711_8khz,LA,LA_0087,-,bonafide,"[80, 400]"
data/features/mfcc/train/LA_train_LA_T_9863654_g711.npy,mfcc,data/subset_g711/LA_train_LA_T_9863654_g711.wav,data/subset_g711/LA_train_LA_T_9863654_g711.wav,bonafide,train,g711_8khz,LA,LA_0087,-,bonafide,"[20, 400]"
data/features/logmel/train/LA_train_LA_T_2439075_g711.npy,logmel,data/subset_g711/LA_train_LA_T_2439075_g711.wav,data/subset_g711/LA_train_LA_T_2439075_g711.wav,bonafide,train,g711_8khz,LA,LA_0096,-,bonafide,"[80, 400]"
data/features/mfcc/train/LA_train_LA_T_2439075_g711.npy,mfcc,data/subset_g711/LA_train_LA_T_2439075_g711.wav,data/subset_g711/LA_train_LA_T_2439075_g711.wav,bonafide,train,g711_8khz,LA,LA_0096,-,bonafide,"[20, 400]"
data/features/logmel/train/LA_train_LA_T_5954195_g711.npy,logmel,data/subset_g711/LA_train_LA_T_5954195_g711.wav,data/subset_g711/LA_train_LA_T_5954195_g711.wav,bonafide,train,g711_8khz,LA,LA_0079,-,bonafide,"[80, 400]"
data/features/mfcc/train/LA_train_LA_T_5954195_g711.npy,mfcc,data/subset_g711/LA_train_LA_T_5954195_g711.wav,data/subset_g711/LA_train_LA_T_5954195_g711.wav,bonafide,train,g711_8khz,LA,LA_0079,-,bonafide,"[20, 400]"
data/features/logmel/train/LA_train_LA_T_4362109_g711.npy,logmel,data/subset_g711/LA_train_LA_T_4362109_g711.wav,data/subset_g711/LA_train_LA_T_4362109_g711.wav,bonafide,train,g711_8khz,LA,LA_0079,-,bonafide,"[80, 400]"
data/features/mfcc/train/LA_train_LA_T_4362109_g711.npy,mfcc,data/subset_g711/LA_train_LA_T_4362109_g711.wav,data/subset_g711/LA_train_LA_T_4362109_g711.wav,bonafide,train,g711_8khz,LA,LA_0079,-,bonafide,"[20, 400]"
data/features/logmel/train/LA_train_LA_T_5326363_g711.npy,logmel,data/subset_g711/LA_train_LA_T_5326363_g711.wav,data/subset_g711/LA_train_LA_T_5326363_g711.wav,bonafide,train,g711_8khz,LA,LA_0091,-,bonafide,"[80, 400]"
data/features/mfcc/train/LA_train_LA_T_5326363_g711.npy,mfcc,data/subset_g711/LA_train_LA_T_5326363_g711.wav,data/subset_g711/LA_train_LA_T_5326363_g711.wav,bonafide,train,g711_8khz,LA,LA_0091,-,bonafide,"[20, 400]"
data/features/logmel/test/LA_test_LA_T_1611587_g711.npy,logmel,data/subset_g711/LA_test_LA_T_1611587_g711.wav,data/subset_g711/LA_test_LA_T_1611587_g711.wav,bonafide,test,g711_8khz,LA,LA_0086,-,bonafide,"[80, 400]"
data/features/mfcc/test/LA_test_LA_T_1611587_g711.npy,mfcc,data/subset_g711/LA_test_LA_T_1611587_g711.wav,data/subset_g711/LA_test_LA_T_1611587_g711.wav,bonafide,test,g711_8khz,LA,LA_0086,-,bonafide,"[20, 400]"
data/features/logmel/train/LA_train_LA_T_8052308_g711.npy,logmel,data/subset_g711/LA_train_LA_T_8052308_g711.wav,data/subset_g711/LA_train_LA_T_8052308_g711.wav,bonafide,train,g711_8khz,LA,LA_0084,-,bonafide,"[80, 400]"
data/features/mfcc/train/LA_train_LA_T_8052308_g711.npy,mfcc,data/subset_g711/LA_train_LA_T_8052308_g711.wav,data/subset_g711/LA_train_LA_T_8052308_g711.wav,bonafide,train,g711_8khz,LA,LA_0084,-,bonafide,"[20, 400]"
data/features/logmel/train/LA_train_LA_T_6015645_g711.npy,logmel,data/subset_g711/LA_train_LA_T_6015645_g711.wav,data/subset_g711/LA_train_LA_T_6015645_g711.wav,bonafide,train,g711_8khz,LA,LA_0087,-,bonafide,"[80, 400]"
data/features/mfcc/train/LA_train_LA_T_6015645_g711.npy,mfcc,data/subset_g711/LA_train_LA_T_6015645_g711.wav,data/subset_g711/LA_train_LA_T_6015645_g711.wav,bonafide,train,g711_8khz,LA,LA_0087,-,bonafide,"[20, 400]"
data/features/logmel/train/LA_train_LA_T_5065316_g711.npy,logmel,data/subset_g711/LA_train_LA_T_5065316_g711.wav,data/subset_g711/LA_train_LA_T_5065316_g711.wav,bonafide,train,g711_8khz,LA,LA_0092,-,bonafide,"[80, 400]"
data/features/mfcc/train/LA_train_LA_T_5065316_g711.npy,mfcc,data/subset_g711/LA_train_LA_T_5065316_g711.wav,data/subset_g711/LA_train_LA_T_5065316_g711.wav,bonafide,train,g711_8khz,LA,LA_0092,-,bonafide,"[20, 400]"
data/features/logmel/train/LA_train_LA_T_5374473_g711.npy,logmel,data/subset_g711/LA_train_LA_T_5374473_g711.wav,data/subset_g711/LA_train_LA_T_5374473_g711.wav,bonafide,train,g711_8khz,LA,LA_0091,-,bonafide,"[80, 400]"
data/features/mfcc/train/LA_train_LA_T_5374473_g711.npy,mfcc,data/subset_g711/LA_train_LA_T_5374473_g711.wav,data/subset_g711/LA_train_LA_T_5374473_g711.wav,bonafide,train,g711_8khz,LA,LA_0091,-,bonafide,"[20, 400]"
data/features/logmel/train/LA_train_LA_T_4176612_g711.npy,logmel,data/subset_g711/LA_train_LA_T_4176612_g711.wav,data/subset_g711/LA_train_LA_T_4176612_g711.wav,bonafide,train,g711_8khz,LA,LA_0080,-,bonafide,"[80, 400]"
data/features/mfcc/train/LA_train_LA_T_4176612_g711.npy,mfcc,data/subset_g711/LA_train_LA_T_4176612_g711.wav,data/subset_g711/LA_train_LA_T_4176612_g711.wav,bonafide,train,g711_8khz,LA,LA_0080,-,bonafide,"[20, 400]"
data/features/logmel/train/LA_train_LA_T_9593260_g711.npy,logmel,data/subset_g711/LA_train_LA_T_9593260_g711.wav,data/subset_g711/LA_train_LA_T_9593260_g711.wav,bonafide,train,g711_8khz,LA,LA_0084,-,bonafide,"[80, 400]"
data/features/mfcc/train/LA_train_LA_T_9593260_g711.npy,mfcc,data/subset_g711/LA_train_LA_T_9593260_g711.wav,data/subset_g711/LA_train_LA_T_9593260_g711.wav,bonafide,train,g711_8khz,LA,LA_0084,-,bonafide,"[20, 400]"
data/features/logmel/train/LA_train_LA_T_3154528_g711.npy,logmel,data/subset_g711/LA_train_LA_T_3154528_g711.wav,data/subset_g711/LA_train_LA_T_3154528_g711.wav,bonafide,train,g711_8khz,LA,LA_0084,-,bonafide,"[80, 400]"
data/features/mfcc/train/LA_train_LA_T_3154528_g711.npy,mfcc,data/subset_g711/LA_train_LA_T_3154528_g711.wav,data/subset_g711/LA_train_LA_T_3154528_g711.wav,bonafide,train,g711_8khz,LA,LA_0084,-,bonafide,"[20, 400]"
data/features/logmel/val/LA_val_LA_T_5669661_g711.npy,logmel,data/subset_g711/LA_val_LA_T_5669661_g711.wav,data/subset_g711/LA_val_LA_T_5669661_g711.wav,bonafide,val,g711_8khz,LA,LA_0089,-,bonafide,"[80, 400]"
data/features/mfcc/val/LA_val_LA_T_5669661_g711.npy,mfcc,data/subset_g711/LA_val_LA_T_5669661_g711.wav,data/subset_g711/LA_val_LA_T_5669661_g711.wav,bonafide,val,g711_8khz,LA,LA_0089,-,bonafide,"[20, 400]"
data/features/logmel/train/LA_train_LA_T_3995089_g711.npy,logmel,data/subset_g711/LA_train_LA_T_3995089_g711.wav,data/subset_g711/LA_train_LA_T_3995089_g711.wav,bonafide,train,g711_8khz,LA,LA_0079,-,bonafide,"[80, 400]"
data/features/mfcc/train/LA_train_LA_T_3995089_g711.npy,mfcc,data/subset_g711/LA_train_LA_T_3995089_g711.wav,data/subset_g711/LA_train_LA_T_3995089_g711.wav,bonafide,train,g711_8khz,LA,LA_0079,-,bonafide,"[20, 400]"
data/features/logmel/train/LA_train_LA_T_2345808_g711.npy,logmel,data/subset_g711/LA_train_LA_T_2345808_g711.wav,data/subset_g711/LA_train_LA_T_2345808_g711.wav,bonafide,train,g711_8khz,LA,LA_0091,-,bonafide,"[80, 400]"
data/features/mfcc/train/LA_train_LA_T_2345808_g711.npy,mfcc,data/subset_g711/LA_train_LA_T_2345808_g711.wav,data/subset_g711/LA_train_LA_T_2345808_g711.wav,bonafide,train,g711_8khz,LA,LA_0091,-,bonafide,"[20, 400]"
data/features/logmel/train/LA_train_LA_T_7075102_g711.npy,logmel,data/subset_g711/LA_train_LA_T_7075102_g711.wav,data/subset_g711/LA_train_LA_T_7075102_g711.wav,bonafide,train,g711_8khz,LA,LA_0081,-,bonafide,"[80, 400]"
data/features/mfcc/train/LA_train_LA_T_7075102_g711.npy,mfcc,data/subset_g711/LA_train_LA_T_7075102_g711.wav,data/subset_g711/LA_train_LA_T_7075102_g711.wav,bonafide,train,g711_8khz,LA,LA_0081,-,bonafide,"[20, 400]"
data/features/logmel/train/LA_train_LA_T_7974459_g711.npy,logmel,data/subset_g711/LA_train_LA_T_7974459_g711.wav,data/subset_g711/LA_train_LA_T_7974459_g711.wav,bonafide,train,g711_8khz,LA,LA_0083,-,bonafide,"[80, 400]"
data/features/mfcc/train/LA_train_LA_T_7974459_g711.npy,mfcc,data/subset_g711/LA_train_LA_T_7974459_g711.wav,data/subset_g711/LA_train_LA_T_7974459_g711.wav,bonafide,train,g711_8khz,LA,LA_0083,-,bonafide,"[20, 400]"
data/features/logmel/train/LA_train_LA_T_4105004_g711.npy,logmel,data/subset_g711/LA_train_LA_T_4105004_g711.wav,data/subset_g711/LA_train_LA_T_4105004_g711.wav,bonafide,train,g711_8khz,LA,LA_0080,-,bonafide,"[80, 400]"
data/features/mfcc/train/LA_train_LA_T_4105004_g711.npy,mfcc,data/subset_g711/LA_train_LA_T_4105004_g711.wav,data/subset_g711/LA_train_LA_T_4105004_g711.wav,bonafide,train,g711_8khz,LA,LA_0080,-,bonafide,"[20, 400]"
data/features/logmel/train/LA_train_LA_T_3485288_g711.npy,logmel,data/subset_g711/LA_train_LA_T_3485288_g711.wav,data/subset_g711/LA_train_LA_T_3485288_g711.wav,bonafide,train,g711_8khz,LA,LA_0092,-,bonafide,"[80, 400]"
data/features/mfcc/train/LA_train_LA_T_3485288_g711.npy,mfcc,data/subset_g711/LA_train_LA_T_3485288_g711.wav,data/subset_g711/LA_train_LA_T_3485288_g711.wav,bonafide,train,g711_8khz,LA,LA_0092,-,bonafide,"[20, 400]"
data/features/logmel/train/LA_train_LA_T_7208401_g711.npy,logmel,data/subset_g711/LA_train_LA_T_7208401_g711.wav,data/subset_g711/LA_train_LA_T_7208401_g711.wav,bonafide,train,g711_8khz,LA,LA_0094,-,bonafide,"[80, 400]"
data/features/mfcc/train/LA_train_LA_T_7208401_g711.npy,mfcc,data/subset_g711/LA_train_LA_T_7208401_g711.wav,data/subset_g711/LA_train_LA_T_7208401_g711.wav,bonafide,train,g711_8khz,LA,LA_0094,-,bonafide,"[20, 400]"
data/features/logmel/val/LA_val_LA_T_4436477_g711.npy,logmel,data/subset_g711/LA_val_LA_T_4436477_g711.wav,data/subset_g711/LA_val_LA_T_4436477_g711.wav,bonafide,val,g711_8khz,LA,LA_0089,-,bonafide,"[80, 400]"
data/features/mfcc/val/LA_val_LA_T_4436477_g711.npy,mfcc,data/subset_g711/LA_val_LA_T_4436477_g711.wav,data/subset_g711/LA_val_LA_T_4436477_g711.wav,bonafide,val,g711_8khz,LA,LA_0089,-,bonafide,"[20, 400]"
data/features/logmel/train/LA_train_LA_T_8208951_g711.npy,logmel,data/subset_g711/LA_train_LA_T_8208951_g711.wav,data/subset_g711/LA_train_LA_T_8208951_g711.wav,bonafide,train,g711_8khz,LA,LA_0096,-,bonafide,"[80, 400]"
data/features/mfcc/train/LA_train_LA_T_8208951_g711.npy,mfcc,data/subset_g711/LA_train_LA_T_8208951_g711.wav,data/subset_g711/LA_train_LA_T_8208951_g711.wav,bonafide,train,g711_8khz,LA,LA_0096,-,bonafide,"[20, 400]"
data/features/logmel/train/LA_train_LA_T_8651978_g711.npy,logmel,data/subset_g711/LA_train_LA_T_8651978_g711.wav,data/subset_g711/LA_train_LA_T_8651978_g711.wav,bonafide,train,g711_8khz,LA,LA_0087,-,bonafide,"[80, 400]"
data/features/mfcc/train/LA_train_LA_T_8651978_g711.npy,mfcc,data/subset_g711/LA_train_LA_T_8651978_g711.wav,data/subset_g711/LA_train_LA_T_8651978_g711.wav,bonafide,train,g711_8khz,LA,LA_0087,-,bonafide,"[20, 400]"
data/features/logmel/train/LA_train_LA_T_1963829_g711.npy,logmel,data/subset_g711/LA_train_LA_T_1963829_g711.wav,data/subset_g711/LA_train_LA_T_1963829_g711.wav,bonafide,train,g711_8khz,LA,LA_0084,-,bonafide,"[80, 400]"
data/features/mfcc/train/LA_train_LA_T_1963829_g711.npy,mfcc,data/subset_g711/LA_train_LA_T_1963829_g711.wav,data/subset_g711/LA_train_LA_T_1963829_g711.wav,bonafide,train,g711_8khz,LA,LA_0084,-,bonafide,"[20, 400]"
data/features/logmel/test/LA_test_LA_T_4891261_g711.npy,logmel,data/subset_g711/LA_test_LA_T_4891261_g711.wav,data/subset_g711/LA_test_LA_T_4891261_g711.wav,bonafide,test,g711_8khz,LA,LA_0093,-,bonafide,"[80, 400]"
data/features/mfcc/test/LA_test_LA_T_4891261_g711.npy,mfcc,data/subset_g711/LA_test_LA_T_4891261_g711.wav,data/subset_g711/LA_test_LA_T_4891261_g711.wav,bonafide,test,g711_8khz,LA,LA_0093,-,bonafide,"[20, 400]"
data/features/logmel/train/LA_train_LA_T_2280500_g711.npy,logmel,data/subset_g711/LA_train_LA_T_2280500_g711.wav,data/subset_g711/LA_train_LA_T_2280500_g711.wav,bonafide,train,g711_8khz,LA,LA_0084,-,bonafide,"[80, 400]"
data/features/mfcc/train/LA_train_LA_T_2280500_g711.npy,mfcc,data/subset_g711/LA_train_LA_T_2280500_g711.wav,data/subset_g711/LA_train_LA_T_2280500_g711.wav,bonafide,train,g711_8khz,LA,LA_0084,-,bonafide,"[20, 400]"
data/features/logmel/train/LA_train_LA_T_5799348_g711.npy,logmel,data/subset_g711/LA_train_LA_T_5799348_g711.wav,data/subset_g711/LA_train_LA_T_5799348_g711.wav,bonafide,train,g711_8khz,LA,LA_0090,-,bonafide,"[80, 400]"
data/features/mfcc/train/LA_train_LA_T_5799348_g711.npy,mfcc,data/subset_g711/LA_train_LA_T_5799348_g711.wav,data/subset_g711/LA_train_LA_T_5799348_g711.wav,bonafide,train,g711_8khz,LA,LA_0090,-,bonafide,"[20, 400]"
data/features/logmel/train/LA_train_LA_T_3680444_g711.npy,logmel,data/subset_g711/LA_train_LA_T_3680444_g711.wav,data/subset_g711/LA_train_LA_T_3680444_g711.wav,bonafide,train,g711_8khz,LA,LA_0096,-,bonafide,"[80, 400]"
data/features/mfcc/train/LA_train_LA_T_3680444_g711.npy,mfcc,data/subset_g711/LA_train_LA_T_3680444_g711.wav,data/subset_g711/LA_train_LA_T_3680444_g711.wav,bonafide,train,g711_8khz,LA,LA_0096,-,bonafide,"[20, 400]"
data/features/logmel/train/LA_train_LA_T_2054424_g711.npy,logmel,data/subset_g711/LA_train_LA_T_2054424_g711.wav,data/subset_g711/LA_train_LA_T_2054424_g711.wav,bonafide,train,g711_8khz,LA,LA_0096,-,bonafide,"[80, 400]"
data/features/mfcc/train/LA_train_LA_T_2054424_g711.npy,mfcc,data/subset_g711/LA_train_LA_T_2054424_g711.wav,data/subset_g711/LA_train_LA_T_2054424_g711.wav,bonafide,train,g711_8khz,LA,LA_0096,-,bonafide,"[20, 400]"
data/features/logmel/train/LA_train_LA_T_7357748_g711.npy,logmel,data/subset_g711/LA_train_LA_T_7357748_g711.wav,data/subset_g711/LA_train_LA_T_7357748_g711.wav,bonafide,train,g711_8khz,LA,LA_0087,-,bonafide,"[80, 400]"
data/features/mfcc/train/LA_train_LA_T_7357748_g711.npy,mfcc,data/subset_g711/LA_train_LA_T_7357748_g711.wav,data/subset_g711/LA_train_LA_T_7357748_g711.wav,bonafide,train,g711_8khz,LA,LA_0087,-,bonafide,"[20, 400]"
data/features/logmel/train/LA_train_LA_T_1873366_g711.npy,logmel,data/subset_g711/LA_train_LA_T_1873366_g711.wav,data/subset_g711/LA_train_LA_T_1873366_g711.wav,bonafide,train,g711_8khz,LA,LA_0083,-,bonafide,"[80, 400]"
data/features/mfcc/train/LA_train_LA_T_1873366_g711.npy,mfcc,data/subset_g711/LA_train_LA_T_1873366_g711.wav,data/subset_g711/LA_train_LA_T_1873366_g711.wav,bonafide,train,g711_8khz,LA,LA_0083,-,bonafide,"[20, 400]"
data/features/logmel/train/LA_train_LA_T_7514330_g711.npy,logmel,data/subset_g711/LA_train_LA_T_7514330_g711.wav,data/subset_g711/LA_train_LA_T_7514330_g711.wav,bonafide,train,g711_8khz,LA,LA_0087,-,bonafide,"[80, 400]"
data/features/mfcc/train/LA_train_LA_T_7514330_g711.npy,mfcc,data/subset_g711/LA_train_LA_T_7514330_g711.wav,data/subset_g711/LA_train_LA_T_7514330_g711.wav,bonafide,train,g711_8khz,LA,LA_0087,-,bonafide,"[20, 400]"
data/features/logmel/train/LA_train_LA_T_7179987_g711.npy,logmel,data/subset_g711/LA_train_LA_T_7179987_g711.wav,data/subset_g711/LA_train_LA_T_7179987_g711.wav,bonafide,train,g711_8khz,LA,LA_0098,-,bonafide,"[80, 400]"
data/features/mfcc/train/LA_train_LA_T_7179987_g711.npy,mfcc,data/subset_g711/LA_train_LA_T_7179987_g711.wav,data/subset_g711/LA_train_LA_T_7179987_g711.wav,bonafide,train,g711_8khz,LA,LA_0098,-,bonafide,"[20, 400]"
data/features/logmel/train/LA_train_LA_T_7121055_g711.npy,logmel,data/subset_g711/LA_train_LA_T_7121055_g711.wav,data/subset_g711/LA_train_LA_T_7121055_g711.wav,bonafide,train,g711_8khz,LA,LA_0088,-,bonafide,"[80, 400]"
data/features/mfcc/train/LA_train_LA_T_7121055_g711.npy,mfcc,data/subset_g711/LA_train_LA_T_7121055_g711.wav,data/subset_g711/LA_train_LA_T_7121055_g711.wav,bonafide,train,g711_8khz,LA,LA_0088,-,bonafide,"[20, 400]"
data/features/logmel/train/LA_train_LA_T_9378967_g711.npy,logmel,data/subset_g711/LA_train_LA_T_9378967_g711.wav,data/subset_g711/LA_train_LA_T_9378967_g711.wav,bonafide,train,g711_8khz,LA,LA_0098,-,bonafide,"[80, 400]"
data/features/mfcc/train/LA_train_LA_T_9378967_g711.npy,mfcc,data/subset_g711/LA_train_LA_T_9378967_g711.wav,data/subset_g711/LA_train_LA_T_9378967_g711.wav,bonafide,train,g711_8khz,LA,LA_0098,-,bonafide,"[20, 400]"
data/features/logmel/train/LA_train_LA_T_7839297_g711.npy,logmel,data/subset_g711/LA_train_LA_T_7839297_g711.wav,data/subset_g711/LA_train_LA_T_7839297_g711.wav,bonafide,train,g711_8khz,LA,LA_0096,-,bonafide,"[80, 400]"
data/features/mfcc/train/LA_train_LA_T_7839297_g711.npy,mfcc,data/subset_g711/LA_train_LA_T_7839297_g711.wav,data/subset_g711/LA_train_LA_T_7839297_g711.wav,bonafide,train,g711_8khz,LA,LA_0096,-,bonafide,"[20, 400]"
data/features/logmel/test/LA_test_LA_T_1991708_g711.npy,logmel,data/subset_g711/LA_test_LA_T_1991708_g711.wav,data/subset_g711/LA_test_LA_T_1991708_g711.wav,bonafide,test,g711_8khz,LA,LA_0093,-,bonafide,"[80, 400]"
data/features/mfcc/test/LA_test_LA_T_1991708_g711.npy,mfcc,data/subset_g711/LA_test_LA_T_1991708_g711.wav,data/subset_g711/LA_test_LA_T_1991708_g711.wav,bonafide,test,g711_8khz,LA,LA_0093,-,bonafide,"[20, 400]"
data/features/logmel/train/LA_train_LA_T_6105178_g711.npy,logmel,data/subset_g711/LA_train_LA_T_6105178_g711.wav,data/subset_g711/LA_train_LA_T_6105178_g711.wav,bonafide,train,g711_8khz,LA,LA_0079,-,bonafide,"[80, 400]"
data/features/mfcc/train/LA_train_LA_T_6105178_g711.npy,mfcc,data/subset_g711/LA_train_LA_T_6105178_g711.wav,data/subset_g711/LA_train_LA_T_6105178_g711.wav,bonafide,train,g711_8khz,LA,LA_0079,-,bonafide,"[20, 400]"
data/features/logmel/val/LA_val_LA_T_9772981_g711.npy,logmel,data/subset_g711/LA_val_LA_T_9772981_g711.wav,data/subset_g711/LA_val_LA_T_9772981_g711.wav,bonafide,val,g711_8khz,LA,LA_0082,-,bonafide,"[80, 400]"
data/features/mfcc/val/LA_val_LA_T_9772981_g711.npy,mfcc,data/subset_g711/LA_val_LA_T_9772981_g711.wav,data/subset_g711/LA_val_LA_T_9772981_g711.wav,bonafide,val,g711_8khz,LA,LA_0082,-,bonafide,"[20, 400]"
data/features/logmel/train/LA_train_LA_T_7223058_g711.npy,logmel,data/subset_g711/LA_train_LA_T_7223058_g711.wav,data/subset_g711/LA_train_LA_T_7223058_g711.wav,bonafide,train,g711_8khz,LA,LA_0095,-,bonafide,"[80, 400]"
data/features/mfcc/train/LA_train_LA_T_7223058_g711.npy,mfcc,data/subset_g711/LA_train_LA_T_7223058_g711.wav,data/subset_g711/LA_train_LA_T_7223058_g711.wav,bonafide,train,g711_8khz,LA,LA_0095,-,bonafide,"[20, 400]"
data/features/logmel/train/LA_train_LA_T_5114581_g711.npy,logmel,data/subset_g711/LA_train_LA_T_5114581_g711.wav,data/subset_g711/LA_train_LA_T_5114581_g711.wav,bonafide,train,g711_8khz,LA,LA_0094,-,bonafide,"[80, 400]"
data/features/mfcc/train/LA_train_LA_T_5114581_g711.npy,mfcc,data/subset_g711/LA_train_LA_T_5114581_g711.wav,data/subset_g711/LA_train_LA_T_5114581_g711.wav,bonafide,train,g711_8khz,LA,LA_0094,-,bonafide,"[20, 400]"
data/features/logmel/train/LA_train_LA_T_6877652_g711.npy,logmel,data/subset_g711/LA_train_LA_T_6877652_g711.wav,data/subset_g711/LA_train_LA_T_6877652_g711.wav,bonafide,train,g711_8khz,LA,LA_0095,-,bonafide,"[80, 400]"
data/features/mfcc/train/LA_train_LA_T_6877652_g711.npy,mfcc,data/subset_g711/LA_train_LA_T_6877652_g711.wav,data/subset_g711/LA_train_LA_T_6877652_g711.wav,bonafide,train,g711_8khz,LA,LA_0095,-,bonafide,"[20, 400]"
data/features/logmel/val/LA_val_LA_T_6946670_g711.npy,logmel,data/subset_g711/LA_val_LA_T_6946670_g711.wav,data/subset_g711/LA_val_LA_T_6946670_g711.wav,bonafide,val,g711_8khz,LA,LA_0082,-,bonafide,"[80, 400]"
data/features/mfcc/val/LA_val_LA_T_6946670_g711.npy,mfcc,data/subset_g711/LA_val_LA_T_6946670_g711.wav,data/subset_g711/LA_val_LA_T_6946670_g711.wav,bonafide,val,g711_8khz,LA,LA_0082,-,bonafide,"[20, 400]"
data/features/logmel/train/LA_train_LA_T_9251617_g711.npy,logmel,data/subset_g711/LA_train_LA_T_9251617_g711.wav,data/subset_g711/LA_train_LA_T_9251617_g711.wav,bonafide,train,g711_8khz,LA,LA_0092,-,bonafide,"[80, 400]"
data/features/mfcc/train/LA_train_LA_T_9251617_g711.npy,mfcc,data/subset_g711/LA_train_LA_T_9251617_g711.wav,data/subset_g711/LA_train_LA_T_9251617_g711.wav,bonafide,train,g711_8khz,LA,LA_0092,-,bonafide,"[20, 400]"
data/features/logmel/train/LA_train_LA_T_7826829_g711.npy,logmel,data/subset_g711/LA_train_LA_T_7826829_g711.wav,data/subset_g711/LA_train_LA_T_7826829_g711.wav,bonafide,train,g711_8khz,LA,LA_0085,-,bonafide,"[80, 400]"
data/features/mfcc/train/LA_train_LA_T_7826829_g711.npy,mfcc,data/subset_g711/LA_train_LA_T_7826829_g711.wav,data/subset_g711/LA_train_LA_T_7826829_g711.wav,bonafide,train,g711_8khz,LA,LA_0085,-,bonafide,"[20, 400]"
data/features/logmel/train/LA_train_LA_T_2147294_g711.npy,logmel,data/subset_g711/LA_train_LA_T_2147294_g711.wav,data/subset_g711/LA_train_LA_T_2147294_g711.wav,bonafide,train,g711_8khz,LA,LA_0091,-,bonafide,"[80, 400]"
data/features/mfcc/train/LA_train_LA_T_2147294_g711.npy,mfcc,data/subset_g711/LA_train_LA_T_2147294_g711.wav,data/subset_g711/LA_train_LA_T_2147294_g711.wav,bonafide,train,g711_8khz,LA,LA_0091,-,bonafide,"[20, 400]"
data/features/logmel/val/LA_val_LA_T_8172146_g711.npy,logmel,data/subset_g711/LA_val_LA_T_8172146_g711.wav,data/subset_g711/LA_val_LA_T_8172146_g711.wav,bonafide,val,g711_8khz,LA,LA_0089,-,bonafide,"[80, 400]"
data/features/mfcc/val/LA_val_LA_T_8172146_g711.npy,mfcc,data/subset_g711/LA_val_LA_T_8172146_g711.wav,data/subset_g711/LA_val_LA_T_8172146_g711.wav,bonafide,val,g711_8khz,LA,LA_0089,-,bonafide,"[20, 400]"
data/features/logmel/train/LA_train_LA_T_9276467_g711.npy,logmel,data/subset_g711/LA_train_LA_T_9276467_g711.wav,data/subset_g711/LA_train_LA_T_9276467_g711.wav,bonafide,train,g711_8khz,LA,LA_0091,-,bonafide,"[80, 400]"
data/features/mfcc/train/LA_train_LA_T_9276467_g711.npy,mfcc,data/subset_g711/LA_train_LA_T_9276467_g711.wav,data/subset_g711/LA_train_LA_T_9276467_g711.wav,bonafide,train,g711_8khz,LA,LA_0091,-,bonafide,"[20, 400]"
data/features/logmel/train/LA_train_LA_T_1410416_g711.npy,logmel,data/subset_g711/LA_train_LA_T_1410416_g711.wav,data/subset_g711/LA_train_LA_T_1410416_g711.wav,bonafide,train,g711_8khz,LA,LA_0087,-,bonafide,"[80, 400]"
data/features/mfcc/train/LA_train_LA_T_1410416_g711.npy,mfcc,data/subset_g711/LA_train_LA_T_1410416_g711.wav,data/subset_g711/LA_train_LA_T_1410416_g711.wav,bonafide,train,g711_8khz,LA,LA_0087,-,bonafide,"[20, 400]"
data/features/logmel/train/LA_train_LA_T_1831818_g711.npy,logmel,data/subset_g711/LA_train_LA_T_1831818_g711.wav,data/subset_g711/LA_train_LA_T_1831818_g711.wav,bonafide,train,g711_8khz,LA,LA_0084,-,bonafide,"[80, 400]"
data/features/mfcc/train/LA_train_LA_T_1831818_g711.npy,mfcc,data/subset_g711/LA_train_LA_T_1831818_g711.wav,data/subset_g711/LA_train_LA_T_1831818_g711.wav,bonafide,train,g711_8khz,LA,LA_0084,-,bonafide,"[20, 400]"
data/features/logmel/test/LA_test_LA_T_6034182_g711.npy,logmel,data/subset_g711/LA_test_LA_T_6034182_g711.wav,data/subset_g711/LA_test_LA_T_6034182_g711.wav,bonafide,test,g711_8khz,LA,LA_0086,-,bonafide,"[80, 400]"
data/features/mfcc/test/LA_test_LA_T_6034182_g711.npy,mfcc,data/subset_g711/LA_test_LA_T_6034182_g711.wav,data/subset_g711/LA_test_LA_T_6034182_g711.wav,bonafide,test,g711_8khz,LA,LA_0086,-,bonafide,"[20, 400]"
data/features/logmel/test/LA_test_LA_T_7579441_g711.npy,logmel,data/subset_g711/LA_test_LA_T_7579441_g711.wav,data/subset_g711/LA_test_LA_T_7579441_g711.wav,bonafide,test,g711_8khz,LA,LA_0097,-,bonafide,"[80, 400]"
data/features/mfcc/test/LA_test_LA_T_7579441_g711.npy,mfcc,data/subset_g711/LA_test_LA_T_7579441_g711.wav,data/subset_g711/LA_test_LA_T_7579441_g711.wav,bonafide,test,g711_8khz,LA,LA_0097,-,bonafide,"[20, 400]"
data/features/logmel/train/LA_train_LA_T_8589988_g711.npy,logmel,data/subset_g711/LA_train_LA_T_8589988_g711.wav,data/subset_g711/LA_train_LA_T_8589988_g711.wav,bonafide,train,g711_8khz,LA,LA_0084,-,bonafide,"[80, 400]"
data/features/mfcc/train/LA_train_LA_T_8589988_g711.npy,mfcc,data/subset_g711/LA_train_LA_T_8589988_g711.wav,data/subset_g711/LA_train_LA_T_8589988_g711.wav,bonafide,train,g711_8khz,LA,LA_0084,-,bonafide,"[20, 400]"
data/features/logmel/val/LA_val_LA_T_9969620_g711.npy,logmel,data/subset_g711/LA_val_LA_T_9969620_g711.wav,data/subset_g711/LA_val_LA_T_9969620_g711.wav,bonafide,val,g711_8khz,LA,LA_0089,-,bonafide,"[80, 400]"
data/features/mfcc/val/LA_val_LA_T_9969620_g711.npy,mfcc,data/subset_g711/LA_val_LA_T_9969620_g711.wav,data/subset_g711/LA_val_LA_T_9969620_g711.wav,bonafide,val,g711_8khz,LA,LA_0089,-,bonafide,"[20, 400]"
data/features/logmel/test/LA_test_LA_T_3470152_g711.npy,logmel,data/subset_g711/LA_test_LA_T_3470152_g711.wav,data/subset_g711/LA_test_LA_T_3470152_g711.wav,bonafide,test,g711_8khz,LA,LA_0093,-,bonafide,"[80, 400]"
data/features/mfcc/test/LA_test_LA_T_3470152_g711.npy,mfcc,data/subset_g711/LA_test_LA_T_3470152_g711.wav,data/subset_g711/LA_test_LA_T_3470152_g711.wav,bonafide,test,g711_8khz,LA,LA_0093,-,bonafide,"[20, 400]"
data/features/logmel/train/LA_train_LA_T_6093991_g711.npy,logmel,data/subset_g711/LA_train_LA_T_6093991_g711.wav,data/subset_g711/LA_train_LA_T_6093991_g711.wav,bonafide,train,g711_8khz,LA,LA_0096,-,bonafide,"[80, 400]"
data/features/mfcc/train/LA_train_LA_T_6093991_g711.npy,mfcc,data/subset_g711/LA_train_LA_T_6093991_g711.wav,data/subset_g711/LA_train_LA_T_6093991_g711.wav,bonafide,train,g711_8khz,LA,LA_0096,-,bonafide,"[20, 400]"
data/features/logmel/train/LA_train_LA_T_7214355_g711.npy,logmel,data/subset_g711/LA_train_LA_T_7214355_g711.wav,data/subset_g711/LA_train_LA_T_7214355_g711.wav,bonafide,train,g711_8khz,LA,LA_0090,-,bonafide,"[80, 400]"
data/features/mfcc/train/LA_train_LA_T_7214355_g711.npy,mfcc,data/subset_g711/LA_train_LA_T_7214355_g711.wav,data/subset_g711/LA_train_LA_T_7214355_g711.wav,bonafide,train,g711_8khz,LA,LA_0090,-,bonafide,"[20, 400]"
data/features/logmel/train/LA_train_LA_T_2127844_g711.npy,logmel,data/subset_g711/LA_train_LA_T_2127844_g711.wav,data/subset_g711/LA_train_LA_T_2127844_g711.wav,bonafide,train,g711_8khz,LA,LA_0088,-,bonafide,"[80, 400]"
data/features/mfcc/train/LA_train_LA_T_2127844_g711.npy,mfcc,data/subset_g711/LA_train_LA_T_2127844_g711.wav,data/subset_g711/LA_train_LA_T_2127844_g711.wav,bonafide,train,g711_8khz,LA,LA_0088,-,bonafide,"[20, 400]"
data/features/logmel/train/LA_train_LA_T_1636151_g711.npy,logmel,data/subset_g711/LA_train_LA_T_1636151_g711.wav,data/subset_g711/LA_train_LA_T_1636151_g711.wav,bonafide,train,g711_8khz,LA,LA_0092,-,bonafide,"[80, 400]"
data/features/mfcc/train/LA_train_LA_T_1636151_g711.npy,mfcc,data/subset_g711/LA_train_LA_T_1636151_g711.wav,data/subset_g711/LA_train_LA_T_1636151_g711.wav,bonafide,train,g711_8khz,LA,LA_0092,-,bonafide,"[20, 400]"
data/features/logmel/train/LA_train_LA_T_1363347_g711.npy,logmel,data/subset_g711/LA_train_LA_T_1363347_g711.wav,data/subset_g711/LA_train_LA_T_1363347_g711.wav,bonafide,train,g711_8khz,LA,LA_0095,-,bonafide,"[80, 400]"
data/features/mfcc/train/LA_train_LA_T_1363347_g711.npy,mfcc,data/subset_g711/LA_train_LA_T_1363347_g711.wav,data/subset_g711/LA_train_LA_T_1363347_g711.wav,bonafide,train,g711_8khz,LA,LA_0095,-,bonafide,"[20, 400]"
data/features/logmel/train/LA_train_LA_T_8925615_g711.npy,logmel,data/subset_g711/LA_train_LA_T_8925615_g711.wav,data/subset_g711/LA_train_LA_T_8925615_g711.wav,bonafide,train,g711_8khz,LA,LA_0096,-,bonafide,"[80, 400]"
data/features/mfcc/train/LA_train_LA_T_8925615_g711.npy,mfcc,data/subset_g711/LA_train_LA_T_8925615_g711.wav,data/subset_g711/LA_train_LA_T_8925615_g711.wav,bonafide,train,g711_8khz,LA,LA_0096,-,bonafide,"[20, 400]"
data/features/logmel/test/LA_test_LA_T_6450026_g711.npy,logmel,data/subset_g711/LA_test_LA_T_6450026_g711.wav,data/subset_g711/LA_test_LA_T_6450026_g711.wav,bonafide,test,g711_8khz,LA,LA_0093,-,bonafide,"[80, 400]"
data/features/mfcc/test/LA_test_LA_T_6450026_g711.npy,mfcc,data/subset_g711/LA_test_LA_T_6450026_g711.wav,data/subset_g711/LA_test_LA_T_6450026_g711.wav,bonafide,test,g711_8khz,LA,LA_0093,-,bonafide,"[20, 400]"
data/features/logmel/train/LA_train_LA_T_9213454_g711.npy,logmel,data/subset_g711/LA_train_LA_T_9213454_g711.wav,data/subset_g711/LA_train_LA_T_9213454_g711.wav,bonafide,train,g711_8khz,LA,LA_0081,-,bonafide,"[80, 400]"
data/features/mfcc/train/LA_train_LA_T_9213454_g711.npy,mfcc,data/subset_g711/LA_train_LA_T_9213454_g711.wav,data/subset_g711/LA_train_LA_T_9213454_g711.wav,bonafide,train,g711_8khz,LA,LA_0081,-,bonafide,"[20, 400]"
data/features/logmel/val/LA_val_LA_T_3068473_g711.npy,logmel,data/subset_g711/LA_val_LA_T_3068473_g711.wav,data/subset_g711/LA_val_LA_T_3068473_g711.wav,bonafide,val,g711_8khz,LA,LA_0082,-,bonafide,"[80, 400]"
data/features/mfcc/val/LA_val_LA_T_3068473_g711.npy,mfcc,data/subset_g711/LA_val_LA_T_3068473_g711.wav,data/subset_g711/LA_val_LA_T_3068473_g711.wav,bonafide,val,g711_8khz,LA,LA_0082,-,bonafide,"[20, 400]"
data/features/logmel/train/LA_train_LA_T_5683238_g711.npy,logmel,data/subset_g711/LA_train_LA_T_5683238_g711.wav,data/subset_g711/LA_train_LA_T_5683238_g711.wav,bonafide,train,g711_8khz,LA,LA_0088,-,bonafide,"[80, 400]"
data/features/mfcc/train/LA_train_LA_T_5683238_g711.npy,mfcc,data/subset_g711/LA_train_LA_T_5683238_g711.wav,data/subset_g711/LA_train_LA_T_5683238_g711.wav,bonafide,train,g711_8khz,LA,LA_0088,-,bonafide,"[20, 400]"
data/features/logmel/val/LA_val_LA_T_1923872_g711.npy,logmel,data/subset_g711/LA_val_LA_T_1923872_g711.wav,data/subset_g711/LA_val_LA_T_1923872_g711.wav,bonafide,val,g711_8khz,LA,LA_0082,-,bonafide,"[80, 400]"
data/features/mfcc/val/LA_val_LA_T_1923872_g711.npy,mfcc,data/subset_g711/LA_val_LA_T_1923872_g711.wav,data/subset_g711/LA_val_LA_T_1923872_g711.wav,bonafide,val,g711_8khz,LA,LA_0082,-,bonafide,"[20, 400]"
data/features/logmel/train/LA_train_LA_T_5399126_g711.npy,logmel,data/subset_g711/LA_train_LA_T_5399126_g711.wav,data/subset_g711/LA_train_LA_T_5399126_g711.wav,bonafide,train,g711_8khz,LA,LA_0080,-,bonafide,"[80, 400]"
data/features/mfcc/train/LA_train_LA_T_5399126_g711.npy,mfcc,data/subset_g711/LA_train_LA_T_5399126_g711.wav,data/subset_g711/LA_train_LA_T_5399126_g711.wav,bonafide,train,g711_8khz,LA,LA_0080,-,bonafide,"[20, 400]"
data/features/logmel/train/LA_train_LA_T_3849267_g711.npy,logmel,data/subset_g711/LA_train_LA_T_3849267_g711.wav,data/subset_g711/LA_train_LA_T_3849267_g711.wav,bonafide,train,g711_8khz,LA,LA_0079,-,bonafide,"[80, 400]"
data/features/mfcc/train/LA_train_LA_T_3849267_g711.npy,mfcc,data/subset_g711/LA_train_LA_T_3849267_g711.wav,data/subset_g711/LA_train_LA_T_3849267_g711.wav,bonafide,train,g711_8khz,LA,LA_0079,-,bonafide,"[20, 400]"
data/features/logmel/train/LA_train_LA_T_1482834_g711.npy,logmel,data/subset_g711/LA_train_LA_T_1482834_g711.wav,data/subset_g711/LA_train_LA_T_1482834_g711.wav,bonafide,train,g711_8khz,LA,LA_0087,-,bonafide,"[80, 400]"
data/features/mfcc/train/LA_train_LA_T_1482834_g711.npy,mfcc,data/subset_g711/LA_train_LA_T_1482834_g711.wav,data/subset_g711/LA_train_LA_T_1482834_g711.wav,bonafide,train,g711_8khz,LA,LA_0087,-,bonafide,"[20, 400]"
data/features/logmel/train/LA_train_LA_T_8490726_g711.npy,logmel,data/subset_g711/LA_train_LA_T_8490726_g711.wav,data/subset_g711/LA_train_LA_T_8490726_g711.wav,bonafide,train,g711_8khz,LA,LA_0091,-,bonafide,"[80, 400]"
data/features/mfcc/train/LA_train_LA_T_8490726_g711.npy,mfcc,data/subset_g711/LA_train_LA_T_8490726_g711.wav,data/subset_g711/LA_train_LA_T_8490726_g711.wav,bonafide,train,g711_8khz,LA,LA_0091,-,bonafide,"[20, 400]"
data/features/logmel/test/LA_test_LA_T_6724576_g711.npy,logmel,data/subset_g711/LA_test_LA_T_6724576_g711.wav,data/subset_g711/LA_test_LA_T_6724576_g711.wav,bonafide,test,g711_8khz,LA,LA_0097,-,bonafide,"[80, 400]"
data/features/mfcc/test/LA_test_LA_T_6724576_g711.npy,mfcc,data/subset_g711/LA_test_LA_T_6724576_g711.wav,data/subset_g711/LA_test_LA_T_6724576_g711.wav,bonafide,test,g711_8khz,LA,LA_0097,-,bonafide,"[20, 400]"
data/features/logmel/train/LA_train_LA_T_4043474_g711.npy,logmel,data/subset_g711/LA_train_LA_T_4043474_g711.wav,data/subset_g711/LA_train_LA_T_4043474_g711.wav,bonafide,train,g711_8khz,LA,LA_0085,-,bonafide,"[80, 400]"
data/features/mfcc/train/LA_train_LA_T_4043474_g711.npy,mfcc,data/subset_g711/LA_train_LA_T_4043474_g711.wav,data/subset_g711/LA_train_LA_T_4043474_g711.wav,bonafide,train,g711_8khz,LA,LA_0085,-,bonafide,"[20, 400]"
data/features/logmel/train/LA_train_LA_T_7344886_g711.npy,logmel,data/subset_g711/LA_train_LA_T_7344886_g711.wav,data/subset_g711/LA_train_LA_T_7344886_g711.wav,bonafide,train,g711_8khz,LA,LA_0083,-,bonafide,"[80, 400]"
data/features/mfcc/train/LA_train_LA_T_7344886_g711.npy,mfcc,data/subset_g711/LA_train_LA_T_7344886_g711.wav,data/subset_g711/LA_train_LA_T_7344886_g711.wav,bonafide,train,g711_8khz,LA,LA_0083,-,bonafide,"[20, 400]"
data/features/logmel/train/LA_train_LA_T_2707835_g711.npy,logmel,data/subset_g711/LA_train_LA_T_2707835_g711.wav,data/subset_g711/LA_train_LA_T_2707835_g711.wav,bonafide,train,g711_8khz,LA,LA_0088,-,bonafide,"[80, 400]"
data/features/mfcc/train/LA_train_LA_T_2707835_g711.npy,mfcc,data/subset_g711/LA_train_LA_T_2707835_g711.wav,data/subset_g711/LA_train_LA_T_2707835_g711.wav,bonafide,train,g711_8khz,LA,LA_0088,-,bonafide,"[20, 400]"
data/features/logmel/train/LA_train_LA_T_8898922_g711.npy,logmel,data/subset_g711/LA_train_LA_T_8898922_g711.wav,data/subset_g711/LA_train_LA_T_8898922_g711.wav,bonafide,train,g711_8khz,LA,LA_0087,-,bonafide,"[80, 400]"
data/features/mfcc/train/LA_train_LA_T_8898922_g711.npy,mfcc,data/subset_g711/LA_train_LA_T_8898922_g711.wav,data/subset_g711/LA_train_LA_T_8898922_g711.wav,bonafide,train,g711_8khz,LA,LA_0087,-,bonafide,"[20, 400]"
data/features/logmel/train/LA_train_LA_T_2066209_g711.npy,logmel,data/subset_g711/LA_train_LA_T_2066209_g711.wav,data/subset_g711/LA_train_LA_T_2066209_g711.wav,bonafide,train,g711_8khz,LA,LA_0098,-,bonafide,"[80, 400]"
data/features/mfcc/train/LA_train_LA_T_2066209_g711.npy,mfcc,data/subset_g711/LA_train_LA_T_2066209_g711.wav,data/subset_g711/LA_train_LA_T_2066209_g711.wav,bonafide,train,g711_8khz,LA,LA_0098,-,bonafide,"[20, 400]"
data/features/logmel/test/LA_test_LA_T_1861398_g711.npy,logmel,data/subset_g711/LA_test_LA_T_1861398_g711.wav,data/subset_g711/LA_test_LA_T_1861398_g711.wav,bonafide,test,g711_8khz,LA,LA_0086,-,bonafide,"[80, 400]"
data/features/mfcc/test/LA_test_LA_T_1861398_g711.npy,mfcc,data/subset_g711/LA_test_LA_T_1861398_g711.wav,data/subset_g711/LA_test_LA_T_1861398_g711.wav,bonafide,test,g711_8khz,LA,LA_0086,-,bonafide,"[20, 400]"
data/features/logmel/train/LA_train_LA_T_4615562_g711.npy,logmel,data/subset_g711/LA_train_LA_T_4615562_g711.wav,data/subset_g711/LA_train_LA_T_4615562_g711.wav,bonafide,train,g711_8khz,LA,LA_0085,-,bonafide,"[80, 400]"
data/features/mfcc/train/LA_train_LA_T_4615562_g711.npy,mfcc,data/subset_g711/LA_train_LA_T_4615562_g711.wav,data/subset_g711/LA_train_LA_T_4615562_g711.wav,bonafide,train,g711_8khz,LA,LA_0085,-,bonafide,"[20, 400]"
data/features/logmel/test/LA_test_LA_T_4270225_g711.npy,logmel,data/subset_g711/LA_test_LA_T_4270225_g711.wav,data/subset_g711/LA_test_LA_T_4270225_g711.wav,bonafide,test,g711_8khz,LA,LA_0093,-,bonafide,"[80, 400]"
data/features/mfcc/test/LA_test_LA_T_4270225_g711.npy,mfcc,data/subset_g711/LA_test_LA_T_4270225_g711.wav,data/subset_g711/LA_test_LA_T_4270225_g711.wav,bonafide,test,g711_8khz,LA,LA_0093,-,bonafide,"[20, 400]"
data/features/logmel/train/LA_train_LA_T_6271185_g711.npy,logmel,data/subset_g711/LA_train_LA_T_6271185_g711.wav,data/subset_g711/LA_train_LA_T_6271185_g711.wav,bonafide,train,g711_8khz,LA,LA_0088,-,bonafide,"[80, 400]"
data/features/mfcc/train/LA_train_LA_T_6271185_g711.npy,mfcc,data/subset_g711/LA_train_LA_T_6271185_g711.wav,data/subset_g711/LA_train_LA_T_6271185_g711.wav,bonafide,train,g711_8khz,LA,LA_0088,-,bonafide,"[20, 400]"
data/features/logmel/train/LA_train_LA_T_3772667_g711.npy,logmel,data/subset_g711/LA_train_LA_T_3772667_g711.wav,data/subset_g711/LA_train_LA_T_3772667_g711.wav,bonafide,train,g711_8khz,LA,LA_0080,-,bonafide,"[80, 400]"
data/features/mfcc/train/LA_train_LA_T_3772667_g711.npy,mfcc,data/subset_g711/LA_train_LA_T_3772667_g711.wav,data/subset_g711/LA_train_LA_T_3772667_g711.wav,bonafide,train,g711_8khz,LA,LA_0080,-,bonafide,"[20, 400]"
data/features/logmel/train/LA_train_LA_T_4263726_g711.npy,logmel,data/subset_g711/LA_train_LA_T_4263726_g711.wav,data/subset_g711/LA_train_LA_T_4263726_g711.wav,bonafide,train,g711_8khz,LA,LA_0095,-,bonafide,"[80, 400]"
data/features/mfcc/train/LA_train_LA_T_4263726_g711.npy,mfcc,data/subset_g711/LA_train_LA_T_4263726_g711.wav,data/subset_g711/LA_train_LA_T_4263726_g711.wav,bonafide,train,g711_8khz,LA,LA_0095,-,bonafide,"[20, 400]"
data/features/logmel/train/LA_train_LA_T_9048990_g711.npy,logmel,data/subset_g711/LA_train_LA_T_9048990_g711.wav,data/subset_g711/LA_train_LA_T_9048990_g711.wav,bonafide,train,g711_8khz,LA,LA_0092,-,bonafide,"[80, 400]"
data/features/mfcc/train/LA_train_LA_T_9048990_g711.npy,mfcc,data/subset_g711/LA_train_LA_T_9048990_g711.wav,data/subset_g711/LA_train_LA_T_9048990_g711.wav,bonafide,train,g711_8khz,LA,LA_0092,-,bonafide,"[20, 400]"
data/features/logmel/val/LA_val_LA_T_6594586_g711.npy,logmel,data/subset_g711/LA_val_LA_T_6594586_g711.wav,data/subset_g711/LA_val_LA_T_6594586_g711.wav,bonafide,val,g711_8khz,LA,LA_0089,-,bonafide,"[80, 400]"
data/features/mfcc/val/LA_val_LA_T_6594586_g711.npy,mfcc,data/subset_g711/LA_val_LA_T_6594586_g711.wav,data/subset_g711/LA_val_LA_T_6594586_g711.wav,bonafide,val,g711_8khz,LA,LA_0089,-,bonafide,"[20, 400]"
data/features/logmel/train/LA_train_LA_T_8726287_g711.npy,logmel,data/subset_g711/LA_train_LA_T_8726287_g711.wav,data/subset_g711/LA_train_LA_T_8726287_g711.wav,bonafide,train,g711_8khz,LA,LA_0088,-,bonafide,"[80, 400]"
data/features/mfcc/train/LA_train_LA_T_8726287_g711.npy,mfcc,data/subset_g711/LA_train_LA_T_8726287_g711.wav,data/subset_g711/LA_train_LA_T_8726287_g711.wav,bonafide,train,g711_8khz,LA,LA_0088,-,bonafide,"[20, 400]"
data/features/logmel/train/LA_train_LA_T_9457505_g711.npy,logmel,data/subset_g711/LA_train_LA_T_9457505_g711.wav,data/subset_g711/LA_train_LA_T_9457505_g711.wav,bonafide,train,g711_8khz,LA,LA_0091,-,bonafide,"[80, 400]"
data/features/mfcc/train/LA_train_LA_T_9457505_g711.npy,mfcc,data/subset_g711/LA_train_LA_T_9457505_g711.wav,data/subset_g711/LA_train_LA_T_9457505_g711.wav,bonafide,train,g711_8khz,LA,LA_0091,-,bonafide,"[20, 400]"
data/features/logmel/train/LA_train_LA_T_2598851_g711.npy,logmel,data/subset_g711/LA_train_LA_T_2598851_g711.wav,data/subset_g711/LA_train_LA_T_2598851_g711.wav,bonafide,train,g711_8khz,LA,LA_0092,-,bonafide,"[80, 400]"
data/features/mfcc/train/LA_train_LA_T_2598851_g711.npy,mfcc,data/subset_g711/LA_train_LA_T_2598851_g711.wav,data/subset_g711/LA_train_LA_T_2598851_g711.wav,bonafide,train,g711_8khz,LA,LA_0092,-,bonafide,"[20, 400]"
data/features/logmel/train/LA_train_LA_T_2118892_g711.npy,logmel,data/subset_g711/LA_train_LA_T_2118892_g711.wav,data/subset_g711/LA_train_LA_T_2118892_g711.wav,bonafide,train,g711_8khz,LA,LA_0088,-,bonafide,"[80, 400]"
data/features/mfcc/train/LA_train_LA_T_2118892_g711.npy,mfcc,data/subset_g711/LA_train_LA_T_2118892_g711.wav,data/subset_g711/LA_train_LA_T_2118892_g711.wav,bonafide,train,g711_8khz,LA,LA_0088,-,bonafide,"[20, 400]"
data/features/logmel/train/LA_train_LA_T_9032022_g711.npy,logmel,data/subset_g711/LA_train_LA_T_9032022_g711.wav,data/subset_g711/LA_train_LA_T_9032022_g711.wav,bonafide,train,g711_8khz,LA,LA_0085,-,bonafide,"[80, 400]"
data/features/mfcc/train/LA_train_LA_T_9032022_g711.npy,mfcc,data/subset_g711/LA_train_LA_T_9032022_g711.wav,data/subset_g711/LA_train_LA_T_9032022_g711.wav,bonafide,train,g711_8khz,LA,LA_0085,-,bonafide,"[20, 400]"
data/features/logmel/train/LA_train_LA_T_6059767_g711.npy,logmel,data/subset_g711/LA_train_LA_T_6059767_g711.wav,data/subset_g711/LA_train_LA_T_6059767_g711.wav,bonafide,train,g711_8khz,LA,LA_0092,-,bonafide,"[80, 400]"
data/features/mfcc/train/LA_train_LA_T_6059767_g711.npy,mfcc,data/subset_g711/LA_train_LA_T_6059767_g711.wav,data/subset_g711/LA_train_LA_T_6059767_g711.wav,bonafide,train,g711_8khz,LA,LA_0092,-,bonafide,"[20, 400]"
data/features/logmel/train/LA_train_LA_T_3447323_g711.npy,logmel,data/subset_g711/LA_train_LA_T_3447323_g711.wav,data/subset_g711/LA_train_LA_T_3447323_g711.wav,bonafide,train,g711_8khz,LA,LA_0088,-,bonafide,"[80, 400]"
data/features/mfcc/train/LA_train_LA_T_3447323_g711.npy,mfcc,data/subset_g711/LA_train_LA_T_3447323_g711.wav,data/subset_g711/LA_train_LA_T_3447323_g711.wav,bonafide,train,g711_8khz,LA,LA_0088,-,bonafide,"[20, 400]"
data/features/logmel/train/LA_train_LA_T_5795707_g711.npy,logmel,data/subset_g711/LA_train_LA_T_5795707_g711.wav,data/subset_g711/LA_train_LA_T_5795707_g711.wav,bonafide,train,g711_8khz,LA,LA_0087,-,bonafide,"[80, 400]"
data/features/mfcc/train/LA_train_LA_T_5795707_g711.npy,mfcc,data/subset_g711/LA_train_LA_T_5795707_g711.wav,data/subset_g711/LA_train_LA_T_5795707_g711.wav,bonafide,train,g711_8khz,LA,LA_0087,-,bonafide,"[20, 400]"
data/features/logmel/train/LA_train_LA_T_8105555_g711.npy,logmel,data/subset_g711/LA_train_LA_T_8105555_g711.wav,data/subset_g711/LA_train_LA_T_8105555_g711.wav,bonafide,train,g711_8khz,LA,LA_0084,-,bonafide,"[80, 400]"
data/features/mfcc/train/LA_train_LA_T_8105555_g711.npy,mfcc,data/subset_g711/LA_train_LA_T_8105555_g711.wav,data/subset_g711/LA_train_LA_T_8105555_g711.wav,bonafide,train,g711_8khz,LA,LA_0084,-,bonafide,"[20, 400]"
data/features/logmel/train/LA_train_LA_T_6376473_g711.npy,logmel,data/subset_g711/LA_train_LA_T_6376473_g711.wav,data/subset_g711/LA_train_LA_T_6376473_g711.wav,bonafide,train,g711_8khz,LA,LA_0094,-,bonafide,"[80, 400]"
data/features/mfcc/train/LA_train_LA_T_6376473_g711.npy,mfcc,data/subset_g711/LA_train_LA_T_6376473_g711.wav,data/subset_g711/LA_train_LA_T_6376473_g711.wav,bonafide,train,g711_8khz,LA,LA_0094,-,bonafide,"[20, 400]"
data/features/logmel/train/LA_train_LA_T_9102017_g711.npy,logmel,data/subset_g711/LA_train_LA_T_9102017_g711.wav,data/subset_g711/LA_train_LA_T_9102017_g711.wav,bonafide,train,g711_8khz,LA,LA_0080,-,bonafide,"[80, 400]"
data/features/mfcc/train/LA_train_LA_T_9102017_g711.npy,mfcc,data/subset_g711/LA_train_LA_T_9102017_g711.wav,data/subset_g711/LA_train_LA_T_9102017_g711.wav,bonafide,train,g711_8khz,LA,LA_0080,-,bonafide,"[20, 400]"
data/features/logmel/train/LA_train_LA_T_2482961_g711.npy,logmel,data/subset_g711/LA_train_LA_T_2482961_g711.wav,data/subset_g711/LA_train_LA_T_2482961_g711.wav,bonafide,train,g711_8khz,LA,LA_0095,-,bonafide,"[80, 400]"
data/features/mfcc/train/LA_train_LA_T_2482961_g711.npy,mfcc,data/subset_g711/LA_train_LA_T_2482961_g711.wav,data/subset_g711/LA_train_LA_T_2482961_g711.wav,bonafide,train,g711_8khz,LA,LA_0095,-,bonafide,"[20, 400]"
data/features/logmel/val/LA_val_LA_T_8955767_g711.npy,logmel,data/subset_g711/LA_val_LA_T_8955767_g711.wav,data/subset_g711/LA_val_LA_T_8955767_g711.wav,bonafide,val,g711_8khz,LA,LA_0089,-,bonafide,"[80, 400]"
data/features/mfcc/val/LA_val_LA_T_8955767_g711.npy,mfcc,data/subset_g711/LA_val_LA_T_8955767_g711.wav,data/subset_g711/LA_val_LA_T_8955767_g711.wav,bonafide,val,g711_8khz,LA,LA_0089,-,bonafide,"[20, 400]"
data/features/logmel/train/LA_train_LA_T_2642748_g711.npy,logmel,data/subset_g711/LA_train_LA_T_2642748_g711.wav,data/subset_g711/LA_train_LA_T_2642748_g711.wav,bonafide,train,g711_8khz,LA,LA_0096,-,bonafide,"[80, 400]"
data/features/mfcc/train/LA_train_LA_T_2642748_g711.npy,mfcc,data/subset_g711/LA_train_LA_T_2642748_g711.wav,data/subset_g711/LA_train_LA_T_2642748_g711.wav,bonafide,train,g711_8khz,LA,LA_0096,-,bonafide,"[20, 400]"
data/features/logmel/train/LA_train_LA_T_9189420_g711.npy,logmel,data/subset_g711/LA_train_LA_T_9189420_g711.wav,data/subset_g711/LA_train_LA_T_9189420_g711.wav,bonafide,train,g711_8khz,LA,LA_0083,-,bonafide,"[80, 400]"
data/features/mfcc/train/LA_train_LA_T_9189420_g711.npy,mfcc,data/subset_g711/LA_train_LA_T_9189420_g711.wav,data/subset_g711/LA_train_LA_T_9189420_g711.wav,bonafide,train,g711_8khz,LA,LA_0083,-,bonafide,"[20, 400]"
data/features/logmel/train/LA_train_LA_T_6631167_g711.npy,logmel,data/subset_g711/LA_train_LA_T_6631167_g711.wav,data/subset_g711/LA_train_LA_T_6631167_g711.wav,bonafide,train,g711_8khz,LA,LA_0080,-,bonafide,"[80, 400]"
data/features/mfcc/train/LA_train_LA_T_6631167_g711.npy,mfcc,data/subset_g711/LA_train_LA_T_6631167_g711.wav,data/subset_g711/LA_train_LA_T_6631167_g711.wav,bonafide,train,g711_8khz,LA,LA_0080,-,bonafide,"[20, 400]"
data/features/logmel/train/LA_train_LA_T_3395385_g711.npy,logmel,data/subset_g711/LA_train_LA_T_3395385_g711.wav,data/subset_g711/LA_train_LA_T_3395385_g711.wav,bonafide,train,g711_8khz,LA,LA_0096,-,bonafide,"[80, 400]"
data/features/mfcc/train/LA_train_LA_T_3395385_g711.npy,mfcc,data/subset_g711/LA_train_LA_T_3395385_g711.wav,data/subset_g711/LA_train_LA_T_3395385_g711.wav,bonafide,train,g711_8khz,LA,LA_0096,-,bonafide,"[20, 400]"
data/features/logmel/test/LA_test_LA_T_4051929_g711.npy,logmel,data/subset_g711/LA_test_LA_T_4051929_g711.wav,data/subset_g711/LA_test_LA_T_4051929_g711.wav,bonafide,test,g711_8khz,LA,LA_0093,-,bonafide,"[80, 400]"
data/features/mfcc/test/LA_test_LA_T_4051929_g711.npy,mfcc,data/subset_g711/LA_test_LA_T_4051929_g711.wav,data/subset_g711/LA_test_LA_T_4051929_g711.wav,bonafide,test,g711_8khz,LA,LA_0093,-,bonafide,"[20, 400]"
data/features/logmel/val/LA_val_LA_T_7696598_g711.npy,logmel,data/subset_g711/LA_val_LA_T_7696598_g711.wav,data/subset_g711/LA_val_LA_T_7696598_g711.wav,bonafide,val,g711_8khz,LA,LA_0082,-,bonafide,"[80, 400]"
data/features/mfcc/val/LA_val_LA_T_7696598_g711.npy,mfcc,data/subset_g711/LA_val_LA_T_7696598_g711.wav,data/subset_g711/LA_val_LA_T_7696598_g711.wav,bonafide,val,g711_8khz,LA,LA_0082,-,bonafide,"[20, 400]"
data/features/logmel/train/LA_train_LA_T_7467165_g711.npy,logmel,data/subset_g711/LA_train_LA_T_7467165_g711.wav,data/subset_g711/LA_train_LA_T_7467165_g711.wav,bonafide,train,g711_8khz,LA,LA_0094,-,bonafide,"[80, 400]"
data/features/mfcc/train/LA_train_LA_T_7467165_g711.npy,mfcc,data/subset_g711/LA_train_LA_T_7467165_g711.wav,data/subset_g711/LA_train_LA_T_7467165_g711.wav,bonafide,train,g711_8khz,LA,LA_0094,-,bonafide,"[20, 400]"
data/features/logmel/train/LA_train_LA_T_5266787_g711.npy,logmel,data/subset_g711/LA_train_LA_T_5266787_g711.wav,data/subset_g711/LA_train_LA_T_5266787_g711.wav,bonafide,train,g711_8khz,LA,LA_0080,-,bonafide,"[80, 400]"
data/features/mfcc/train/LA_train_LA_T_5266787_g711.npy,mfcc,data/subset_g711/LA_train_LA_T_5266787_g711.wav,data/subset_g711/LA_train_LA_T_5266787_g711.wav,bonafide,train,g711_8khz,LA,LA_0080,-,bonafide,"[20, 400]"
data/features/logmel/test/LA_test_LA_T_2175978_g711.npy,logmel,data/subset_g711/LA_test_LA_T_2175978_g711.wav,data/subset_g711/LA_test_LA_T_2175978_g711.wav,bonafide,test,g711_8khz,LA,LA_0097,-,bonafide,"[80, 400]"
data/features/mfcc/test/LA_test_LA_T_2175978_g711.npy,mfcc,data/subset_g711/LA_test_LA_T_2175978_g711.wav,data/subset_g711/LA_test_LA_T_2175978_g711.wav,bonafide,test,g711_8khz,LA,LA_0097,-,bonafide,"[20, 400]"
data/features/logmel/test/LA_test_LA_T_1979527_g711.npy,logmel,data/subset_g711/LA_test_LA_T_1979527_g711.wav,data/subset_g711/LA_test_LA_T_1979527_g711.wav,bonafide,test,g711_8khz,LA,LA_0086,-,bonafide,"[80, 400]"
data/features/mfcc/test/LA_test_LA_T_1979527_g711.npy,mfcc,data/subset_g711/LA_test_LA_T_1979527_g711.wav,data/subset_g711/LA_test_LA_T_1979527_g711.wav,bonafide,test,g711_8khz,LA,LA_0086,-,bonafide,"[20, 400]"
data/features/logmel/test/LA_test_LA_T_3264459_g711.npy,logmel,data/subset_g711/LA_test_LA_T_3264459_g711.wav,data/subset_g711/LA_test_LA_T_3264459_g711.wav,bonafide,test,g711_8khz,LA,LA_0086,-,bonafide,"[80, 400]"
data/features/mfcc/test/LA_test_LA_T_3264459_g711.npy,mfcc,data/subset_g711/LA_test_LA_T_3264459_g711.wav,data/subset_g711/LA_test_LA_T_3264459_g711.wav,bonafide,test,g711_8khz,LA,LA_0086,-,bonafide,"[20, 400]"
data/features/logmel/train/LA_train_LA_T_8178089_g711.npy,logmel,data/subset_g711/LA_train_LA_T_8178089_g711.wav,data/subset_g711/LA_train_LA_T_8178089_g711.wav,bonafide,train,g711_8khz,LA,LA_0085,-,bonafide,"[80, 400]"
data/features/mfcc/train/LA_train_LA_T_8178089_g711.npy,mfcc,data/subset_g711/LA_train_LA_T_8178089_g711.wav,data/subset_g711/LA_train_LA_T_8178089_g711.wav,bonafide,train,g711_8khz,LA,LA_0085,-,bonafide,"[20, 400]"
data/features/logmel/train/LA_train_LA_T_1023546_g711.npy,logmel,data/subset_g711/LA_train_LA_T_1023546_g711.wav,data/subset_g711/LA_train_LA_T_1023546_g711.wav,bonafide,train,g711_8khz,LA,LA_0085,-,bonafide,"[80, 400]"
data/features/mfcc/train/LA_train_LA_T_1023546_g711.npy,mfcc,data/subset_g711/LA_train_LA_T_1023546_g711.wav,data/subset_g711/LA_train_LA_T_1023546_g711.wav,bonafide,train,g711_8khz,LA,LA_0085,-,bonafide,"[20, 400]"
data/features/logmel/train/LA_train_LA_T_8275432_g711.npy,logmel,data/subset_g711/LA_train_LA_T_8275432_g711.wav,data/subset_g711/LA_train_LA_T_8275432_g711.wav,bonafide,train,g711_8khz,LA,LA_0088,-,bonafide,"[80, 400]"
data/features/mfcc/train/LA_train_LA_T_8275432_g711.npy,mfcc,data/subset_g711/LA_train_LA_T_8275432_g711.wav,data/subset_g711/LA_train_LA_T_8275432_g711.wav,bonafide,train,g711_8khz,LA,LA_0088,-,bonafide,"[20, 400]"
data/features/logmel/train/LA_train_LA_T_3747046_g711.npy,logmel,data/subset_g711/LA_train_LA_T_3747046_g711.wav,data/subset_g711/LA_train_LA_T_3747046_g711.wav,bonafide,train,g711_8khz,LA,LA_0088,-,bonafide,"[80, 400]"
data/features/mfcc/train/LA_train_LA_T_3747046_g711.npy,mfcc,data/subset_g711/LA_train_LA_T_3747046_g711.wav,data/subset_g711/LA_train_LA_T_3747046_g711.wav,bonafide,train,g711_8khz,LA,LA_0088,-,bonafide,"[20, 400]"
data/features/logmel/train/LA_train_LA_T_4197596_g711.npy,logmel,data/subset_g711/LA_train_LA_T_4197596_g711.wav,data/subset_g711/LA_train_LA_T_4197596_g711.wav,bonafide,train,g711_8khz,LA,LA_0098,-,bonafide,"[80, 400]"
data/features/mfcc/train/LA_train_LA_T_4197596_g711.npy,mfcc,data/subset_g711/LA_train_LA_T_4197596_g711.wav,data/subset_g711/LA_train_LA_T_4197596_g711.wav,bonafide,train,g711_8khz,LA,LA_0098,-,bonafide,"[20, 400]"
data/features/logmel/test/LA_test_LA_T_5326968_g711.npy,logmel,data/subset_g711/LA_test_LA_T_5326968_g711.wav,data/subset_g711/LA_test_LA_T_5326968_g711.wav,bonafide,test,g711_8khz,LA,LA_0093,-,bonafide,"[80, 400]"
data/features/mfcc/test/LA_test_LA_T_5326968_g711.npy,mfcc,data/subset_g711/LA_test_LA_T_5326968_g711.wav,data/subset_g711/LA_test_LA_T_5326968_g711.wav,bonafide,test,g711_8khz,LA,LA_0093,-,bonafide,"[20, 400]"
data/features/logmel/test/LA_test_LA_T_4630790_g711.npy,logmel,data/subset_g711/LA_test_LA_T_4630790_g711.wav,data/subset_g711/LA_test_LA_T_4630790_g711.wav,bonafide,test,g711_8khz,LA,LA_0093,-,bonafide,"[80, 400]"
data/features/mfcc/test/LA_test_LA_T_4630790_g711.npy,mfcc,data/subset_g711/LA_test_LA_T_4630790_g711.wav,data/subset_g711/LA_test_LA_T_4630790_g711.wav,bonafide,test,g711_8khz,LA,LA_0093,-,bonafide,"[20, 400]"
data/features/logmel/train/LA_train_LA_T_4711197_g711.npy,logmel,data/subset_g711/LA_train_LA_T_4711197_g711.wav,data/subset_g711/LA_train_LA_T_4711197_g711.wav,bonafide,train,g711_8khz,LA,LA_0085,-,bonafide,"[80, 400]"
data/features/mfcc/train/LA_train_LA_T_4711197_g711.npy,mfcc,data/subset_g711/LA_train_LA_T_4711197_g711.wav,data/subset_g711/LA_train_LA_T_4711197_g711.wav,bonafide,train,g711_8khz,LA,LA_0085,-,bonafide,"[20, 400]"
data/features/logmel/train/LA_train_LA_T_9553112_g711.npy,logmel,data/subset_g711/LA_train_LA_T_9553112_g711.wav,data/subset_g711/LA_train_LA_T_9553112_g711.wav,bonafide,train,g711_8khz,LA,LA_0095,-,bonafide,"[80, 400]"
data/features/mfcc/train/LA_train_LA_T_9553112_g711.npy,mfcc,data/subset_g711/LA_train_LA_T_9553112_g711.wav,data/subset_g711/LA_train_LA_T_9553112_g711.wav,bonafide,train,g711_8khz,LA,LA_0095,-,bonafide,"[20, 400]"
data/features/logmel/train/LA_train_LA_T_5696560_g711.npy,logmel,data/subset_g711/LA_train_LA_T_5696560_g711.wav,data/subset_g711/LA_train_LA_T_5696560_g711.wav,bonafide,train,g711_8khz,LA,LA_0092,-,bonafide,"[80, 400]"
data/features/mfcc/train/LA_train_LA_T_5696560_g711.npy,mfcc,data/subset_g711/LA_train_LA_T_5696560_g711.wav,data/subset_g711/LA_train_LA_T_5696560_g711.wav,bonafide,train,g711_8khz,LA,LA_0092,-,bonafide,"[20, 400]"
data/features/logmel/train/LA_train_LA_T_6756969_g711.npy,logmel,data/subset_g711/LA_train_LA_T_6756969_g711.wav,data/subset_g711/LA_train_LA_T_6756969_g711.wav,bonafide,train,g711_8khz,LA,LA_0087,-,bonafide,"[80, 400]"
data/features/mfcc/train/LA_train_LA_T_6756969_g711.npy,mfcc,data/subset_g711/LA_train_LA_T_6756969_g711.wav,data/subset_g711/LA_train_LA_T_6756969_g711.wav,bonafide,train,g711_8khz,LA,LA_0087,-,bonafide,"[20, 400]"
data/features/logmel/val/LA_val_LA_T_1325649_g711.npy,logmel,data/subset_g711/LA_val_LA_T_1325649_g711.wav,data/subset_g711/LA_val_LA_T_1325649_g711.wav,bonafide,val,g711_8khz,LA,LA_0089,-,bonafide,"[80, 400]"
data/features/mfcc/val/LA_val_LA_T_1325649_g711.npy,mfcc,data/subset_g711/LA_val_LA_T_1325649_g711.wav,data/subset_g711/LA_val_LA_T_1325649_g711.wav,bonafide,val,g711_8khz,LA,LA_0089,-,bonafide,"[20, 400]"
data/features/logmel/train/LA_train_LA_T_3545264_g711.npy,logmel,data/subset_g711/LA_train_LA_T_3545264_g711.wav,data/subset_g711/LA_train_LA_T_3545264_g711.wav,bonafide,train,g711_8khz,LA,LA_0094,-,bonafide,"[80, 400]"
data/features/mfcc/train/LA_train_LA_T_3545264_g711.npy,mfcc,data/subset_g711/LA_train_LA_T_3545264_g711.wav,data/subset_g711/LA_train_LA_T_3545264_g711.wav,bonafide,train,g711_8khz,LA,LA_0094,-,bonafide,"[20, 400]"
data/features/logmel/train/LA_train_LA_T_7677120_g711.npy,logmel,data/subset_g711/LA_train_LA_T_7677120_g711.wav,data/subset_g711/LA_train_LA_T_7677120_g711.wav,bonafide,train,g711_8khz,LA,LA_0079,-,bonafide,"[80, 400]"
data/features/mfcc/train/LA_train_LA_T_7677120_g711.npy,mfcc,data/subset_g711/LA_train_LA_T_7677120_g711.wav,data/subset_g711/LA_train_LA_T_7677120_g711.wav,bonafide,train,g711_8khz,LA,LA_0079,-,bonafide,"[20, 400]"
data/features/logmel/train/LA_train_LA_T_1878391_g711.npy,logmel,data/subset_g711/LA_train_LA_T_1878391_g711.wav,data/subset_g711/LA_train_LA_T_1878391_g711.wav,bonafide,train,g711_8khz,LA,LA_0084,-,bonafide,"[80, 400]"
data/features/mfcc/train/LA_train_LA_T_1878391_g711.npy,mfcc,data/subset_g711/LA_train_LA_T_1878391_g711.wav,data/subset_g711/LA_train_LA_T_1878391_g711.wav,bonafide,train,g711_8khz,LA,LA_0084,-,bonafide,"[20, 400]"
data/features/logmel/train/LA_train_LA_T_9779411_g711.npy,logmel,data/subset_g711/LA_train_LA_T_9779411_g711.wav,data/subset_g711/LA_train_LA_T_9779411_g711.wav,bonafide,train,g711_8khz,LA,LA_0087,-,bonafide,"[80, 400]"
data/features/mfcc/train/LA_train_LA_T_9779411_g711.npy,mfcc,data/subset_g711/LA_train_LA_T_9779411_g711.wav,data/subset_g711/LA_train_LA_T_9779411_g711.wav,bonafide,train,g711_8khz,LA,LA_0087,-,bonafide,"[20, 400]"
data/features/logmel/train/LA_train_LA_T_7051313_g711.npy,logmel,data/subset_g711/LA_train_LA_T_7051313_g711.wav,data/subset_g711/LA_train_LA_T_7051313_g711.wav,bonafide,train,g711_8khz,LA,LA_0084,-,bonafide,"[80, 400]"
data/features/mfcc/train/LA_train_LA_T_7051313_g711.npy,mfcc,data/subset_g711/LA_train_LA_T_7051313_g711.wav,data/subset_g711/LA_train_LA_T_7051313_g711.wav,bonafide,train,g711_8khz,LA,LA_0084,-,bonafide,"[20, 400]"
data/features/logmel/train/LA_train_LA_T_7196016_g711.npy,logmel,data/subset_g711/LA_train_LA_T_7196016_g711.wav,data/subset_g711/LA_train_LA_T_7196016_g711.wav,spoof,train,g711_8khz,LA,LA_0095,A01,spoof,"[80, 400]"
data/features/mfcc/train/LA_train_LA_T_7196016_g711.npy,mfcc,data/subset_g711/LA_train_LA_T_7196016_g711.wav,data/subset_g711/LA_train_LA_T_7196016_g711.wav,spoof,train,g711_8khz,LA,LA_0095,A01,spoof,"[20, 400]"
data/features/logmel/train/LA_train_LA_T_2021613_g711.npy,logmel,data/subset_g711/LA_train_LA_T_2021613_g711.wav,data/subset_g711/LA_train_LA_T_2021613_g711.wav,spoof,train,g711_8khz,LA,LA_0088,A04,spoof,"[80, 400]"
data/features/mfcc/train/LA_train_LA_T_2021613_g711.npy,mfcc,data/subset_g711/LA_train_LA_T_2021613_g711.wav,data/subset_g711/LA_train_LA_T_2021613_g711.wav,spoof,train,g711_8khz,LA,LA_0088,A04,spoof,"[20, 400]"
data/features/logmel/train/LA_train_LA_T_6942847_g711.npy,logmel,data/subset_g711/LA_train_LA_T_6942847_g711.wav,data/subset_g711/LA_train_LA_T_6942847_g711.wav,spoof,train,g711_8khz,LA,LA_0083,A04,spoof,"[80, 400]"
data/features/mfcc/train/LA_train_LA_T_6942847_g711.npy,mfcc,data/subset_g711/LA_train_LA_T_6942847_g711.wav,data/subset_g711/LA_train_LA_T_6942847_g711.wav,spoof,train,g711_8khz,LA,LA_0083,A04,spoof,"[20, 400]"
data/features/logmel/train/LA_train_LA_T_8159529_g711.npy,logmel,data/subset_g711/LA_train_LA_T_8159529_g711.wav,data/subset_g711/LA_train_LA_T_8159529_g711.wav,spoof,train,g711_8khz,LA,LA_0090,A01,spoof,"[80, 400]"
data/features/mfcc/train/LA_train_LA_T_8159529_g711.npy,mfcc,data/subset_g711/LA_train_LA_T_8159529_g711.wav,data/subset_g711/LA_train_LA_T_8159529_g711.wav,spoof,train,g711_8khz,LA,LA_0090,A01,spoof,"[20, 400]"
data/features/logmel/train/LA_train_LA_T_8367117_g711.npy,logmel,data/subset_g711/LA_train_LA_T_8367117_g711.wav,data/subset_g711/LA_train_LA_T_8367117_g711.wav,spoof,train,g711_8khz,LA,LA_0098,A06,spoof,"[80, 400]"
data/features/mfcc/train/LA_train_LA_T_8367117_g711.npy,mfcc,data/subset_g711/LA_train_LA_T_8367117_g711.wav,data/subset_g711/LA_train_LA_T_8367117_g711.wav,spoof,train,g711_8khz,LA,LA_0098,A06,spoof,"[20, 400]"
data/features/logmel/test/LA_test_LA_T_4873700_g711.npy,logmel,data/subset_g711/LA_test_LA_T_4873700_g711.wav,data/subset_g711/LA_test_LA_T_4873700_g711.wav,spoof,test,g711_8khz,LA,LA_0086,A05,spoof,"[80, 400]"
data/features/mfcc/test/LA_test_LA_T_4873700_g711.npy,mfcc,data/subset_g711/LA_test_LA_T_4873700_g711.wav,data/subset_g711/LA_test_LA_T_4873700_g711.wav,spoof,test,g711_8khz,LA,LA_0086,A05,spoof,"[20, 400]"
data/features/logmel/train/LA_train_LA_T_5454842_g711.npy,logmel,data/subset_g711/LA_train_LA_T_5454842_g711.wav,data/subset_g711/LA_train_LA_T_5454842_g711.wav,spoof,train,g711_8khz,LA,LA_0083,A05,spoof,"[80, 400]"
data/features/mfcc/train/LA_train_LA_T_5454842_g711.npy,mfcc,data/subset_g711/LA_train_LA_T_5454842_g711.wav,data/subset_g711/LA_train_LA_T_5454842_g711.wav,spoof,train,g711_8khz,LA,LA_0083,A05,spoof,"[20, 400]"
data/features/logmel/train/LA_train_LA_T_5820593_g711.npy,logmel,data/subset_g711/LA_train_LA_T_5820593_g711.wav,data/subset_g711/LA_train_LA_T_5820593_g711.wav,spoof,train,g711_8khz,LA,LA_0096,A02,spoof,"[80, 400]"
data/features/mfcc/train/LA_train_LA_T_5820593_g711.npy,mfcc,data/subset_g711/LA_train_LA_T_5820593_g711.wav,data/subset_g711/LA_train_LA_T_5820593_g711.wav,spoof,train,g711_8khz,LA,LA_0096,A02,spoof,"[20, 400]"
data/features/logmel/test/LA_test_LA_T_5054337_g711.npy,logmel,data/subset_g711/LA_test_LA_T_5054337_g711.wav,data/subset_g711/LA_test_LA_T_5054337_g711.wav,spoof,test,g711_8khz,LA,LA_0086,A02,spoof,"[80, 400]"
data/features/mfcc/test/LA_test_LA_T_5054337_g711.npy,mfcc,data/subset_g711/LA_test_LA_T_5054337_g711.wav,data/subset_g711/LA_test_LA_T_5054337_g711.wav,spoof,test,g711_8khz,LA,LA_0086,A02,spoof,"[20, 400]"
data/features/logmel/train/LA_train_LA_T_1531219_g711.npy,logmel,data/subset_g711/LA_train_LA_T_1531219_g711.wav,data/subset_g711/LA_train_LA_T_1531219_g711.wav,spoof,train,g711_8khz,LA,LA_0091,A05,spoof,"[80, 400]"
data/features/mfcc/train/LA_train_LA_T_1531219_g711.npy,mfcc,data/subset_g711/LA_train_LA_T_1531219_g711.wav,data/subset_g711/LA_train_LA_T_1531219_g711.wav,spoof,train,g711_8khz,LA,LA_0091,A05,spoof,"[20, 400]"
data/features/logmel/test/LA_test_LA_T_1929428_g711.npy,logmel,data/subset_g711/LA_test_LA_T_1929428_g711.wav,data/subset_g711/LA_test_LA_T_1929428_g711.wav,spoof,test,g711_8khz,LA,LA_0097,A03,spoof,"[80, 400]"
data/features/mfcc/test/LA_test_LA_T_1929428_g711.npy,mfcc,data/subset_g711/LA_test_LA_T_1929428_g711.wav,data/subset_g711/LA_test_LA_T_1929428_g711.wav,spoof,test,g711_8khz,LA,LA_0097,A03,spoof,"[20, 400]"
data/features/logmel/train/LA_train_LA_T_3167562_g711.npy,logmel,data/subset_g711/LA_train_LA_T_3167562_g711.wav,data/subset_g711/LA_train_LA_T_3167562_g711.wav,spoof,train,g711_8khz,LA,LA_0083,A04,spoof,"[80, 400]"
data/features/mfcc/train/LA_train_LA_T_3167562_g711.npy,mfcc,data/subset_g711/LA_train_LA_T_3167562_g711.wav,data/subset_g711/LA_train_LA_T_3167562_g711.wav,spoof,train,g711_8khz,LA,LA_0083,A04,spoof,"[20, 400]"
data/features/logmel/train/LA_train_LA_T_9382514_g711.npy,logmel,data/subset_g711/LA_train_LA_T_9382514_g711.wav,data/subset_g711/LA_train_LA_T_9382514_g711.wav,spoof,train,g711_8khz,LA,LA_0088,A02,spoof,"[80, 400]"
data/features/mfcc/train/LA_train_LA_T_9382514_g711.npy,mfcc,data/subset_g711/LA_train_LA_T_9382514_g711.wav,data/subset_g711/LA_train_LA_T_9382514_g711.wav,spoof,train,g711_8khz,LA,LA_0088,A02,spoof,"[20, 400]"
data/features/logmel/train/LA_train_LA_T_3683064_g711.npy,logmel,data/subset_g711/LA_train_LA_T_3683064_g711.wav,data/subset_g711/LA_train_LA_T_3683064_g711.wav,spoof,train,g711_8khz,LA,LA_0088,A04,spoof,"[80, 400]"
data/features/mfcc/train/LA_train_LA_T_3683064_g711.npy,mfcc,data/subset_g711/LA_train_LA_T_3683064_g711.wav,data/subset_g711/LA_train_LA_T_3683064_g711.wav,spoof,train,g711_8khz,LA,LA_0088,A04,spoof,"[20, 400]"
data/features/logmel/test/LA_test_LA_T_5209238_g711.npy,logmel,data/subset_g711/LA_test_LA_T_5209238_g711.wav,data/subset_g711/LA_test_LA_T_5209238_g711.wav,spoof,test,g711_8khz,LA,LA_0097,A06,spoof,"[80, 400]"
data/features/mfcc/test/LA_test_LA_T_5209238_g711.npy,mfcc,data/subset_g711/LA_test_LA_T_5209238_g711.wav,data/subset_g711/LA_test_LA_T_5209238_g711.wav,spoof,test,g711_8khz,LA,LA_0097,A06,spoof,"[20, 400]"
data/features/logmel/train/LA_train_LA_T_1217503_g711.npy,logmel,data/subset_g711/LA_train_LA_T_1217503_g711.wav,data/subset_g711/LA_train_LA_T_1217503_g711.wav,spoof,train,g711_8khz,LA,LA_0090,A03,spoof,"[80, 400]"
data/features/mfcc/train/LA_train_LA_T_1217503_g711.npy,mfcc,data/subset_g711/LA_train_LA_T_1217503_g711.wav,data/subset_g711/LA_train_LA_T_1217503_g711.wav,spoof,train,g711_8khz,LA,LA_0090,A03,spoof,"[20, 400]"
data/features/logmel/train/LA_train_LA_T_2191824_g711.npy,logmel,data/subset_g711/LA_train_LA_T_2191824_g711.wav,data/subset_g711/LA_train_LA_T_2191824_g711.wav,spoof,train,g711_8khz,LA,LA_0085,A06,spoof,"[80, 400]"
data/features/mfcc/train/LA_train_LA_T_2191824_g711.npy,mfcc,data/subset_g711/LA_train_LA_T_2191824_g711.wav,data/subset_g711/LA_train_LA_T_2191824_g711.wav,spoof,train,g711_8khz,LA,LA_0085,A06,spoof,"[20, 400]"
data/features/logmel/train/LA_train_LA_T_4164792_g711.npy,logmel,data/subset_g711/LA_train_LA_T_4164792_g711.wav,data/subset_g711/LA_train_LA_T_4164792_g711.wav,spoof,train,g711_8khz,LA,LA_0084,A03,spoof,"[80, 400]"
data/features/mfcc/train/LA_train_LA_T_4164792_g711.npy,mfcc,data/subset_g711/LA_train_LA_T_4164792_g711.wav,data/subset_g711/LA_train_LA_T_4164792_g711.wav,spoof,train,g711_8khz,LA,LA_0084,A03,spoof,"[20, 400]"
data/features/logmel/train/LA_train_LA_T_7412444_g711.npy,logmel,data/subset_g711/LA_train_LA_T_7412444_g711.wav,data/subset_g711/LA_train_LA_T_7412444_g711.wav,spoof,train,g711_8khz,LA,LA_0084,A06,spoof,"[80, 400]"
data/features/mfcc/train/LA_train_LA_T_7412444_g711.npy,mfcc,data/subset_g711/LA_train_LA_T_7412444_g711.wav,data/subset_g711/LA_train_LA_T_7412444_g711.wav,spoof,train,g711_8khz,LA,LA_0084,A06,spoof,"[20, 400]"
data/features/logmel/train/LA_train_LA_T_6355446_g711.npy,logmel,data/subset_g711/LA_train_LA_T_6355446_g711.wav,data/subset_g711/LA_train_LA_T_6355446_g711.wav,spoof,train,g711_8khz,LA,LA_0080,A06,spoof,"[80, 400]"
data/features/mfcc/train/LA_train_LA_T_6355446_g711.npy,mfcc,data/subset_g711/LA_train_LA_T_6355446_g711.wav,data/subset_g711/LA_train_LA_T_6355446_g711.wav,spoof,train,g711_8khz,LA,LA_0080,A06,spoof,"[20, 400]"
data/features/logmel/test/LA_test_LA_T_2667116_g711.npy,logmel,data/subset_g711/LA_test_LA_T_2667116_g711.wav,data/subset_g711/LA_test_LA_T_2667116_g711.wav,spoof,test,g711_8khz,LA,LA_0093,A05,spoof,"[80, 400]"
data/features/mfcc/test/LA_test_LA_T_2667116_g711.npy,mfcc,data/subset_g711/LA_test_LA_T_2667116_g711.wav,data/subset_g711/LA_test_LA_T_2667116_g711.wav,spoof,test,g711_8khz,LA,LA_0093,A05,spoof,"[20, 400]"
data/features/logmel/train/LA_train_LA_T_6919433_g711.npy,logmel,data/subset_g711/LA_train_LA_T_6919433_g711.wav,data/subset_g711/LA_train_LA_T_6919433_g711.wav,spoof,train,g711_8khz,LA,LA_0092,A05,spoof,"[80, 400]"
data/features/mfcc/train/LA_train_LA_T_6919433_g711.npy,mfcc,data/subset_g711/LA_train_LA_T_6919433_g711.wav,data/subset_g711/LA_train_LA_T_6919433_g711.wav,spoof,train,g711_8khz,LA,LA_0092,A05,spoof,"[20, 400]"
data/features/logmel/val/LA_val_LA_T_8953521_g711.npy,logmel,data/subset_g711/LA_val_LA_T_8953521_g711.wav,data/subset_g711/LA_val_LA_T_8953521_g711.wav,spoof,val,g711_8khz,LA,LA_0089,A01,spoof,"[80, 400]"
data/features/mfcc/val/LA_val_LA_T_8953521_g711.npy,mfcc,data/subset_g711/LA_val_LA_T_8953521_g711.wav,data/subset_g711/LA_val_LA_T_8953521_g711.wav,spoof,val,g711_8khz,LA,LA_0089,A01,spoof,"[20, 400]"
data/features/logmel/train/LA_train_LA_T_3287677_g711.npy,logmel,data/subset_g711/LA_train_LA_T_3287677_g711.wav,data/subset_g711/LA_train_LA_T_3287677_g711.wav,spoof,train,g711_8khz,LA,LA_0083,A03,spoof,"[80, 400]"
data/features/mfcc/train/LA_train_LA_T_3287677_g711.npy,mfcc,data/subset_g711/LA_train_LA_T_3287677_g711.wav,data/subset_g711/LA_train_LA_T_3287677_g711.wav,spoof,train,g711_8khz,LA,LA_0083,A03,spoof,"[20, 400]"
data/features/logmel/test/LA_test_LA_T_9851170_g711.npy,logmel,data/subset_g711/LA_test_LA_T_9851170_g711.wav,data/subset_g711/LA_test_LA_T_9851170_g711.wav,spoof,test,g711_8khz,LA,LA_0086,A04,spoof,"[80, 400]"
data/features/mfcc/test/LA_test_LA_T_9851170_g711.npy,mfcc,data/subset_g711/LA_test_LA_T_9851170_g711.wav,data/subset_g711/LA_test_LA_T_9851170_g711.wav,spoof,test,g711_8khz,LA,LA_0086,A04,spoof,"[20, 400]"
data/features/logmel/train/LA_train_LA_T_1544826_g711.npy,logmel,data/subset_g711/LA_train_LA_T_1544826_g711.wav,data/subset_g711/LA_train_LA_T_1544826_g711.wav,spoof,train,g711_8khz,LA,LA_0095,A03,spoof,"[80, 400]"
data/features/mfcc/train/LA_train_LA_T_1544826_g711.npy,mfcc,data/subset_g711/LA_train_LA_T_1544826_g711.wav,data/subset_g711/LA_train_LA_T_1544826_g711.wav,spoof,train,g711_8khz,LA,LA_0095,A03,spoof,"[20, 400]"
data/features/logmel/test/LA_test_LA_T_6866613_g711.npy,logmel,data/subset_g711/LA_test_LA_T_6866613_g711.wav,data/subset_g711/LA_test_LA_T_6866613_g711.wav,spoof,test,g711_8khz,LA,LA_0097,A04,spoof,"[80, 400]"
data/features/mfcc/test/LA_test_LA_T_6866613_g711.npy,mfcc,data/subset_g711/LA_test_LA_T_6866613_g711.wav,data/subset_g711/LA_test_LA_T_6866613_g711.wav,spoof,test,g711_8khz,LA,LA_0097,A04,spoof,"[20, 400]"
data/features/logmel/train/LA_train_LA_T_5379096_g711.npy,logmel,data/subset_g711/LA_train_LA_T_5379096_g711.wav,data/subset_g711/LA_train_LA_T_5379096_g711.wav,spoof,train,g711_8khz,LA,LA_0092,A03,spoof,"[80, 400]"
data/features/mfcc/train/LA_train_LA_T_5379096_g711.npy,mfcc,data/subset_g711/LA_train_LA_T_5379096_g711.wav,data/subset_g711/LA_train_LA_T_5379096_g711.wav,spoof,train,g711_8khz,LA,LA_0092,A03,spoof,"[20, 400]"
data/features/logmel/train/LA_train_LA_T_1957538_g711.npy,logmel,data/subset_g711/LA_train_LA_T_1957538_g711.wav,data/subset_g711/LA_train_LA_T_1957538_g711.wav,spoof,train,g711_8khz,LA,LA_0087,A03,spoof,"[80, 400]"
data/features/mfcc/train/LA_train_LA_T_1957538_g711.npy,mfcc,data/subset_g711/LA_train_LA_T_1957538_g711.wav,data/subset_g711/LA_train_LA_T_1957538_g711.wav,spoof,train,g711_8khz,LA,LA_0087,A03,spoof,"[20, 400]"
data/features/logmel/test/LA_test_LA_T_8276326_g711.npy,logmel,data/subset_g711/LA_test_LA_T_8276326_g711.wav,data/subset_g711/LA_test_LA_T_8276326_g711.wav,spoof,test,g711_8khz,LA,LA_0086,A03,spoof,"[80, 400]"
data/features/mfcc/test/LA_test_LA_T_8276326_g711.npy,mfcc,data/subset_g711/LA_test_LA_T_8276326_g711.wav,data/subset_g711/LA_test_LA_T_8276326_g711.wav,spoof,test,g711_8khz,LA,LA_0086,A03,spoof,"[20, 400]"
data/features/logmel/train/LA_train_LA_T_7249621_g711.npy,logmel,data/subset_g711/LA_train_LA_T_7249621_g711.wav,data/subset_g711/LA_train_LA_T_7249621_g711.wav,spoof,train,g711_8khz,LA,LA_0080,A05,spoof,"[80, 400]"
data/features/mfcc/train/LA_train_LA_T_7249621_g711.npy,mfcc,data/subset_g711/LA_train_LA_T_7249621_g711.wav,data/subset_g711/LA_train_LA_T_7249621_g711.wav,spoof,train,g711_8khz,LA,LA_0080,A05,spoof,"[20, 400]"
data/features/logmel/test/LA_test_LA_T_6030668_g711.npy,logmel,data/subset_g711/LA_test_LA_T_6030668_g711.wav,data/subset_g711/LA_test_LA_T_6030668_g711.wav,spoof,test,g711_8khz,LA,LA_0097,A04,spoof,"[80, 400]"
data/features/mfcc/test/LA_test_LA_T_6030668_g711.npy,mfcc,data/subset_g711/LA_test_LA_T_6030668_g711.wav,data/subset_g711/LA_test_LA_T_6030668_g711.wav,spoof,test,g711_8khz,LA,LA_0097,A04,spoof,"[20, 400]"
data/features/logmel/train/LA_train_LA_T_2457545_g711.npy,logmel,data/subset_g711/LA_train_LA_T_2457545_g711.wav,data/subset_g711/LA_train_LA_T_2457545_g711.wav,spoof,train,g711_8khz,LA,LA_0092,A04,spoof,"[80, 400]"
data/features/mfcc/train/LA_train_LA_T_2457545_g711.npy,mfcc,data/subset_g711/LA_train_LA_T_2457545_g711.wav,data/subset_g711/LA_train_LA_T_2457545_g711.wav,spoof,train,g711_8khz,LA,LA_0092,A04,spoof,"[20, 400]"
data/features/logmel/train/LA_train_LA_T_9639913_g711.npy,logmel,data/subset_g711/LA_train_LA_T_9639913_g711.wav,data/subset_g711/LA_train_LA_T_9639913_g711.wav,spoof,train,g711_8khz,LA,LA_0083,A05,spoof,"[80, 400]"
data/features/mfcc/train/LA_train_LA_T_9639913_g711.npy,mfcc,data/subset_g711/LA_train_LA_T_9639913_g711.wav,data/subset_g711/LA_train_LA_T_9639913_g711.wav,spoof,train,g711_8khz,LA,LA_0083,A05,spoof,"[20, 400]"
data/features/logmel/train/LA_train_LA_T_8813074_g711.npy,logmel,data/subset_g711/LA_train_LA_T_8813074_g711.wav,data/subset_g711/LA_train_LA_T_8813074_g711.wav,spoof,train,g711_8khz,LA,LA_0081,A03,spoof,"[80, 400]"
data/features/mfcc/train/LA_train_LA_T_8813074_g711.npy,mfcc,data/subset_g711/LA_train_LA_T_8813074_g711.wav,data/subset_g711/LA_train_LA_T_8813074_g711.wav,spoof,train,g711_8khz,LA,LA_0081,A03,spoof,"[20, 400]"
data/features/logmel/train/LA_train_LA_T_3192467_g711.npy,logmel,data/subset_g711/LA_train_LA_T_3192467_g711.wav,data/subset_g711/LA_train_LA_T_3192467_g711.wav,spoof,train,g711_8khz,LA,LA_0087,A03,spoof,"[80, 400]"
data/features/mfcc/train/LA_train_LA_T_3192467_g711.npy,mfcc,data/subset_g711/LA_train_LA_T_3192467_g711.wav,data/subset_g711/LA_train_LA_T_3192467_g711.wav,spoof,train,g711_8khz,LA,LA_0087,A03,spoof,"[20, 400]"
data/features/logmel/val/LA_val_LA_T_9190352_g711.npy,logmel,data/subset_g711/LA_val_LA_T_9190352_g711.wav,data/subset_g711/LA_val_LA_T_9190352_g711.wav,spoof,val,g711_8khz,LA,LA_0089,A06,spoof,"[80, 400]"
data/features/mfcc/val/LA_val_LA_T_9190352_g711.npy,mfcc,data/subset_g711/LA_val_LA_T_9190352_g711.wav,data/subset_g711/LA_val_LA_T_9190352_g711.wav,spoof,val,g711_8khz,LA,LA_0089,A06,spoof,"[20, 400]"
data/features/logmel/train/LA_train_LA_T_4868092_g711.npy,logmel,data/subset_g711/LA_train_LA_T_4868092_g711.wav,data/subset_g711/LA_train_LA_T_4868092_g711.wav,spoof,train,g711_8khz,LA,LA_0090,A02,spoof,"[80, 400]"
data/features/mfcc/train/LA_train_LA_T_4868092_g711.npy,mfcc,data/subset_g711/LA_train_LA_T_4868092_g711.wav,data/subset_g711/LA_train_LA_T_4868092_g711.wav,spoof,train,g711_8khz,LA,LA_0090,A02,spoof,"[20, 400]"
data/features/logmel/train/LA_train_LA_T_6878620_g711.npy,logmel,data/subset_g711/LA_train_LA_T_6878620_g711.wav,data/subset_g711/LA_train_LA_T_6878620_g711.wav,spoof,train,g711_8khz,LA,LA_0081,A02,spoof,"[80, 400]"
data/features/mfcc/train/LA_train_LA_T_6878620_g711.npy,mfcc,data/subset_g711/LA_train_LA_T_6878620_g711.wav,data/subset_g711/LA_train_LA_T_6878620_g711.wav,spoof,train,g711_8khz,LA,LA_0081,A02,spoof,"[20, 400]"
data/features/logmel/train/LA_train_LA_T_8345097_g711.npy,logmel,data/subset_g711/LA_train_LA_T_8345097_g711.wav,data/subset_g711/LA_train_LA_T_8345097_g711.wav,spoof,train,g711_8khz,LA,LA_0087,A02,spoof,"[80, 400]"
data/features/mfcc/train/LA_train_LA_T_8345097_g711.npy,mfcc,data/subset_g711/LA_train_LA_T_8345097_g711.wav,data/subset_g711/LA_train_LA_T_8345097_g711.wav,spoof,train,g711_8khz,LA,LA_0087,A02,spoof,"[20, 400]"
data/features/logmel/train/LA_train_LA_T_1839608_g711.npy,logmel,data/subset_g711/LA_train_LA_T_1839608_g711.wav,data/subset_g711/LA_train_LA_T_1839608_g711.wav,spoof,train,g711_8khz,LA,LA_0096,A05,spoof,"[80, 400]"
data/features/mfcc/train/LA_train_LA_T_1839608_g711.npy,mfcc,data/subset_g711/LA_train_LA_T_1839608_g711.wav,data/subset_g711/LA_train_LA_T_1839608_g711.wav,spoof,train,g711_8khz,LA,LA_0096,A05,spoof,"[20, 400]"
data/features/logmel/val/LA_val_LA_T_4847789_g711.npy,logmel,data/subset_g711/LA_val_LA_T_4847789_g711.wav,data/subset_g711/LA_val_LA_T_4847789_g711.wav,spoof,val,g711_8khz,LA,LA_0089,A01,spoof,"[80, 400]"
data/features/mfcc/val/LA_val_LA_T_4847789_g711.npy,mfcc,data/subset_g711/LA_val_LA_T_4847789_g711.wav,data/subset_g711/LA_val_LA_T_4847789_g711.wav,spoof,val,g711_8khz,LA,LA_0089,A01,spoof,"[20, 400]"
data/features/logmel/train/LA_train_LA_T_5320272_g711.npy,logmel,data/subset_g711/LA_train_LA_T_5320272_g711.wav,data/subset_g711/LA_train_LA_T_5320272_g711.wav,spoof,train,g711_8khz,LA,LA_0088,A04,spoof,"[80, 400]"
data/features/mfcc/train/LA_train_LA_T_5320272_g711.npy,mfcc,data/subset_g711/LA_train_LA_T_5320272_g711.wav,data/subset_g711/LA_train_LA_T_5320272_g711.wav,spoof,train,g711_8khz,LA,LA_0088,A04,spoof,"[20, 400]"
data/features/logmel/train/LA_train_LA_T_9144261_g711.npy,logmel,data/subset_g711/LA_train_LA_T_9144261_g711.wav,data/subset_g711/LA_train_LA_T_9144261_g711.wav,spoof,train,g711_8khz,LA,LA_0090,A01,spoof,"[80, 400]"
data/features/mfcc/train/LA_train_LA_T_9144261_g711.npy,mfcc,data/subset_g711/LA_train_LA_T_9144261_g711.wav,data/subset_g711/LA_train_LA_T_9144261_g711.wav,spoof,train,g711_8khz,LA,LA_0090,A01,spoof,"[20, 400]"
data/features/logmel/train/LA_train_LA_T_4291784_g711.npy,logmel,data/subset_g711/LA_train_LA_T_4291784_g711.wav,data/subset_g711/LA_train_LA_T_4291784_g711.wav,spoof,train,g711_8khz,LA,LA_0083,A01,spoof,"[80, 400]"
data/features/mfcc/train/LA_train_LA_T_4291784_g711.npy,mfcc,data/subset_g711/LA_train_LA_T_4291784_g711.wav,data/subset_g711/LA_train_LA_T_4291784_g711.wav,spoof,train,g711_8khz,LA,LA_0083,A01,spoof,"[20, 400]"
data/features/logmel/test/LA_test_LA_T_4754759_g711.npy,logmel,data/subset_g711/LA_test_LA_T_4754759_g711.wav,data/subset_g711/LA_test_LA_T_4754759_g711.wav,spoof,test,g711_8khz,LA,LA_0097,A04,spoof,"[80, 400]"
data/features/mfcc/test/LA_test_LA_T_4754759_g711.npy,mfcc,data/subset_g711/LA_test_LA_T_4754759_g711.wav,data/subset_g711/LA_test_LA_T_4754759_g711.wav,spoof,test,g711_8khz,LA,LA_0097,A04,spoof,"[20, 400]"
data/features/logmel/train/LA_train_LA_T_6823968_g711.npy,logmel,data/subset_g711/LA_train_LA_T_6823968_g711.wav,data/subset_g711/LA_train_LA_T_6823968_g711.wav,spoof,train,g711_8khz,LA,LA_0079,A02,spoof,"[80, 400]"
data/features/mfcc/train/LA_train_LA_T_6823968_g711.npy,mfcc,data/subset_g711/LA_train_LA_T_6823968_g711.wav,data/subset_g711/LA_train_LA_T_6823968_g711.wav,spoof,train,g711_8khz,LA,LA_0079,A02,spoof,"[20, 400]"
data/features/logmel/train/LA_train_LA_T_2942946_g711.npy,logmel,data/subset_g711/LA_train_LA_T_2942946_g711.wav,data/subset_g711/LA_train_LA_T_2942946_g711.wav,spoof,train,g711_8khz,LA,LA_0092,A03,spoof,"[80, 400]"
data/features/mfcc/train/LA_train_LA_T_2942946_g711.npy,mfcc,data/subset_g711/LA_train_LA_T_2942946_g711.wav,data/subset_g711/LA_train_LA_T_2942946_g711.wav,spoof,train,g711_8khz,LA,LA_0092,A03,spoof,"[20, 400]"
data/features/logmel/val/LA_val_LA_T_9395136_g711.npy,logmel,data/subset_g711/LA_val_LA_T_9395136_g711.wav,data/subset_g711/LA_val_LA_T_9395136_g711.wav,spoof,val,g711_8khz,LA,LA_0089,A04,spoof,"[80, 400]"
data/features/mfcc/val/LA_val_LA_T_9395136_g711.npy,mfcc,data/subset_g711/LA_val_LA_T_9395136_g711.wav,data/subset_g711/LA_val_LA_T_9395136_g711.wav,spoof,val,g711_8khz,LA,LA_0089,A04,spoof,"[20, 400]"
data/features/logmel/test/LA_test_LA_T_4244044_g711.npy,logmel,data/subset_g711/LA_test_LA_T_4244044_g711.wav,data/subset_g711/LA_test_LA_T_4244044_g711.wav,spoof,test,g711_8khz,LA,LA_0097,A06,spoof,"[80, 400]"
data/features/mfcc/test/LA_test_LA_T_4244044_g711.npy,mfcc,data/subset_g711/LA_test_LA_T_4244044_g711.wav,data/subset_g711/LA_test_LA_T_4244044_g711.wav,spoof,test,g711_8khz,LA,LA_0097,A06,spoof,"[20, 400]"
data/features/logmel/train/LA_train_LA_T_1926605_g711.npy,logmel,data/subset_g711/LA_train_LA_T_1926605_g711.wav,data/subset_g711/LA_train_LA_T_1926605_g711.wav,spoof,train,g711_8khz,LA,LA_0090,A06,spoof,"[80, 400]"
data/features/mfcc/train/LA_train_LA_T_1926605_g711.npy,mfcc,data/subset_g711/LA_train_LA_T_1926605_g711.wav,data/subset_g711/LA_train_LA_T_1926605_g711.wav,spoof,train,g711_8khz,LA,LA_0090,A06,spoof,"[20, 400]"
data/features/logmel/test/LA_test_LA_T_5021134_g711.npy,logmel,data/subset_g711/LA_test_LA_T_5021134_g711.wav,data/subset_g711/LA_test_LA_T_5021134_g711.wav,spoof,test,g711_8khz,LA,LA_0097,A06,spoof,"[80, 400]"
data/features/mfcc/test/LA_test_LA_T_5021134_g711.npy,mfcc,data/subset_g711/LA_test_LA_T_5021134_g711.wav,data/subset_g711/LA_test_LA_T_5021134_g711.wav,spoof,test,g711_8khz,LA,LA_0097,A06,spoof,"[20, 400]"
data/features/logmel/train/LA_train_LA_T_8093073_g711.npy,logmel,data/subset_g711/LA_train_LA_T_8093073_g711.wav,data/subset_g711/LA_train_LA_T_8093073_g711.wav,spoof,train,g711_8khz,LA,LA_0080,A04,spoof,"[80, 400]"
data/features/mfcc/train/LA_train_LA_T_8093073_g711.npy,mfcc,data/subset_g711/LA_train_LA_T_8093073_g711.wav,data/subset_g711/LA_train_LA_T_8093073_g711.wav,spoof,train,g711_8khz,LA,LA_0080,A04,spoof,"[20, 400]"
data/features/logmel/train/LA_train_LA_T_1711356_g711.npy,logmel,data/subset_g711/LA_train_LA_T_1711356_g711.wav,data/subset_g711/LA_train_LA_T_1711356_g711.wav,spoof,train,g711_8khz,LA,LA_0090,A01,spoof,"[80, 400]"
data/features/mfcc/train/LA_train_LA_T_1711356_g711.npy,mfcc,data/subset_g711/LA_train_LA_T_1711356_g711.wav,data/subset_g711/LA_train_LA_T_1711356_g711.wav,spoof,train,g711_8khz,LA,LA_0090,A01,spoof,"[20, 400]"
data/features/logmel/train/LA_train_LA_T_3011280_g711.npy,logmel,data/subset_g711/LA_train_LA_T_3011280_g711.wav,data/subset_g711/LA_train_LA_T_3011280_g711.wav,spoof,train,g711_8khz,LA,LA_0080,A02,spoof,"[80, 400]"
data/features/mfcc/train/LA_train_LA_T_3011280_g711.npy,mfcc,data/subset_g711/LA_train_LA_T_3011280_g711.wav,data/subset_g711/LA_train_LA_T_3011280_g711.wav,spoof,train,g711_8khz,LA,LA_0080,A02,spoof,"[20, 400]"
data/features/logmel/train/LA_train_LA_T_5865525_g711.npy,logmel,data/subset_g711/LA_train_LA_T_5865525_g711.wav,data/subset_g711/LA_train_LA_T_5865525_g711.wav,spoof,train,g711_8khz,LA,LA_0090,A01,spoof,"[80, 400]"
data/features/mfcc/train/LA_train_LA_T_5865525_g711.npy,mfcc,data/subset_g711/LA_train_LA_T_5865525_g711.wav,data/subset_g711/LA_train_LA_T_5865525_g711.wav,spoof,train,g711_8khz,LA,LA_0090,A01,spoof,"[20, 400]"
data/features/logmel/train/LA_train_LA_T_9108679_g711.npy,logmel,data/subset_g711/LA_train_LA_T_9108679_g711.wav,data/subset_g711/LA_train_LA_T_9108679_g711.wav,spoof,train,g711_8khz,LA,LA_0085,A02,spoof,"[80, 400]"
data/features/mfcc/train/LA_train_LA_T_9108679_g711.npy,mfcc,data/subset_g711/LA_train_LA_T_9108679_g711.wav,data/subset_g711/LA_train_LA_T_9108679_g711.wav,spoof,train,g711_8khz,LA,LA_0085,A02,spoof,"[20, 400]"
data/features/logmel/train/LA_train_LA_T_6071492_g711.npy,logmel,data/subset_g711/LA_train_LA_T_6071492_g711.wav,data/subset_g711/LA_train_LA_T_6071492_g711.wav,spoof,train,g711_8khz,LA,LA_0091,A03,spoof,"[80, 400]"
data/features/mfcc/train/LA_train_LA_T_6071492_g711.npy,mfcc,data/subset_g711/LA_train_LA_T_6071492_g711.wav,data/subset_g711/LA_train_LA_T_6071492_g711.wav,spoof,train,g711_8khz,LA,LA_0091,A03,spoof,"[20, 400]"
data/features/logmel/train/LA_train_LA_T_1050944_g711.npy,logmel,data/subset_g711/LA_train_LA_T_1050944_g711.wav,data/subset_g711/LA_train_LA_T_1050944_g711.wav,spoof,train,g711_8khz,LA,LA_0088,A05,spoof,"[80, 400]"
data/features/mfcc/train/LA_train_LA_T_1050944_g711.npy,mfcc,data/subset_g711/LA_train_LA_T_1050944_g711.wav,data/subset_g711/LA_train_LA_T_1050944_g711.wav,spoof,train,g711_8khz,LA,LA_0088,A05,spoof,"[20, 400]"
data/features/logmel/train/LA_train_LA_T_2338435_g711.npy,logmel,data/subset_g711/LA_train_LA_T_2338435_g711.wav,data/subset_g711/LA_train_LA_T_2338435_g711.wav,spoof,train,g711_8khz,LA,LA_0079,A03,spoof,"[80, 400]"
data/features/mfcc/train/LA_train_LA_T_2338435_g711.npy,mfcc,data/subset_g711/LA_train_LA_T_2338435_g711.wav,data/subset_g711/LA_train_LA_T_2338435_g711.wav,spoof,train,g711_8khz,LA,LA_0079,A03,spoof,"[20, 400]"
data/features/logmel/train/LA_train_LA_T_9969841_g711.npy,logmel,data/subset_g711/LA_train_LA_T_9969841_g711.wav,data/subset_g711/LA_train_LA_T_9969841_g711.wav,spoof,train,g711_8khz,LA,LA_0096,A01,spoof,"[80, 400]"
data/features/mfcc/train/LA_train_LA_T_9969841_g711.npy,mfcc,data/subset_g711/LA_train_LA_T_9969841_g711.wav,data/subset_g711/LA_train_LA_T_9969841_g711.wav,spoof,train,g711_8khz,LA,LA_0096,A01,spoof,"[20, 400]"
data/features/logmel/train/LA_train_LA_T_2369027_g711.npy,logmel,data/subset_g711/LA_train_LA_T_2369027_g711.wav,data/subset_g711/LA_train_LA_T_2369027_g711.wav,spoof,train,g711_8khz,LA,LA_0087,A06,spoof,"[80, 400]"
data/features/mfcc/train/LA_train_LA_T_2369027_g711.npy,mfcc,data/subset_g711/LA_train_LA_T_2369027_g711.wav,data/subset_g711/LA_train_LA_T_2369027_g711.wav,spoof,train,g711_8khz,LA,LA_0087,A06,spoof,"[20, 400]"
data/features/logmel/test/LA_test_LA_T_4562769_g711.npy,logmel,data/subset_g711/LA_test_LA_T_4562769_g711.wav,data/subset_g711/LA_test_LA_T_4562769_g711.wav,spoof,test,g711_8khz,LA,LA_0097,A06,spoof,"[80, 400]"
data/features/mfcc/test/LA_test_LA_T_4562769_g711.npy,mfcc,data/subset_g711/LA_test_LA_T_4562769_g711.wav,data/subset_g711/LA_test_LA_T_4562769_g711.wav,spoof,test,g711_8khz,LA,LA_0097,A06,spoof,"[20, 400]"
data/features/logmel/val/LA_val_LA_T_5557943_g711.npy,logmel,data/subset_g711/LA_val_LA_T_5557943_g711.wav,data/subset_g711/LA_val_LA_T_5557943_g711.wav,spoof,val,g711_8khz,LA,LA_0089,A06,spoof,"[80, 400]"
data/features/mfcc/val/LA_val_LA_T_5557943_g711.npy,mfcc,data/subset_g711/LA_val_LA_T_5557943_g711.wav,data/subset_g711/LA_val_LA_T_5557943_g711.wav,spoof,val,g711_8khz,LA,LA_0089,A06,spoof,"[20, 400]"
data/features/logmel/val/LA_val_LA_T_5299003_g711.npy,logmel,data/subset_g711/LA_val_LA_T_5299003_g711.wav,data/subset_g711/LA_val_LA_T_5299003_g711.wav,spoof,val,g711_8khz,LA,LA_0089,A05,spoof,"[80, 400]"
data/features/mfcc/val/LA_val_LA_T_5299003_g711.npy,mfcc,data/subset_g711/LA_val_LA_T_5299003_g711.wav,data/subset_g711/LA_val_LA_T_5299003_g711.wav,spoof,val,g711_8khz,LA,LA_0089,A05,spoof,"[20, 400]"
data/features/logmel/train/LA_train_LA_T_6866302_g711.npy,logmel,data/subset_g711/LA_train_LA_T_6866302_g711.wav,data/subset_g711/LA_train_LA_T_6866302_g711.wav,spoof,train,g711_8khz,LA,LA_0092,A04,spoof,"[80, 400]"
data/features/mfcc/train/LA_train_LA_T_6866302_g711.npy,mfcc,data/subset_g711/LA_train_LA_T_6866302_g711.wav,data/subset_g711/LA_train_LA_T_6866302_g711.wav,spoof,train,g711_8khz,LA,LA_0092,A04,spoof,"[20, 400]"
data/features/logmel/train/LA_train_LA_T_4844815_g711.npy,logmel,data/subset_g711/LA_train_LA_T_4844815_g711.wav,data/subset_g711/LA_train_LA_T_4844815_g711.wav,spoof,train,g711_8khz,LA,LA_0080,A01,spoof,"[80, 400]"
data/features/mfcc/train/LA_train_LA_T_4844815_g711.npy,mfcc,data/subset_g711/LA_train_LA_T_4844815_g711.wav,data/subset_g711/LA_train_LA_T_4844815_g711.wav,spoof,train,g711_8khz,LA,LA_0080,A01,spoof,"[20, 400]"
data/features/logmel/train/LA_train_LA_T_7389695_g711.npy,logmel,data/subset_g711/LA_train_LA_T_7389695_g711.wav,data/subset_g711/LA_train_LA_T_7389695_g711.wav,spoof,train,g711_8khz,LA,LA_0079,A01,spoof,"[80, 400]"
data/features/mfcc/train/LA_train_LA_T_7389695_g711.npy,mfcc,data/subset_g711/LA_train_LA_T_7389695_g711.wav,data/subset_g711/LA_train_LA_T_7389695_g711.wav,spoof,train,g711_8khz,LA,LA_0079,A01,spoof,"[20, 400]"
data/features/logmel/train/LA_train_LA_T_4991778_g711.npy,logmel,data/subset_g711/LA_train_LA_T_4991778_g711.wav,data/subset_g711/LA_train_LA_T_4991778_g711.wav,spoof,train,g711_8khz,LA,LA_0085,A06,spoof,"[80, 400]"
data/features/mfcc/train/LA_train_LA_T_4991778_g711.npy,mfcc,data/subset_g711/LA_train_LA_T_4991778_g711.wav,data/subset_g711/LA_train_LA_T_4991778_g711.wav,spoof,train,g711_8khz,LA,LA_0085,A06,spoof,"[20, 400]"
data/features/logmel/train/LA_train_LA_T_2462718_g711.npy,logmel,data/subset_g711/LA_train_LA_T_2462718_g711.wav,data/subset_g711/LA_train_LA_T_2462718_g711.wav,spoof,train,g711_8khz,LA,LA_0091,A03,spoof,"[80, 400]"
data/features/mfcc/train/LA_train_LA_T_2462718_g711.npy,mfcc,data/subset_g711/LA_train_LA_T_2462718_g711.wav,data/subset_g711/LA_train_LA_T_2462718_g711.wav,spoof,train,g711_8khz,LA,LA_0091,A03,spoof,"[20, 400]"
data/features/logmel/val/LA_val_LA_T_5181234_g711.npy,logmel,data/subset_g711/LA_val_LA_T_5181234_g711.wav,data/subset_g711/LA_val_LA_T_5181234_g711.wav,spoof,val,g711_8khz,LA,LA_0082,A05,spoof,"[80, 400]"
data/features/mfcc/val/LA_val_LA_T_5181234_g711.npy,mfcc,data/subset_g711/LA_val_LA_T_5181234_g711.wav,data/subset_g711/LA_val_LA_T_5181234_g711.wav,spoof,val,g711_8khz,LA,LA_0082,A05,spoof,"[20, 400]"
data/features/logmel/train/LA_train_LA_T_9027506_g711.npy,logmel,data/subset_g711/LA_train_LA_T_9027506_g711.wav,data/subset_g711/LA_train_LA_T_9027506_g711.wav,spoof,train,g711_8khz,LA,LA_0080,A02,spoof,"[80, 400]"
data/features/mfcc/train/LA_train_LA_T_9027506_g711.npy,mfcc,data/subset_g711/LA_train_LA_T_9027506_g711.wav,data/subset_g711/LA_train_LA_T_9027506_g711.wav,spoof,train,g711_8khz,LA,LA_0080,A02,spoof,"[20, 400]"
data/features/logmel/train/LA_train_LA_T_8186635_g711.npy,logmel,data/subset_g711/LA_train_LA_T_8186635_g711.wav,data/subset_g711/LA_train_LA_T_8186635_g711.wav,spoof,train,g711_8khz,LA,LA_0081,A01,spoof,"[80, 400]"
data/features/mfcc/train/LA_train_LA_T_8186635_g711.npy,mfcc,data/subset_g711/LA_train_LA_T_8186635_g711.wav,data/subset_g711/LA_train_LA_T_8186635_g711.wav,spoof,train,g711_8khz,LA,LA_0081,A01,spoof,"[20, 400]"
data/features/logmel/test/LA_test_LA_T_5447517_g711.npy,logmel,data/subset_g711/LA_test_LA_T_5447517_g711.wav,data/subset_g711/LA_test_LA_T_5447517_g711.wav,spoof,test,g711_8khz,LA,LA_0086,A03,spoof,"[80, 400]"
data/features/mfcc/test/LA_test_LA_T_5447517_g711.npy,mfcc,data/subset_g711/LA_test_LA_T_5447517_g711.wav,data/subset_g711/LA_test_LA_T_5447517_g711.wav,spoof,test,g711_8khz,LA,LA_0086,A03,spoof,"[20, 400]"
data/features/logmel/train/LA_train_LA_T_9752029_g711.npy,logmel,data/subset_g711/LA_train_LA_T_9752029_g711.wav,data/subset_g711/LA_train_LA_T_9752029_g711.wav,spoof,train,g711_8khz,LA,LA_0079,A04,spoof,"[80, 400]"
data/features/mfcc/train/LA_train_LA_T_9752029_g711.npy,mfcc,data/subset_g711/LA_train_LA_T_9752029_g711.wav,data/subset_g711/LA_train_LA_T_9752029_g711.wav,spoof,train,g711_8khz,LA,LA_0079,A04,spoof,"[20, 400]"
data/features/logmel/val/LA_val_LA_T_3541347_g711.npy,logmel,data/subset_g711/LA_val_LA_T_3541347_g711.wav,data/subset_g711/LA_val_LA_T_3541347_g711.wav,spoof,val,g711_8khz,LA,LA_0082,A06,spoof,"[80, 400]"
data/features/mfcc/val/LA_val_LA_T_3541347_g711.npy,mfcc,data/subset_g711/LA_val_LA_T_3541347_g711.wav,data/subset_g711/LA_val_LA_T_3541347_g711.wav,spoof,val,g711_8khz,LA,LA_0082,A06,spoof,"[20, 400]"
data/features/logmel/train/LA_train_LA_T_8055426_g711.npy,logmel,data/subset_g711/LA_train_LA_T_8055426_g711.wav,data/subset_g711/LA_train_LA_T_8055426_g711.wav,spoof,train,g711_8khz,LA,LA_0090,A01,spoof,"[80, 400]"
data/features/mfcc/train/LA_train_LA_T_8055426_g711.npy,mfcc,data/subset_g711/LA_train_LA_T_8055426_g711.wav,data/subset_g711/LA_train_LA_T_8055426_g711.wav,spoof,train,g711_8khz,LA,LA_0090,A01,spoof,"[20, 400]"
data/features/logmel/val/LA_val_LA_T_9056284_g711.npy,logmel,data/subset_g711/LA_val_LA_T_9056284_g711.wav,data/subset_g711/LA_val_LA_T_9056284_g711.wav,spoof,val,g711_8khz,LA,LA_0089,A01,spoof,"[80, 400]"
data/features/mfcc/val/LA_val_LA_T_9056284_g711.npy,mfcc,data/subset_g711/LA_val_LA_T_9056284_g711.wav,data/subset_g711/LA_val_LA_T_9056284_g711.wav,spoof,val,g711_8khz,LA,LA_0089,A01,spoof,"[20, 400]"
data/features/logmel/train/LA_train_LA_T_3303089_g711.npy,logmel,data/subset_g711/LA_train_LA_T_3303089_g711.wav,data/subset_g711/LA_train_LA_T_3303089_g711.wav,spoof,train,g711_8khz,LA,LA_0091,A01,spoof,"[80, 400]"
data/features/mfcc/train/LA_train_LA_T_3303089_g711.npy,mfcc,data/subset_g711/LA_train_LA_T_3303089_g711.wav,data/subset_g711/LA_train_LA_T_3303089_g711.wav,spoof,train,g711_8khz,LA,LA_0091,A01,spoof,"[20, 400]"
data/features/logmel/train/LA_train_LA_T_5710203_g711.npy,logmel,data/subset_g711/LA_train_LA_T_5710203_g711.wav,data/subset_g711/LA_train_LA_T_5710203_g711.wav,spoof,train,g711_8khz,LA,LA_0098,A04,spoof,"[80, 400]"
data/features/mfcc/train/LA_train_LA_T_5710203_g711.npy,mfcc,data/subset_g711/LA_train_LA_T_5710203_g711.wav,data/subset_g711/LA_train_LA_T_5710203_g711.wav,spoof,train,g711_8khz,LA,LA_0098,A04,spoof,"[20, 400]"
data/features/logmel/train/LA_train_LA_T_8856200_g711.npy,logmel,data/subset_g711/LA_train_LA_T_8856200_g711.wav,data/subset_g711/LA_train_LA_T_8856200_g711.wav,spoof,train,g711_8khz,LA,LA_0090,A01,spoof,"[80, 400]"
data/features/mfcc/train/LA_train_LA_T_8856200_g711.npy,mfcc,data/subset_g711/LA_train_LA_T_8856200_g711.wav,data/subset_g711/LA_train_LA_T_8856200_g711.wav,spoof,train,g711_8khz,LA,LA_0090,A01,spoof,"[20, 400]"
data/features/logmel/test/LA_test_LA_T_3674915_g711.npy,logmel,data/subset_g711/LA_test_LA_T_3674915_g711.wav,data/subset_g711/LA_test_LA_T_3674915_g711.wav,spoof,test,g711_8khz,LA,LA_0097,A06,spoof,"[80, 400]"
data/features/mfcc/test/LA_test_LA_T_3674915_g711.npy,mfcc,data/subset_g711/LA_test_LA_T_3674915_g711.wav,data/subset_g711/LA_test_LA_T_3674915_g711.wav,spoof,test,g711_8khz,LA,LA_0097,A06,spoof,"[20, 400]"
data/features/logmel/test/LA_test_LA_T_9492498_g711.npy,logmel,data/subset_g711/LA_test_LA_T_9492498_g711.wav,data/subset_g711/LA_test_LA_T_9492498_g711.wav,spoof,test,g711_8khz,LA,LA_0093,A03,spoof,"[80, 400]"
data/features/mfcc/test/LA_test_LA_T_9492498_g711.npy,mfcc,data/subset_g711/LA_test_LA_T_9492498_g711.wav,data/subset_g711/LA_test_LA_T_9492498_g711.wav,spoof,test,g711_8khz,LA,LA_0093,A03,spoof,"[20, 400]"
data/features/logmel/val/LA_val_LA_T_9274561_g711.npy,logmel,data/subset_g711/LA_val_LA_T_9274561_g711.wav,data/subset_g711/LA_val_LA_T_9274561_g711.wav,spoof,val,g711_8khz,LA,LA_0089,A03,spoof,"[80, 400]"
data/features/mfcc/val/LA_val_LA_T_9274561_g711.npy,mfcc,data/subset_g711/LA_val_LA_T_9274561_g711.wav,data/subset_g711/LA_val_LA_T_9274561_g711.wav,spoof,val,g711_8khz,LA,LA_0089,A03,spoof,"[20, 400]"
data/features/logmel/train/LA_train_LA_T_6785696_g711.npy,logmel,data/subset_g711/LA_train_LA_T_6785696_g711.wav,data/subset_g711/LA_train_LA_T_6785696_g711.wav,spoof,train,g711_8khz,LA,LA_0087,A03,spoof,"[80, 400]"
data/features/mfcc/train/LA_train_LA_T_6785696_g711.npy,mfcc,data/subset_g711/LA_train_LA_T_6785696_g711.wav,data/subset_g711/LA_train_LA_T_6785696_g711.wav,spoof,train,g711_8khz,LA,LA_0087,A03,spoof,"[20, 400]"
data/features/logmel/val/LA_val_LA_T_9529562_g711.npy,logmel,data/subset_g711/LA_val_LA_T_9529562_g711.wav,data/subset_g711/LA_val_LA_T_9529562_g711.wav,spoof,val,g711_8khz,LA,LA_0082,A02,spoof,"[80, 400]"
data/features/mfcc/val/LA_val_LA_T_9529562_g711.npy,mfcc,data/subset_g711/LA_val_LA_T_9529562_g711.wav,data/subset_g711/LA_val_LA_T_9529562_g711.wav,spoof,val,g711_8khz,LA,LA_0082,A02,spoof,"[20, 400]"
data/features/logmel/train/LA_train_LA_T_1076210_g711.npy,logmel,data/subset_g711/LA_train_LA_T_1076210_g711.wav,data/subset_g711/LA_train_LA_T_1076210_g711.wav,spoof,train,g711_8khz,LA,LA_0094,A01,spoof,"[80, 400]"
data/features/mfcc/train/LA_train_LA_T_1076210_g711.npy,mfcc,data/subset_g711/LA_train_LA_T_1076210_g711.wav,data/subset_g711/LA_train_LA_T_1076210_g711.wav,spoof,train,g711_8khz,LA,LA_0094,A01,spoof,"[20, 400]"
data/features/logmel/test/LA_test_LA_T_5333693_g711.npy,logmel,data/subset_g711/LA_test_LA_T_5333693_g711.wav,data/subset_g711/LA_test_LA_T_5333693_g711.wav,spoof,test,g711_8khz,LA,LA_0097,A05,spoof,"[80, 400]"
data/features/mfcc/test/LA_test_LA_T_5333693_g711.npy,mfcc,data/subset_g711/LA_test_LA_T_5333693_g711.wav,data/subset_g711/LA_test_LA_T_5333693_g711.wav,spoof,test,g711_8khz,LA,LA_0097,A05,spoof,"[20, 400]"
data/features/logmel/val/LA_val_LA_T_6904969_g711.npy,logmel,data/subset_g711/LA_val_LA_T_6904969_g711.wav,data/subset_g711/LA_val_LA_T_6904969_g711.wav,spoof,val,g711_8khz,LA,LA_0082,A01,spoof,"[80, 400]"
data/features/mfcc/val/LA_val_LA_T_6904969_g711.npy,mfcc,data/subset_g711/LA_val_LA_T_6904969_g711.wav,data/subset_g711/LA_val_LA_T_6904969_g711.wav,spoof,val,g711_8khz,LA,LA_0082,A01,spoof,"[20, 400]"
data/features/logmel/train/LA_train_LA_T_8287825_g711.npy,logmel,data/subset_g711/LA_train_LA_T_8287825_g711.wav,data/subset_g711/LA_train_LA_T_8287825_g711.wav,spoof,train,g711_8khz,LA,LA_0079,A03,spoof,"[80, 400]"
data/features/mfcc/train/LA_train_LA_T_8287825_g711.npy,mfcc,data/subset_g711/LA_train_LA_T_8287825_g711.wav,data/subset_g711/LA_train_LA_T_8287825_g711.wav,spoof,train,g711_8khz,LA,LA_0079,A03,spoof,"[20, 400]"
data/features/logmel/train/LA_train_LA_T_2445227_g711.npy,logmel,data/subset_g711/LA_train_LA_T_2445227_g711.wav,data/subset_g711/LA_train_LA_T_2445227_g711.wav,spoof,train,g711_8khz,LA,LA_0090,A03,spoof,"[80, 400]"
data/features/mfcc/train/LA_train_LA_T_2445227_g711.npy,mfcc,data/subset_g711/LA_train_LA_T_2445227_g711.wav,data/subset_g711/LA_train_LA_T_2445227_g711.wav,spoof,train,g711_8khz,LA,LA_0090,A03,spoof,"[20, 400]"
data/features/logmel/train/LA_train_LA_T_9499930_g711.npy,logmel,data/subset_g711/LA_train_LA_T_9499930_g711.wav,data/subset_g711/LA_train_LA_T_9499930_g711.wav,spoof,train,g711_8khz,LA,LA_0092,A05,spoof,"[80, 400]"
data/features/mfcc/train/LA_train_LA_T_9499930_g711.npy,mfcc,data/subset_g711/LA_train_LA_T_9499930_g711.wav,data/subset_g711/LA_train_LA_T_9499930_g711.wav,spoof,train,g711_8khz,LA,LA_0092,A05,spoof,"[20, 400]"
data/features/logmel/val/LA_val_LA_T_6838646_g711.npy,logmel,data/subset_g711/LA_val_LA_T_6838646_g711.wav,data/subset_g711/LA_val_LA_T_6838646_g711.wav,spoof,val,g711_8khz,LA,LA_0089,A03,spoof,"[80, 400]"
data/features/mfcc/val/LA_val_LA_T_6838646_g711.npy,mfcc,data/subset_g711/LA_val_LA_T_6838646_g711.wav,data/subset_g711/LA_val_LA_T_6838646_g711.wav,spoof,val,g711_8khz,LA,LA_0089,A03,spoof,"[20, 400]"
data/features/logmel/train/LA_train_LA_T_9683366_g711.npy,logmel,data/subset_g711/LA_train_LA_T_9683366_g711.wav,data/subset_g711/LA_train_LA_T_9683366_g711.wav,spoof,train,g711_8khz,LA,LA_0080,A04,spoof,"[80, 400]"
data/features/mfcc/train/LA_train_LA_T_9683366_g711.npy,mfcc,data/subset_g711/LA_train_LA_T_9683366_g711.wav,data/subset_g711/LA_train_LA_T_9683366_g711.wav,spoof,train,g711_8khz,LA,LA_0080,A04,spoof,"[20, 400]"
data/features/logmel/test/LA_test_LA_T_2789947_g711.npy,logmel,data/subset_g711/LA_test_LA_T_2789947_g711.wav,data/subset_g711/LA_test_LA_T_2789947_g711.wav,spoof,test,g711_8khz,LA,LA_0097,A05,spoof,"[80, 400]"
data/features/mfcc/test/LA_test_LA_T_2789947_g711.npy,mfcc,data/subset_g711/LA_test_LA_T_2789947_g711.wav,data/subset_g711/LA_test_LA_T_2789947_g711.wav,spoof,test,g711_8khz,LA,LA_0097,A05,spoof,"[20, 400]"
data/features/logmel/train/LA_train_LA_T_4307188_g711.npy,logmel,data/subset_g711/LA_train_LA_T_4307188_g711.wav,data/subset_g711/LA_train_LA_T_4307188_g711.wav,spoof,train,g711_8khz,LA,LA_0085,A05,spoof,"[80, 400]"
data/features/mfcc/train/LA_train_LA_T_4307188_g711.npy,mfcc,data/subset_g711/LA_train_LA_T_4307188_g711.wav,data/subset_g711/LA_train_LA_T_4307188_g711.wav,spoof,train,g711_8khz,LA,LA_0085,A05,spoof,"[20, 400]"
data/features/logmel/train/LA_train_LA_T_7136815_g711.npy,logmel,data/subset_g711/LA_train_LA_T_7136815_g711.wav,data/subset_g711/LA_train_LA_T_7136815_g711.wav,spoof,train,g711_8khz,LA,LA_0085,A06,spoof,"[80, 400]"
data/features/mfcc/train/LA_train_LA_T_7136815_g711.npy,mfcc,data/subset_g711/LA_train_LA_T_7136815_g711.wav,data/subset_g711/LA_train_LA_T_7136815_g711.wav,spoof,train,g711_8khz,LA,LA_0085,A06,spoof,"[20, 400]"
data/features/logmel/train/LA_train_LA_T_6174387_g711.npy,logmel,data/subset_g711/LA_train_LA_T_6174387_g711.wav,data/subset_g711/LA_train_LA_T_6174387_g711.wav,spoof,train,g711_8khz,LA,LA_0096,A01,spoof,"[80, 400]"
data/features/mfcc/train/LA_train_LA_T_6174387_g711.npy,mfcc,data/subset_g711/LA_train_LA_T_6174387_g711.wav,data/subset_g711/LA_train_LA_T_6174387_g711.wav,spoof,train,g711_8khz,LA,LA_0096,A01,spoof,"[20, 400]"
data/features/logmel/train/LA_train_LA_T_9347890_g711.npy,logmel,data/subset_g711/LA_train_LA_T_9347890_g711.wav,data/subset_g711/LA_train_LA_T_9347890_g711.wav,spoof,train,g711_8khz,LA,LA_0083,A04,spoof,"[80, 400]"
data/features/mfcc/train/LA_train_LA_T_9347890_g711.npy,mfcc,data/subset_g711/LA_train_LA_T_9347890_g711.wav,data/subset_g711/LA_train_LA_T_9347890_g711.wav,spoof,train,g711_8khz,LA,LA_0083,A04,spoof,"[20, 400]"
data/features/logmel/train/LA_train_LA_T_9683231_g711.npy,logmel,data/subset_g711/LA_train_LA_T_9683231_g711.wav,data/subset_g711/LA_train_LA_T_9683231_g711.wav,spoof,train,g711_8khz,LA,LA_0081,A02,spoof,"[80, 400]"
data/features/mfcc/train/LA_train_LA_T_9683231_g711.npy,mfcc,data/subset_g711/LA_train_LA_T_9683231_g711.wav,data/subset_g711/LA_train_LA_T_9683231_g711.wav,spoof,train,g711_8khz,LA,LA_0081,A02,spoof,"[20, 400]"
data/features/logmel/train/LA_train_LA_T_7670531_g711.npy,logmel,data/subset_g711/LA_train_LA_T_7670531_g711.wav,data/subset_g711/LA_train_LA_T_7670531_g711.wav,spoof,train,g711_8khz,LA,LA_0084,A01,spoof,"[80, 400]"
data/features/mfcc/train/LA_train_LA_T_7670531_g711.npy,mfcc,data/subset_g711/LA_train_LA_T_7670531_g711.wav,data/subset_g711/LA_train_LA_T_7670531_g711.wav,spoof,train,g711_8khz,LA,LA_0084,A01,spoof,"[20, 400]"
data/features/logmel/train/LA_train_LA_T_4207818_g711.npy,logmel,data/subset_g711/LA_train_LA_T_4207818_g711.wav,data/subset_g711/LA_train_LA_T_4207818_g711.wav,spoof,train,g711_8khz,LA,LA_0081,A01,spoof,"[80, 400]"
data/features/mfcc/train/LA_train_LA_T_4207818_g711.npy,mfcc,data/subset_g711/LA_train_LA_T_4207818_g711.wav,data/subset_g711/LA_train_LA_T_4207818_g711.wav,spoof,train,g711_8khz,LA,LA_0081,A01,spoof,"[20, 400]"
data/features/logmel/val/LA_val_LA_T_3813986_g711.npy,logmel,data/subset_g711/LA_val_LA_T_3813986_g711.wav,data/subset_g711/LA_val_LA_T_3813986_g711.wav,spoof,val,g711_8khz,LA,LA_0089,A05,spoof,"[80, 400]"
data/features/mfcc/val/LA_val_LA_T_3813986_g711.npy,mfcc,data/subset_g711/LA_val_LA_T_3813986_g711.wav,data/subset_g711/LA_val_LA_T_3813986_g711.wav,spoof,val,g711_8khz,LA,LA_0089,A05,spoof,"[20, 400]"
data/features/logmel/train/LA_train_LA_T_2237022_g711.npy,logmel,data/subset_g711/LA_train_LA_T_2237022_g711.wav,data/subset_g711/LA_train_LA_T_2237022_g711.wav,spoof,train,g711_8khz,LA,LA_0098,A01,spoof,"[80, 400]"
data/features/mfcc/train/LA_train_LA_T_2237022_g711.npy,mfcc,data/subset_g711/LA_train_LA_T_2237022_g711.wav,data/subset_g711/LA_train_LA_T_2237022_g711.wav,spoof,train,g711_8khz,LA,LA_0098,A01,spoof,"[20, 400]"
data/features/logmel/train/LA_train_LA_T_5105792_g711.npy,logmel,data/subset_g711/LA_train_LA_T_5105792_g711.wav,data/subset_g711/LA_train_LA_T_5105792_g711.wav,spoof,train,g711_8khz,LA,LA_0091,A02,spoof,"[80, 400]"
data/features/mfcc/train/LA_train_LA_T_5105792_g711.npy,mfcc,data/subset_g711/LA_train_LA_T_5105792_g711.wav,data/subset_g711/LA_train_LA_T_5105792_g711.wav,spoof,train,g711_8khz,LA,LA_0091,A02,spoof,"[20, 400]"
data/features/logmel/train/LA_train_LA_T_1054206_g711.npy,logmel,data/subset_g711/LA_train_LA_T_1054206_g711.wav,data/subset_g711/LA_train_LA_T_1054206_g711.wav,spoof,train,g711_8khz,LA,LA_0092,A06,spoof,"[80, 400]"
data/features/mfcc/train/LA_train_LA_T_1054206_g711.npy,mfcc,data/subset_g711/LA_train_LA_T_1054206_g711.wav,data/subset_g711/LA_train_LA_T_1054206_g711.wav,spoof,train,g711_8khz,LA,LA_0092,A06,spoof,"[20, 400]"
data/features/logmel/train/LA_train_LA_T_8811619_g711.npy,logmel,data/subset_g711/LA_train_LA_T_8811619_g711.wav,data/subset_g711/LA_train_LA_T_8811619_g711.wav,spoof,train,g711_8khz,LA,LA_0096,A01,spoof,"[80, 400]"
data/features/mfcc/train/LA_train_LA_T_8811619_g711.npy,mfcc,data/subset_g711/LA_train_LA_T_8811619_g711.wav,data/subset_g711/LA_train_LA_T_8811619_g711.wav,spoof,train,g711_8khz,LA,LA_0096,A01,spoof,"[20, 400]"
data/features/logmel/train/LA_train_LA_T_8966163_g711.npy,logmel,data/subset_g711/LA_train_LA_T_8966163_g711.wav,data/subset_g711/LA_train_LA_T_8966163_g711.wav,spoof,train,g711_8khz,LA,LA_0085,A03,spoof,"[80, 400]"
data/features/mfcc/train/LA_train_LA_T_8966163_g711.npy,mfcc,data/subset_g711/LA_train_LA_T_8966163_g711.wav,data/subset_g711/LA_train_LA_T_8966163_g711.wav,spoof,train,g711_8khz,LA,LA_0085,A03,spoof,"[20, 400]"
data/features/logmel/train/LA_train_LA_T_5718643_g711.npy,logmel,data/subset_g711/LA_train_LA_T_5718643_g711.wav,data/subset_g711/LA_train_LA_T_5718643_g711.wav,spoof,train,g711_8khz,LA,LA_0083,A02,spoof,"[80, 400]"
data/features/mfcc/train/LA_train_LA_T_5718643_g711.npy,mfcc,data/subset_g711/LA_train_LA_T_5718643_g711.wav,data/subset_g711/LA_train_LA_T_5718643_g711.wav,spoof,train,g711_8khz,LA,LA_0083,A02,spoof,"[20, 400]"
data/features/logmel/train/LA_train_LA_T_7814998_g711.npy,logmel,data/subset_g711/LA_train_LA_T_7814998_g711.wav,data/subset_g711/LA_train_LA_T_7814998_g711.wav,spoof,train,g711_8khz,LA,LA_0096,A04,spoof,"[80, 400]"
data/features/mfcc/train/LA_train_LA_T_7814998_g711.npy,mfcc,data/subset_g711/LA_train_LA_T_7814998_g711.wav,data/subset_g711/LA_train_LA_T_7814998_g711.wav,spoof,train,g711_8khz,LA,LA_0096,A04,spoof,"[20, 400]"
data/features/logmel/train/LA_train_LA_T_8126617_g711.npy,logmel,data/subset_g711/LA_train_LA_T_8126617_g711.wav,data/subset_g711/LA_train_LA_T_8126617_g711.wav,spoof,train,g711_8khz,LA,LA_0091,A03,spoof,"[80, 400]"
data/features/mfcc/train/LA_train_LA_T_8126617_g711.npy,mfcc,data/subset_g711/LA_train_LA_T_8126617_g711.wav,data/subset_g711/LA_train_LA_T_8126617_g711.wav,spoof,train,g711_8khz,LA,LA_0091,A03,spoof,"[20, 400]"
data/features/logmel/train/LA_train_LA_T_4608788_g711.npy,logmel,data/subset_g711/LA_train_LA_T_4608788_g711.wav,data/subset_g711/LA_train_LA_T_4608788_g711.wav,spoof,train,g711_8khz,LA,LA_0095,A02,spoof,"[80, 400]"
data/features/mfcc/train/LA_train_LA_T_4608788_g711.npy,mfcc,data/subset_g711/LA_train_LA_T_4608788_g711.wav,data/subset_g711/LA_train_LA_T_4608788_g711.wav,spoof,train,g711_8khz,LA,LA_0095,A02,spoof,"[20, 400]"
data/features/logmel/train/LA_train_LA_T_7081724_g711.npy,logmel,data/subset_g711/LA_train_LA_T_7081724_g711.wav,data/subset_g711/LA_train_LA_T_7081724_g711.wav,spoof,train,g711_8khz,LA,LA_0084,A05,spoof,"[80, 400]"
data/features/mfcc/train/LA_train_LA_T_7081724_g711.npy,mfcc,data/subset_g711/LA_train_LA_T_7081724_g711.wav,data/subset_g711/LA_train_LA_T_7081724_g711.wav,spoof,train,g711_8khz,LA,LA_0084,A05,spoof,"[20, 400]"
data/features/logmel/test/LA_test_LA_T_7623077_g711.npy,logmel,data/subset_g711/LA_test_LA_T_7623077_g711.wav,data/subset_g711/LA_test_LA_T_7623077_g711.wav,spoof,test,g711_8khz,LA,LA_0097,A05,spoof,"[80, 400]"
data/features/mfcc/test/LA_test_LA_T_7623077_g711.npy,mfcc,data/subset_g711/LA_test_LA_T_7623077_g711.wav,data/subset_g711/LA_test_LA_T_7623077_g711.wav,spoof,test,g711_8khz,LA,LA_0097,A05,spoof,"[20, 400]"
data/features/logmel/train/LA_train_LA_T_8574954_g711.npy,logmel,data/subset_g711/LA_train_LA_T_8574954_g711.wav,data/subset_g711/LA_train_LA_T_8574954_g711.wav,spoof,train,g711_8khz,LA,LA_0085,A02,spoof,"[80, 400]"
data/features/mfcc/train/LA_train_LA_T_8574954_g711.npy,mfcc,data/subset_g711/LA_train_LA_T_8574954_g711.wav,data/subset_g711/LA_train_LA_T_8574954_g711.wav,spoof,train,g711_8khz,LA,LA_0085,A02,spoof,"[20, 400]"
data/features/logmel/test/LA_test_LA_T_2233012_g711.npy,logmel,data/subset_g711/LA_test_LA_T_2233012_g711.wav,data/subset_g711/LA_test_LA_T_2233012_g711.wav,spoof,test,g711_8khz,LA,LA_0086,A06,spoof,"[80, 400]"
data/features/mfcc/test/LA_test_LA_T_2233012_g711.npy,mfcc,data/subset_g711/LA_test_LA_T_2233012_g711.wav,data/subset_g711/LA_test_LA_T_2233012_g711.wav,spoof,test,g711_8khz,LA,LA_0086,A06,spoof,"[20, 400]"
data/features/logmel/train/LA_train_LA_T_6510676_g711.npy,logmel,data/subset_g711/LA_train_LA_T_6510676_g711.wav,data/subset_g711/LA_train_LA_T_6510676_g711.wav,spoof,train,g711_8khz,LA,LA_0090,A05,spoof,"[80, 400]"
data/features/mfcc/train/LA_train_LA_T_6510676_g711.npy,mfcc,data/subset_g711/LA_train_LA_T_6510676_g711.wav,data/subset_g711/LA_train_LA_T_6510676_g711.wav,spoof,train,g711_8khz,LA,LA_0090,A05,spoof,"[20, 400]"
data/features/logmel/test/LA_test_LA_T_6962997_g711.npy,logmel,data/subset_g711/LA_test_LA_T_6962997_g711.wav,data/subset_g711/LA_test_LA_T_6962997_g711.wav,spoof,test,g711_8khz,LA,LA_0097,A04,spoof,"[80, 400]"
data/features/mfcc/test/LA_test_LA_T_6962997_g711.npy,mfcc,data/subset_g711/LA_test_LA_T_6962997_g711.wav,data/subset_g711/LA_test_LA_T_6962997_g711.wav,spoof,test,g711_8khz,LA,LA_0097,A04,spoof,"[20, 400]"
data/features/logmel/train/LA_train_LA_T_4973732_g711.npy,logmel,data/subset_g711/LA_train_LA_T_4973732_g711.wav,data/subset_g711/LA_train_LA_T_4973732_g711.wav,spoof,train,g711_8khz,LA,LA_0081,A01,spoof,"[80, 400]"
data/features/mfcc/train/LA_train_LA_T_4973732_g711.npy,mfcc,data/subset_g711/LA_train_LA_T_4973732_g711.wav,data/subset_g711/LA_train_LA_T_4973732_g711.wav,spoof,train,g711_8khz,LA,LA_0081,A01,spoof,"[20, 400]"
data/features/logmel/train/LA_train_LA_T_9860705_g711.npy,logmel,data/subset_g711/LA_train_LA_T_9860705_g711.wav,data/subset_g711/LA_train_LA_T_9860705_g711.wav,spoof,train,g711_8khz,LA,LA_0095,A01,spoof,"[80, 400]"
data/features/mfcc/train/LA_train_LA_T_9860705_g711.npy,mfcc,data/subset_g711/LA_train_LA_T_9860705_g711.wav,data/subset_g711/LA_train_LA_T_9860705_g711.wav,spoof,train,g711_8khz,LA,LA_0095,A01,spoof,"[20, 400]"
data/features/logmel/train/LA_train_LA_T_5882239_g711.npy,logmel,data/subset_g711/LA_train_LA_T_5882239_g711.wav,data/subset_g711/LA_train_LA_T_5882239_g711.wav,spoof,train,g711_8khz,LA,LA_0087,A02,spoof,"[80, 400]"
data/features/mfcc/train/LA_train_LA_T_5882239_g711.npy,mfcc,data/subset_g711/LA_train_LA_T_5882239_g711.wav,data/subset_g711/LA_train_LA_T_5882239_g711.wav,spoof,train,g711_8khz,LA,LA_0087,A02,spoof,"[20, 400]"
data/features/logmel/train/LA_train_LA_T_4583580_g711.npy,logmel,data/subset_g711/LA_train_LA_T_4583580_g711.wav,data/subset_g711/LA_train_LA_T_4583580_g711.wav,spoof,train,g711_8khz,LA,LA_0098,A03,spoof,"[80, 400]"
data/features/mfcc/train/LA_train_LA_T_4583580_g711.npy,mfcc,data/subset_g711/LA_train_LA_T_4583580_g711.wav,data/subset_g711/LA_train_LA_T_4583580_g711.wav,spoof,train,g711_8khz,LA,LA_0098,A03,spoof,"[20, 400]"
data/features/logmel/test/LA_test_LA_T_5770156_g711.npy,logmel,data/subset_g711/LA_test_LA_T_5770156_g711.wav,data/subset_g711/LA_test_LA_T_5770156_g711.wav,spoof,test,g711_8khz,LA,LA_0097,A01,spoof,"[80, 400]"
data/features/mfcc/test/LA_test_LA_T_5770156_g711.npy,mfcc,data/subset_g711/LA_test_LA_T_5770156_g711.wav,data/subset_g711/LA_test_LA_T_5770156_g711.wav,spoof,test,g711_8khz,LA,LA_0097,A01,spoof,"[20, 400]"
data/features/logmel/train/LA_train_LA_T_3339466_g711.npy,logmel,data/subset_g711/LA_train_LA_T_3339466_g711.wav,data/subset_g711/LA_train_LA_T_3339466_g711.wav,spoof,train,g711_8khz,LA,LA_0091,A05,spoof,"[80, 400]"
data/features/mfcc/train/LA_train_LA_T_3339466_g711.npy,mfcc,data/subset_g711/LA_train_LA_T_3339466_g711.wav,data/subset_g711/LA_train_LA_T_3339466_g711.wav,spoof,train,g711_8khz,LA,LA_0091,A05,spoof,"[20, 400]"
data/features/logmel/train/LA_train_LA_T_4506743_g711.npy,logmel,data/subset_g711/LA_train_LA_T_4506743_g711.wav,data/subset_g711/LA_train_LA_T_4506743_g711.wav,spoof,train,g711_8khz,LA,LA_0081,A04,spoof,"[80, 400]"
data/features/mfcc/train/LA_train_LA_T_4506743_g711.npy,mfcc,data/subset_g711/LA_train_LA_T_4506743_g711.wav,data/subset_g711/LA_train_LA_T_4506743_g711.wav,spoof,train,g711_8khz,LA,LA_0081,A04,spoof,"[20, 400]"
data/features/logmel/test/LA_test_LA_T_3622175_g711.npy,logmel,data/subset_g711/LA_test_LA_T_3622175_g711.wav,data/subset_g711/LA_test_LA_T_3622175_g711.wav,spoof,test,g711_8khz,LA,LA_0097,A01,spoof,"[80, 400]"
data/features/mfcc/test/LA_test_LA_T_3622175_g711.npy,mfcc,data/subset_g711/LA_test_LA_T_3622175_g711.wav,data/subset_g711/LA_test_LA_T_3622175_g711.wav,spoof,test,g711_8khz,LA,LA_0097,A01,spoof,"[20, 400]"
data/features/logmel/test/LA_test_LA_T_6796337_g711.npy,logmel,data/subset_g711/LA_test_LA_T_6796337_g711.wav,data/subset_g711/LA_test_LA_T_6796337_g711.wav,spoof,test,g711_8khz,LA,LA_0097,A03,spoof,"[80, 400]"
data/features/mfcc/test/LA_test_LA_T_6796337_g711.npy,mfcc,data/subset_g711/LA_test_LA_T_6796337_g711.wav,data/subset_g711/LA_test_LA_T_6796337_g711.wav,spoof,test,g711_8khz,LA,LA_0097,A03,spoof,"[20, 400]"
data/features/logmel/train/LA_train_LA_T_1471299_g711.npy,logmel,data/subset_g711/LA_train_LA_T_1471299_g711.wav,data/subset_g711/LA_train_LA_T_1471299_g711.wav,spoof,train,g711_8khz,LA,LA_0094,A02,spoof,"[80, 400]"
data/features/mfcc/train/LA_train_LA_T_1471299_g711.npy,mfcc,data/subset_g711/LA_train_LA_T_1471299_g711.wav,data/subset_g711/LA_train_LA_T_1471299_g711.wav,spoof,train,g711_8khz,LA,LA_0094,A02,spoof,"[20, 400]"
data/features/logmel/test/LA_test_LA_T_9858769_g711.npy,logmel,data/subset_g711/LA_test_LA_T_9858769_g711.wav,data/subset_g711/LA_test_LA_T_9858769_g711.wav,spoof,test,g711_8khz,LA,LA_0086,A06,spoof,"[80, 400]"
data/features/mfcc/test/LA_test_LA_T_9858769_g711.npy,mfcc,data/subset_g711/LA_test_LA_T_9858769_g711.wav,data/subset_g711/LA_test_LA_T_9858769_g711.wav,spoof,test,g711_8khz,LA,LA_0086,A06,spoof,"[20, 400]"
data/features/logmel/train/LA_train_LA_T_7047656_g711.npy,logmel,data/subset_g711/LA_train_LA_T_7047656_g711.wav,data/subset_g711/LA_train_LA_T_7047656_g711.wav,spoof,train,g711_8khz,LA,LA_0090,A01,spoof,"[80, 400]"
data/features/mfcc/train/LA_train_LA_T_7047656_g711.npy,mfcc,data/subset_g711/LA_train_LA_T_7047656_g711.wav,data/subset_g711/LA_train_LA_T_7047656_g711.wav,spoof,train,g711_8khz,LA,LA_0090,A01,spoof,"[20, 400]"
data/features/logmel/train/LA_train_LA_T_4195301_g711.npy,logmel,data/subset_g711/LA_train_LA_T_4195301_g711.wav,data/subset_g711/LA_train_LA_T_4195301_g711.wav,spoof,train,g711_8khz,LA,LA_0084,A02,spoof,"[80, 400]"
data/features/mfcc/train/LA_train_LA_T_4195301_g711.npy,mfcc,data/subset_g711/LA_train_LA_T_4195301_g711.wav,data/subset_g711/LA_train_LA_T_4195301_g711.wav,spoof,train,g711_8khz,LA,LA_0084,A02,spoof,"[20, 400]"
data/features/logmel/train/LA_train_LA_T_8588493_g711.npy,logmel,data/subset_g711/LA_train_LA_T_8588493_g711.wav,data/subset_g711/LA_train_LA_T_8588493_g711.wav,spoof,train,g711_8khz,LA,LA_0085,A06,spoof,"[80, 400]"
data/features/mfcc/train/LA_train_LA_T_8588493_g711.npy,mfcc,data/subset_g711/LA_train_LA_T_8588493_g711.wav,data/subset_g711/LA_train_LA_T_8588493_g711.wav,spoof,train,g711_8khz,LA,LA_0085,A06,spoof,"[20, 400]"
data/features/logmel/train/LA_train_LA_T_5192352_g711.npy,logmel,data/subset_g711/LA_train_LA_T_5192352_g711.wav,data/subset_g711/LA_train_LA_T_5192352_g711.wav,spoof,train,g711_8khz,LA,LA_0090,A01,spoof,"[80, 400]"
data/features/mfcc/train/LA_train_LA_T_5192352_g711.npy,mfcc,data/subset_g711/LA_train_LA_T_5192352_g711.wav,data/subset_g711/LA_train_LA_T_5192352_g711.wav,spoof,train,g711_8khz,LA,LA_0090,A01,spoof,"[20, 400]"
data/features/logmel/train/LA_train_LA_T_8897417_g711.npy,logmel,data/subset_g711/LA_train_LA_T_8897417_g711.wav,data/subset_g711/LA_train_LA_T_8897417_g711.wav,spoof,train,g711_8khz,LA,LA_0087,A02,spoof,"[80, 400]"
data/features/mfcc/train/LA_train_LA_T_8897417_g711.npy,mfcc,data/subset_g711/LA_train_LA_T_8897417_g711.wav,data/subset_g711/LA_train_LA_T_8897417_g711.wav,spoof,train,g711_8khz,LA,LA_0087,A02,spoof,"[20, 400]"
data/features/logmel/test/LA_test_LA_T_4769657_g711.npy,logmel,data/subset_g711/LA_test_LA_T_4769657_g711.wav,data/subset_g711/LA_test_LA_T_4769657_g711.wav,spoof,test,g711_8khz,LA,LA_0097,A04,spoof,"[80, 400]"
data/features/mfcc/test/LA_test_LA_T_4769657_g711.npy,mfcc,data/subset_g711/LA_test_LA_T_4769657_g711.wav,data/subset_g711/LA_test_LA_T_4769657_g711.wav,spoof,test,g711_8khz,LA,LA_0097,A04,spoof,"[20, 400]"
data/features/logmel/train/LA_train_LA_T_8944036_g711.npy,logmel,data/subset_g711/LA_train_LA_T_8944036_g711.wav,data/subset_g711/LA_train_LA_T_8944036_g711.wav,spoof,train,g711_8khz,LA,LA_0092,A04,spoof,"[80, 400]"
data/features/mfcc/train/LA_train_LA_T_8944036_g711.npy,mfcc,data/subset_g711/LA_train_LA_T_8944036_g711.wav,data/subset_g711/LA_train_LA_T_8944036_g711.wav,spoof,train,g711_8khz,LA,LA_0092,A04,spoof,"[20, 400]"
data/features/logmel/train/LA_train_LA_T_5415449_g711.npy,logmel,data/subset_g711/LA_train_LA_T_5415449_g711.wav,data/subset_g711/LA_train_LA_T_5415449_g711.wav,spoof,train,g711_8khz,LA,LA_0095,A04,spoof,"[80, 400]"
data/features/mfcc/train/LA_train_LA_T_5415449_g711.npy,mfcc,data/subset_g711/LA_train_LA_T_5415449_g711.wav,data/subset_g711/LA_train_LA_T_5415449_g711.wav,spoof,train,g711_8khz,LA,LA_0095,A04,spoof,"[20, 400]"
data/features/logmel/train/LA_train_LA_T_2084488_g711.npy,logmel,data/subset_g711/LA_train_LA_T_2084488_g711.wav,data/subset_g711/LA_train_LA_T_2084488_g711.wav,spoof,train,g711_8khz,LA,LA_0085,A03,spoof,"[80, 400]"
data/features/mfcc/train/LA_train_LA_T_2084488_g711.npy,mfcc,data/subset_g711/LA_train_LA_T_2084488_g711.wav,data/subset_g711/LA_train_LA_T_2084488_g711.wav,spoof,train,g711_8khz,LA,LA_0085,A03,spoof,"[20, 400]"
data/features/logmel/test/LA_test_LA_T_2618857_g711.npy,logmel,data/subset_g711/LA_test_LA_T_2618857_g711.wav,data/subset_g711/LA_test_LA_T_2618857_g711.wav,spoof,test,g711_8khz,LA,LA_0093,A03,spoof,"[80, 400]"
data/features/mfcc/test/LA_test_LA_T_2618857_g711.npy,mfcc,data/subset_g711/LA_test_LA_T_2618857_g711.wav,data/subset_g711/LA_test_LA_T_2618857_g711.wav,spoof,test,g711_8khz,LA,LA_0093,A03,spoof,"[20, 400]"
data/features/logmel/train/LA_train_LA_T_6749249_g711.npy,logmel,data/subset_g711/LA_train_LA_T_6749249_g711.wav,data/subset_g711/LA_train_LA_T_6749249_g711.wav,spoof,train,g711_8khz,LA,LA_0084,A06,spoof,"[80, 400]"
data/features/mfcc/train/LA_train_LA_T_6749249_g711.npy,mfcc,data/subset_g711/LA_train_LA_T_6749249_g711.wav,data/subset_g711/LA_train_LA_T_6749249_g711.wav,spoof,train,g711_8khz,LA,LA_0084,A06,spoof,"[20, 400]"
data/features/logmel/train/LA_train_LA_T_3652205_g711.npy,logmel,data/subset_g711/LA_train_LA_T_3652205_g711.wav,data/subset_g711/LA_train_LA_T_3652205_g711.wav,spoof,train,g711_8khz,LA,LA_0095,A02,spoof,"[80, 400]"
data/features/mfcc/train/LA_train_LA_T_3652205_g711.npy,mfcc,data/subset_g711/LA_train_LA_T_3652205_g711.wav,data/subset_g711/LA_train_LA_T_3652205_g711.wav,spoof,train,g711_8khz,LA,LA_0095,A02,spoof,"[20, 400]"
data/features/logmel/train/LA_train_LA_T_2977629_g711.npy,logmel,data/subset_g711/LA_train_LA_T_2977629_g711.wav,data/subset_g711/LA_train_LA_T_2977629_g711.wav,spoof,train,g711_8khz,LA,LA_0085,A01,spoof,"[80, 400]"
data/features/mfcc/train/LA_train_LA_T_2977629_g711.npy,mfcc,data/subset_g711/LA_train_LA_T_2977629_g711.wav,data/subset_g711/LA_train_LA_T_2977629_g711.wav,spoof,train,g711_8khz,LA,LA_0085,A01,spoof,"[20, 400]"
data/features/logmel/train/LA_train_LA_T_2582329_g711.npy,logmel,data/subset_g711/LA_train_LA_T_2582329_g711.wav,data/subset_g711/LA_train_LA_T_2582329_g711.wav,spoof,train,g711_8khz,LA,LA_0084,A04,spoof,"[80, 400]"
data/features/mfcc/train/LA_train_LA_T_2582329_g711.npy,mfcc,data/subset_g711/LA_train_LA_T_2582329_g711.wav,data/subset_g711/LA_train_LA_T_2582329_g711.wav,spoof,train,g711_8khz,LA,LA_0084,A04,spoof,"[20, 400]"
data/features/logmel/train/LA_train_LA_T_4880191_g711.npy,logmel,data/subset_g711/LA_train_LA_T_4880191_g711.wav,data/subset_g711/LA_train_LA_T_4880191_g711.wav,spoof,train,g711_8khz,LA,LA_0095,A01,spoof,"[80, 400]"
data/features/mfcc/train/LA_train_LA_T_4880191_g711.npy,mfcc,data/subset_g711/LA_train_LA_T_4880191_g711.wav,data/subset_g711/LA_train_LA_T_4880191_g711.wav,spoof,train,g711_8khz,LA,LA_0095,A01,spoof,"[20, 400]"
data/features/logmel/train/LA_train_LA_T_9017192_g711.npy,logmel,data/subset_g711/LA_train_LA_T_9017192_g711.wav,data/subset_g711/LA_train_LA_T_9017192_g711.wav,spoof,train,g711_8khz,LA,LA_0090,A04,spoof,"[80, 400]"
data/features/mfcc/train/LA_train_LA_T_9017192_g711.npy,mfcc,data/subset_g711/LA_train_LA_T_9017192_g711.wav,data/subset_g711/LA_train_LA_T_9017192_g711.wav,spoof,train,g711_8khz,LA,LA_0090,A04,spoof,"[20, 400]"
data/features/logmel/train/LA_train_LA_T_6834916_g711.npy,logmel,data/subset_g711/LA_train_LA_T_6834916_g711.wav,data/subset_g711/LA_train_LA_T_6834916_g711.wav,spoof,train,g711_8khz,LA,LA_0088,A01,spoof,"[80, 400]"
data/features/mfcc/train/LA_train_LA_T_6834916_g711.npy,mfcc,data/subset_g711/LA_train_LA_T_6834916_g711.wav,data/subset_g711/LA_train_LA_T_6834916_g711.wav,spoof,train,g711_8khz,LA,LA_0088,A01,spoof,"[20, 400]"
data/features/logmel/train/LA_train_LA_T_9754738_g711.npy,logmel,data/subset_g711/LA_train_LA_T_9754738_g711.wav,data/subset_g711/LA_train_LA_T_9754738_g711.wav,spoof,train,g711_8khz,LA,LA_0098,A02,spoof,"[80, 400]"
data/features/mfcc/train/LA_train_LA_T_9754738_g711.npy,mfcc,data/subset_g711/LA_train_LA_T_9754738_g711.wav,data/subset_g711/LA_train_LA_T_9754738_g711.wav,spoof,train,g711_8khz,LA,LA_0098,A02,spoof,"[20, 400]"
data/features/logmel/train/LA_train_LA_T_2307363_g711.npy,logmel,data/subset_g711/LA_train_LA_T_2307363_g711.wav,data/subset_g711/LA_train_LA_T_2307363_g711.wav,spoof,train,g711_8khz,LA,LA_0092,A04,spoof,"[80, 400]"
data/features/mfcc/train/LA_train_LA_T_2307363_g711.npy,mfcc,data/subset_g711/LA_train_LA_T_2307363_g711.wav,data/subset_g711/LA_train_LA_T_2307363_g711.wav,spoof,train,g711_8khz,LA,LA_0092,A04,spoof,"[20, 400]"
data/features/logmel/test/LA_test_LA_T_5832521_g711.npy,logmel,data/subset_g711/LA_test_LA_T_5832521_g711.wav,data/subset_g711/LA_test_LA_T_5832521_g711.wav,spoof,test,g711_8khz,LA,LA_0093,A01,spoof,"[80, 400]"
data/features/mfcc/test/LA_test_LA_T_5832521_g711.npy,mfcc,data/subset_g711/LA_test_LA_T_5832521_g711.wav,data/subset_g711/LA_test_LA_T_5832521_g711.wav,spoof,test,g711_8khz,LA,LA_0093,A01,spoof,"[20, 400]"
data/features/logmel/test/LA_test_LA_T_6051675_g711.npy,logmel,data/subset_g711/LA_test_LA_T_6051675_g711.wav,data/subset_g711/LA_test_LA_T_6051675_g711.wav,spoof,test,g711_8khz,LA,LA_0086,A06,spoof,"[80, 400]"
data/features/mfcc/test/LA_test_LA_T_6051675_g711.npy,mfcc,data/subset_g711/LA_test_LA_T_6051675_g711.wav,data/subset_g711/LA_test_LA_T_6051675_g711.wav,spoof,test,g711_8khz,LA,LA_0086,A06,spoof,"[20, 400]"
data/features/logmel/train/PA_train_PA_T_0002477_g711.npy,logmel,data/subset_g711/PA_train_PA_T_0002477_g711.wav,data/subset_g711/PA_train_PA_T_0002477_g711.wav,bonafide,train,g711_8khz,PA,PA_0086,-,bonafide,"[80, 400]"
data/features/mfcc/train/PA_train_PA_T_0002477_g711.npy,mfcc,data/subset_g711/PA_train_PA_T_0002477_g711.wav,data/subset_g711/PA_train_PA_T_0002477_g711.wav,bonafide,train,g711_8khz,PA,PA_0086,-,bonafide,"[20, 400]"
data/features/logmel/train/PA_train_PA_T_0001048_g711.npy,logmel,data/subset_g711/PA_train_PA_T_0001048_g711.wav,data/subset_g711/PA_train_PA_T_0001048_g711.wav,bonafide,train,g711_8khz,PA,PA_0083,-,bonafide,"[80, 400]"
data/features/mfcc/train/PA_train_PA_T_0001048_g711.npy,mfcc,data/subset_g711/PA_train_PA_T_0001048_g711.wav,data/subset_g711/PA_train_PA_T_0001048_g711.wav,bonafide,train,g711_8khz,PA,PA_0083,-,bonafide,"[20, 400]"
data/features/logmel/train/PA_train_PA_T_0003165_g711.npy,logmel,data/subset_g711/PA_train_PA_T_0003165_g711.wav,data/subset_g711/PA_train_PA_T_0003165_g711.wav,bonafide,train,g711_8khz,PA,PA_0095,-,bonafide,"[80, 400]"
data/features/mfcc/train/PA_train_PA_T_0003165_g711.npy,mfcc,data/subset_g711/PA_train_PA_T_0003165_g711.wav,data/subset_g711/PA_train_PA_T_0003165_g711.wav,bonafide,train,g711_8khz,PA,PA_0095,-,bonafide,"[20, 400]"
data/features/logmel/train/PA_train_PA_T_0002373_g711.npy,logmel,data/subset_g711/PA_train_PA_T_0002373_g711.wav,data/subset_g711/PA_train_PA_T_0002373_g711.wav,bonafide,train,g711_8khz,PA,PA_0096,-,bonafide,"[80, 400]"
data/features/mfcc/train/PA_train_PA_T_0002373_g711.npy,mfcc,data/subset_g711/PA_train_PA_T_0002373_g711.wav,data/subset_g711/PA_train_PA_T_0002373_g711.wav,bonafide,train,g711_8khz,PA,PA_0096,-,bonafide,"[20, 400]"
data/features/logmel/train/PA_train_PA_T_0002108_g711.npy,logmel,data/subset_g711/PA_train_PA_T_0002108_g711.wav,data/subset_g711/PA_train_PA_T_0002108_g711.wav,bonafide,train,g711_8khz,PA,PA_0089,-,bonafide,"[80, 400]"
data/features/mfcc/train/PA_train_PA_T_0002108_g711.npy,mfcc,data/subset_g711/PA_train_PA_T_0002108_g711.wav,data/subset_g711/PA_train_PA_T_0002108_g711.wav,bonafide,train,g711_8khz,PA,PA_0089,-,bonafide,"[20, 400]"
data/features/logmel/train/PA_train_PA_T_0001504_g711.npy,logmel,data/subset_g711/PA_train_PA_T_0001504_g711.wav,data/subset_g711/PA_train_PA_T_0001504_g711.wav,bonafide,train,g711_8khz,PA,PA_0089,-,bonafide,"[80, 400]"
data/features/mfcc/train/PA_train_PA_T_0001504_g711.npy,mfcc,data/subset_g711/PA_train_PA_T_0001504_g711.wav,data/subset_g711/PA_train_PA_T_0001504_g711.wav,bonafide,train,g711_8khz,PA,PA_0089,-,bonafide,"[20, 400]"
data/features/logmel/train/PA_train_PA_T_0004520_g711.npy,logmel,data/subset_g711/PA_train_PA_T_0004520_g711.wav,data/subset_g711/PA_train_PA_T_0004520_g711.wav,bonafide,train,g711_8khz,PA,PA_0090,-,bonafide,"[80, 400]"
data/features/mfcc/train/PA_train_PA_T_0004520_g711.npy,mfcc,data/subset_g711/PA_train_PA_T_0004520_g711.wav,data/subset_g711/PA_train_PA_T_0004520_g711.wav,bonafide,train,g711_8khz,PA,PA_0090,-,bonafide,"[20, 400]"
data/features/logmel/train/PA_train_PA_T_0001346_g711.npy,logmel,data/subset_g711/PA_train_PA_T_0001346_g711.wav,data/subset_g711/PA_train_PA_T_0001346_g711.wav,bonafide,train,g711_8khz,PA,PA_0093,-,bonafide,"[80, 400]"
data/features/mfcc/train/PA_train_PA_T_0001346_g711.npy,mfcc,data/subset_g711/PA_train_PA_T_0001346_g711.wav,data/subset_g711/PA_train_PA_T_0001346_g711.wav,bonafide,train,g711_8khz,PA,PA_0093,-,bonafide,"[20, 400]"
data/features/logmel/val/PA_val_PA_T_0001221_g711.npy,logmel,data/subset_g711/PA_val_PA_T_0001221_g711.wav,data/subset_g711/PA_val_PA_T_0001221_g711.wav,bonafide,val,g711_8khz,PA,PA_0081,-,bonafide,"[80, 400]"
data/features/mfcc/val/PA_val_PA_T_0001221_g711.npy,mfcc,data/subset_g711/PA_val_PA_T_0001221_g711.wav,data/subset_g711/PA_val_PA_T_0001221_g711.wav,bonafide,val,g711_8khz,PA,PA_0081,-,bonafide,"[20, 400]"
data/features/logmel/val/PA_val_PA_T_0001823_g711.npy,logmel,data/subset_g711/PA_val_PA_T_0001823_g711.wav,data/subset_g711/PA_val_PA_T_0001823_g711.wav,bonafide,val,g711_8khz,PA,PA_0081,-,bonafide,"[80, 400]"
data/features/mfcc/val/PA_val_PA_T_0001823_g711.npy,mfcc,data/subset_g711/PA_val_PA_T_0001823_g711.wav,data/subset_g711/PA_val_PA_T_0001823_g711.wav,bonafide,val,g711_8khz,PA,PA_0081,-,bonafide,"[20, 400]"
data/features/logmel/train/PA_train_PA_T_0002863_g711.npy,logmel,data/subset_g711/PA_train_PA_T_0002863_g711.wav,data/subset_g711/PA_train_PA_T_0002863_g711.wav,bonafide,train,g711_8khz,PA,PA_0085,-,bonafide,"[80, 400]"
data/features/mfcc/train/PA_train_PA_T_0002863_g711.npy,mfcc,data/subset_g711/PA_train_PA_T_0002863_g711.wav,data/subset_g711/PA_train_PA_T_0002863_g711.wav,bonafide,train,g711_8khz,PA,PA_0085,-,bonafide,"[20, 400]"
data/features/logmel/train/PA_train_PA_T_0002536_g711.npy,logmel,data/subset_g711/PA_train_PA_T_0002536_g711.wav,data/subset_g711/PA_train_PA_T_0002536_g711.wav,bonafide,train,g711_8khz,PA,PA_0092,-,bonafide,"[80, 400]"
data/features/mfcc/train/PA_train_PA_T_0002536_g711.npy,mfcc,data/subset_g711/PA_train_PA_T_0002536_g711.wav,data/subset_g711/PA_train_PA_T_0002536_g711.wav,bonafide,train,g711_8khz,PA,PA_0092,-,bonafide,"[20, 400]"
data/features/logmel/val/PA_val_PA_T_0000034_g711.npy,logmel,data/subset_g711/PA_val_PA_T_0000034_g711.wav,data/subset_g711/PA_val_PA_T_0000034_g711.wav,bonafide,val,g711_8khz,PA,PA_0082,-,bonafide,"[80, 400]"
data/features/mfcc/val/PA_val_PA_T_0000034_g711.npy,mfcc,data/subset_g711/PA_val_PA_T_0000034_g711.wav,data/subset_g711/PA_val_PA_T_0000034_g711.wav,bonafide,val,g711_8khz,PA,PA_0082,-,bonafide,"[20, 400]"
data/features/logmel/train/PA_train_PA_T_0003502_g711.npy,logmel,data/subset_g711/PA_train_PA_T_0003502_g711.wav,data/subset_g711/PA_train_PA_T_0003502_g711.wav,bonafide,train,g711_8khz,PA,PA_0089,-,bonafide,"[80, 400]"
data/features/mfcc/train/PA_train_PA_T_0003502_g711.npy,mfcc,data/subset_g711/PA_train_PA_T_0003502_g711.wav,data/subset_g711/PA_train_PA_T_0003502_g711.wav,bonafide,train,g711_8khz,PA,PA_0089,-,bonafide,"[20, 400]"
data/features/logmel/test/PA_test_PA_T_0002681_g711.npy,logmel,data/subset_g711/PA_test_PA_T_0002681_g711.wav,data/subset_g711/PA_test_PA_T_0002681_g711.wav,bonafide,test,g711_8khz,PA,PA_0087,-,bonafide,"[80, 400]"
data/features/mfcc/test/PA_test_PA_T_0002681_g711.npy,mfcc,data/subset_g711/PA_test_PA_T_0002681_g711.wav,data/subset_g711/PA_test_PA_T_0002681_g711.wav,bonafide,test,g711_8khz,PA,PA_0087,-,bonafide,"[20, 400]"
data/features/logmel/test/PA_test_PA_T_0002883_g711.npy,logmel,data/subset_g711/PA_test_PA_T_0002883_g711.wav,data/subset_g711/PA_test_PA_T_0002883_g711.wav,bonafide,test,g711_8khz,PA,PA_0087,-,bonafide,"[80, 400]"
data/features/mfcc/test/PA_test_PA_T_0002883_g711.npy,mfcc,data/subset_g711/PA_test_PA_T_0002883_g711.wav,data/subset_g711/PA_test_PA_T_0002883_g711.wav,bonafide,test,g711_8khz,PA,PA_0087,-,bonafide,"[20, 400]"
data/features/logmel/train/PA_train_PA_T_0000777_g711.npy,logmel,data/subset_g711/PA_train_PA_T_0000777_g711.wav,data/subset_g711/PA_train_PA_T_0000777_g711.wav,bonafide,train,g711_8khz,PA,PA_0096,-,bonafide,"[80, 400]"
data/features/mfcc/train/PA_train_PA_T_0000777_g711.npy,mfcc,data/subset_g711/PA_train_PA_T_0000777_g711.wav,data/subset_g711/PA_train_PA_T_0000777_g711.wav,bonafide,train,g711_8khz,PA,PA_0096,-,bonafide,"[20, 400]"
data/features/logmel/train/PA_train_PA_T_0001514_g711.npy,logmel,data/subset_g711/PA_train_PA_T_0001514_g711.wav,data/subset_g711/PA_train_PA_T_0001514_g711.wav,bonafide,train,g711_8khz,PA,PA_0090,-,bonafide,"[80, 400]"
data/features/mfcc/train/PA_train_PA_T_0001514_g711.npy,mfcc,data/subset_g711/PA_train_PA_T_0001514_g711.wav,data/subset_g711/PA_train_PA_T_0001514_g711.wav,bonafide,train,g711_8khz,PA,PA_0090,-,bonafide,"[20, 400]"
data/features/logmel/val/PA_val_PA_T_0002823_g711.npy,logmel,data/subset_g711/PA_val_PA_T_0002823_g711.wav,data/subset_g711/PA_val_PA_T_0002823_g711.wav,bonafide,val,g711_8khz,PA,PA_0081,-,bonafide,"[80, 400]"
data/features/mfcc/val/PA_val_PA_T_0002823_g711.npy,mfcc,data/subset_g711/PA_val_PA_T_0002823_g711.wav,data/subset_g711/PA_val_PA_T_0002823_g711.wav,bonafide,val,g711_8khz,PA,PA_0081,-,bonafide,"[20, 400]"
data/features/logmel/train/PA_train_PA_T_0002466_g711.npy,logmel,data/subset_g711/PA_train_PA_T_0002466_g711.wav,data/subset_g711/PA_train_PA_T_0002466_g711.wav,bonafide,train,g711_8khz,PA,PA_0085,-,bonafide,"[80, 400]"
data/features/mfcc/train/PA_train_PA_T_0002466_g711.npy,mfcc,data/subset_g711/PA_train_PA_T_0002466_g711.wav,data/subset_g711/PA_train_PA_T_0002466_g711.wav,bonafide,train,g711_8khz,PA,PA_0085,-,bonafide,"[20, 400]"
data/features/logmel/train/PA_train_PA_T_0002743_g711.npy,logmel,data/subset_g711/PA_train_PA_T_0002743_g711.wav,data/subset_g711/PA_train_PA_T_0002743_g711.wav,bonafide,train,g711_8khz,PA,PA_0093,-,bonafide,"[80, 400]"
data/features/mfcc/train/PA_train_PA_T_0002743_g711.npy,mfcc,data/subset_g711/PA_train_PA_T_0002743_g711.wav,data/subset_g711/PA_train_PA_T_0002743_g711.wav,bonafide,train,g711_8khz,PA,PA_0093,-,bonafide,"[20, 400]"
data/features/logmel/train/PA_train_PA_T_0002064_g711.npy,logmel,data/subset_g711/PA_train_PA_T_0002064_g711.wav,data/subset_g711/PA_train_PA_T_0002064_g711.wav,bonafide,train,g711_8khz,PA,PA_0085,-,bonafide,"[80, 400]"
data/features/mfcc/train/PA_train_PA_T_0002064_g711.npy,mfcc,data/subset_g711/PA_train_PA_T_0002064_g711.wav,data/subset_g711/PA_train_PA_T_0002064_g711.wav,bonafide,train,g711_8khz,PA,PA_0085,-,bonafide,"[20, 400]"
data/features/logmel/train/PA_train_PA_T_0003138_g711.npy,logmel,data/subset_g711/PA_train_PA_T_0003138_g711.wav,data/subset_g711/PA_train_PA_T_0003138_g711.wav,bonafide,train,g711_8khz,PA,PA_0092,-,bonafide,"[80, 400]"
data/features/mfcc/train/PA_train_PA_T_0003138_g711.npy,mfcc,data/subset_g711/PA_train_PA_T_0003138_g711.wav,data/subset_g711/PA_train_PA_T_0003138_g711.wav,bonafide,train,g711_8khz,PA,PA_0092,-,bonafide,"[20, 400]"
data/features/logmel/test/PA_test_PA_T_0002803_g711.npy,logmel,data/subset_g711/PA_test_PA_T_0002803_g711.wav,data/subset_g711/PA_test_PA_T_0002803_g711.wav,bonafide,test,g711_8khz,PA,PA_0079,-,bonafide,"[80, 400]"
data/features/mfcc/test/PA_test_PA_T_0002803_g711.npy,mfcc,data/subset_g711/PA_test_PA_T_0002803_g711.wav,data/subset_g711/PA_test_PA_T_0002803_g711.wav,bonafide,test,g711_8khz,PA,PA_0079,-,bonafide,"[20, 400]"
data/features/logmel/train/PA_train_PA_T_0003816_g711.npy,logmel,data/subset_g711/PA_train_PA_T_0003816_g711.wav,data/subset_g711/PA_train_PA_T_0003816_g711.wav,bonafide,train,g711_8khz,PA,PA_0080,-,bonafide,"[80, 400]"
data/features/mfcc/train/PA_train_PA_T_0003816_g711.npy,mfcc,data/subset_g711/PA_train_PA_T_0003816_g711.wav,data/subset_g711/PA_train_PA_T_0003816_g711.wav,bonafide,train,g711_8khz,PA,PA_0080,-,bonafide,"[20, 400]"
data/features/logmel/train/PA_train_PA_T_0001540_g711.npy,logmel,data/subset_g711/PA_train_PA_T_0001540_g711.wav,data/subset_g711/PA_train_PA_T_0001540_g711.wav,bonafide,train,g711_8khz,PA,PA_0092,-,bonafide,"[80, 400]"
data/features/mfcc/train/PA_train_PA_T_0001540_g711.npy,mfcc,data/subset_g711/PA_train_PA_T_0001540_g711.wav,data/subset_g711/PA_train_PA_T_0001540_g711.wav,bonafide,train,g711_8khz,PA,PA_0092,-,bonafide,"[20, 400]"
data/features/logmel/test/PA_test_PA_T_0000085_g711.npy,logmel,data/subset_g711/PA_test_PA_T_0000085_g711.wav,data/subset_g711/PA_test_PA_T_0000085_g711.wav,bonafide,test,g711_8khz,PA,PA_0087,-,bonafide,"[80, 400]"
data/features/mfcc/test/PA_test_PA_T_0000085_g711.npy,mfcc,data/subset_g711/PA_test_PA_T_0000085_g711.wav,data/subset_g711/PA_test_PA_T_0000085_g711.wav,bonafide,test,g711_8khz,PA,PA_0087,-,bonafide,"[20, 400]"
data/features/logmel/test/PA_test_PA_T_0005003_g711.npy,logmel,data/subset_g711/PA_test_PA_T_0005003_g711.wav,data/subset_g711/PA_test_PA_T_0005003_g711.wav,bonafide,test,g711_8khz,PA,PA_0079,-,bonafide,"[80, 400]"
data/features/mfcc/test/PA_test_PA_T_0005003_g711.npy,mfcc,data/subset_g711/PA_test_PA_T_0005003_g711.wav,data/subset_g711/PA_test_PA_T_0005003_g711.wav,bonafide,test,g711_8khz,PA,PA_0079,-,bonafide,"[20, 400]"
data/features/logmel/train/PA_train_PA_T_0003263_g711.npy,logmel,data/subset_g711/PA_train_PA_T_0003263_g711.wav,data/subset_g711/PA_train_PA_T_0003263_g711.wav,bonafide,train,g711_8khz,PA,PA_0085,-,bonafide,"[80, 400]"
data/features/mfcc/train/PA_train_PA_T_0003263_g711.npy,mfcc,data/subset_g711/PA_train_PA_T_0003263_g711.wav,data/subset_g711/PA_train_PA_T_0003263_g711.wav,bonafide,train,g711_8khz,PA,PA_0085,-,bonafide,"[20, 400]"
data/features/logmel/train/PA_train_PA_T_0005020_g711.npy,logmel,data/subset_g711/PA_train_PA_T_0005020_g711.wav,data/subset_g711/PA_train_PA_T_0005020_g711.wav,bonafide,train,g711_8khz,PA,PA_0080,-,bonafide,"[80, 400]"
data/features/mfcc/train/PA_train_PA_T_0005020_g711.npy,mfcc,data/subset_g711/PA_train_PA_T_0005020_g711.wav,data/subset_g711/PA_train_PA_T_0005020_g711.wav,bonafide,train,g711_8khz,PA,PA_0080,-,bonafide,"[20, 400]"
data/features/logmel/test/PA_test_PA_T_0004487_g711.npy,logmel,data/subset_g711/PA_test_PA_T_0004487_g711.wav,data/subset_g711/PA_test_PA_T_0004487_g711.wav,bonafide,test,g711_8khz,PA,PA_0087,-,bonafide,"[80, 400]"
data/features/mfcc/test/PA_test_PA_T_0004487_g711.npy,mfcc,data/subset_g711/PA_test_PA_T_0004487_g711.wav,data/subset_g711/PA_test_PA_T_0004487_g711.wav,bonafide,test,g711_8khz,PA,PA_0087,-,bonafide,"[20, 400]"
data/features/logmel/train/PA_train_PA_T_0003251_g711.npy,logmel,data/subset_g711/PA_train_PA_T_0003251_g711.wav,data/subset_g711/PA_train_PA_T_0003251_g711.wav,bonafide,train,g711_8khz,PA,PA_0084,-,bonafide,"[80, 400]"
data/features/mfcc/train/PA_train_PA_T_0003251_g711.npy,mfcc,data/subset_g711/PA_train_PA_T_0003251_g711.wav,data/subset_g711/PA_train_PA_T_0003251_g711.wav,bonafide,train,g711_8khz,PA,PA_0084,-,bonafide,"[20, 400]"
data/features/logmel/train/PA_train_PA_T_0002246_g711.npy,logmel,data/subset_g711/PA_train_PA_T_0002246_g711.wav,data/subset_g711/PA_train_PA_T_0002246_g711.wav,bonafide,train,g711_8khz,PA,PA_0083,-,bonafide,"[80, 400]"
data/features/mfcc/train/PA_train_PA_T_0002246_g711.npy,mfcc,data/subset_g711/PA_train_PA_T_0002246_g711.wav,data/subset_g711/PA_train_PA_T_0002246_g711.wav,bonafide,train,g711_8khz,PA,PA_0083,-,bonafide,"[20, 400]"
data/features/logmel/train/PA_train_PA_T_0004714_g711.npy,logmel,data/subset_g711/PA_train_PA_T_0004714_g711.wav,data/subset_g711/PA_train_PA_T_0004714_g711.wav,bonafide,train,g711_8khz,PA,PA_0090,-,bonafide,"[80, 400]"
data/features/mfcc/train/PA_train_PA_T_0004714_g711.npy,mfcc,data/subset_g711/PA_train_PA_T_0004714_g711.wav,data/subset_g711/PA_train_PA_T_0004714_g711.wav,bonafide,train,g711_8khz,PA,PA_0090,-,bonafide,"[20, 400]"
data/features/logmel/train/PA_train_PA_T_0001908_g711.npy,logmel,data/subset_g711/PA_train_PA_T_0001908_g711.wav,data/subset_g711/PA_train_PA_T_0001908_g711.wav,bonafide,train,g711_8khz,PA,PA_0089,-,bonafide,"[80, 400]"
data/features/mfcc/train/PA_train_PA_T_0001908_g711.npy,mfcc,data/subset_g711/PA_train_PA_T_0001908_g711.wav,data/subset_g711/PA_train_PA_T_0001908_g711.wav,bonafide,train,g711_8khz,PA,PA_0089,-,bonafide,"[20, 400]"
data/features/logmel/train/PA_train_PA_T_0003244_g711.npy,logmel,data/subset_g711/PA_train_PA_T_0003244_g711.wav,data/subset_g711/PA_train_PA_T_0003244_g711.wav,bonafide,train,g711_8khz,PA,PA_0083,-,bonafide,"[80, 400]"
data/features/mfcc/train/PA_train_PA_T_0003244_g711.npy,mfcc,data/subset_g711/PA_train_PA_T_0003244_g711.wav,data/subset_g711/PA_train_PA_T_0003244_g711.wav,bonafide,train,g711_8khz,PA,PA_0083,-,bonafide,"[20, 400]"
data/features/logmel/val/PA_val_PA_T_0005032_g711.npy,logmel,data/subset_g711/PA_val_PA_T_0005032_g711.wav,data/subset_g711/PA_val_PA_T_0005032_g711.wav,bonafide,val,g711_8khz,PA,PA_0082,-,bonafide,"[80, 400]"
data/features/mfcc/val/PA_val_PA_T_0005032_g711.npy,mfcc,data/subset_g711/PA_val_PA_T_0005032_g711.wav,data/subset_g711/PA_val_PA_T_0005032_g711.wav,bonafide,val,g711_8khz,PA,PA_0082,-,bonafide,"[20, 400]"
data/features/logmel/train/PA_train_PA_T_0005370_g711.npy,logmel,data/subset_g711/PA_train_PA_T_0005370_g711.wav,data/subset_g711/PA_train_PA_T_0005370_g711.wav,bonafide,train,g711_8khz,PA,PA_0095,-,bonafide,"[80, 400]"
data/features/mfcc/train/PA_train_PA_T_0005370_g711.npy,mfcc,data/subset_g711/PA_train_PA_T_0005370_g711.wav,data/subset_g711/PA_train_PA_T_0005370_g711.wav,bonafide,train,g711_8khz,PA,PA_0095,-,bonafide,"[20, 400]"
data/features/logmel/train/PA_train_PA_T_0001731_g711.npy,logmel,data/subset_g711/PA_train_PA_T_0001731_g711.wav,data/subset_g711/PA_train_PA_T_0001731_g711.wav,bonafide,train,g711_8khz,PA,PA_0092,-,bonafide,"[80, 400]"
data/features/mfcc/train/PA_train_PA_T_0001731_g711.npy,mfcc,data/subset_g711/PA_train_PA_T_0001731_g711.wav,data/subset_g711/PA_train_PA_T_0001731_g711.wav,bonafide,train,g711_8khz,PA,PA_0092,-,bonafide,"[20, 400]"
data/features/logmel/test/PA_test_PA_T_0000009_g711.npy,logmel,data/subset_g711/PA_test_PA_T_0000009_g711.wav,data/subset_g711/PA_test_PA_T_0000009_g711.wav,bonafide,test,g711_8khz,PA,PA_0079,-,bonafide,"[80, 400]"
data/features/mfcc/test/PA_test_PA_T_0000009_g711.npy,mfcc,data/subset_g711/PA_test_PA_T_0000009_g711.wav,data/subset_g711/PA_test_PA_T_0000009_g711.wav,bonafide,test,g711_8khz,PA,PA_0079,-,bonafide,"[20, 400]"
data/features/logmel/train/PA_train_PA_T_0001545_g711.npy,logmel,data/subset_g711/PA_train_PA_T_0001545_g711.wav,data/subset_g711/PA_train_PA_T_0001545_g711.wav,bonafide,train,g711_8khz,PA,PA_0093,-,bonafide,"[80, 400]"
data/features/mfcc/train/PA_train_PA_T_0001545_g711.npy,mfcc,data/subset_g711/PA_train_PA_T_0001545_g711.wav,data/subset_g711/PA_train_PA_T_0001545_g711.wav,bonafide,train,g711_8khz,PA,PA_0093,-,bonafide,"[20, 400]"
data/features/logmel/train/PA_train_PA_T_0005319_g711.npy,logmel,data/subset_g711/PA_train_PA_T_0005319_g711.wav,data/subset_g711/PA_train_PA_T_0005319_g711.wav,bonafide,train,g711_8khz,PA,PA_0090,-,bonafide,"[80, 400]"
data/features/mfcc/train/PA_train_PA_T_0005319_g711.npy,mfcc,data/subset_g711/PA_train_PA_T_0005319_g711.wav,data/subset_g711/PA_train_PA_T_0005319_g711.wav,bonafide,train,g711_8khz,PA,PA_0090,-,bonafide,"[20, 400]"
data/features/logmel/train/PA_train_PA_T_0004845_g711.npy,logmel,data/subset_g711/PA_train_PA_T_0004845_g711.wav,data/subset_g711/PA_train_PA_T_0004845_g711.wav,bonafide,train,g711_8khz,PA,PA_0083,-,bonafide,"[80, 400]"
data/features/mfcc/train/PA_train_PA_T_0004845_g711.npy,mfcc,data/subset_g711/PA_train_PA_T_0004845_g711.wav,data/subset_g711/PA_train_PA_T_0004845_g711.wav,bonafide,train,g711_8khz,PA,PA_0083,-,bonafide,"[20, 400]"
data/features/logmel/train/PA_train_PA_T_0000997_g711.npy,logmel,data/subset_g711/PA_train_PA_T_0000997_g711.wav,data/subset_g711/PA_train_PA_T_0000997_g711.wav,bonafide,train,g711_8khz,PA,PA_0098,-,bonafide,"[80, 400]"
data/features/mfcc/train/PA_train_PA_T_0000997_g711.npy,mfcc,data/subset_g711/PA_train_PA_T_0000997_g711.wav,data/subset_g711/PA_train_PA_T_0000997_g711.wav,bonafide,train,g711_8khz,PA,PA_0098,-,bonafide,"[20, 400]"
data/features/logmel/train/PA_train_PA_T_0001394_g711.npy,logmel,data/subset_g711/PA_train_PA_T_0001394_g711.wav,data/subset_g711/PA_train_PA_T_0001394_g711.wav,bonafide,train,g711_8khz,PA,PA_0098,-,bonafide,"[80, 400]"
data/features/mfcc/train/PA_train_PA_T_0001394_g711.npy,mfcc,data/subset_g711/PA_train_PA_T_0001394_g711.wav,data/subset_g711/PA_train_PA_T_0001394_g711.wav,bonafide,train,g711_8khz,PA,PA_0098,-,bonafide,"[20, 400]"
data/features/logmel/train/PA_train_PA_T_0003494_g711.npy,logmel,data/subset_g711/PA_train_PA_T_0003494_g711.wav,data/subset_g711/PA_train_PA_T_0003494_g711.wav,bonafide,train,g711_8khz,PA,PA_0088,-,bonafide,"[80, 400]"
data/features/mfcc/train/PA_train_PA_T_0003494_g711.npy,mfcc,data/subset_g711/PA_train_PA_T_0003494_g711.wav,data/subset_g711/PA_train_PA_T_0003494_g711.wav,bonafide,train,g711_8khz,PA,PA_0088,-,bonafide,"[20, 400]"
data/features/logmel/test/PA_test_PA_T_0000382_g711.npy,logmel,data/subset_g711/PA_test_PA_T_0000382_g711.wav,data/subset_g711/PA_test_PA_T_0000382_g711.wav,bonafide,test,g711_8khz,PA,PA_0097,-,bonafide,"[80, 400]"
data/features/mfcc/test/PA_test_PA_T_0000382_g711.npy,mfcc,data/subset_g711/PA_test_PA_T_0000382_g711.wav,data/subset_g711/PA_test_PA_T_0000382_g711.wav,bonafide,test,g711_8khz,PA,PA_0097,-,bonafide,"[20, 400]"
data/features/logmel/test/PA_test_PA_T_0004786_g711.npy,logmel,data/subset_g711/PA_test_PA_T_0004786_g711.wav,data/subset_g711/PA_test_PA_T_0004786_g711.wav,bonafide,test,g711_8khz,PA,PA_0097,-,bonafide,"[80, 400]"
data/features/mfcc/test/PA_test_PA_T_0004786_g711.npy,mfcc,data/subset_g711/PA_test_PA_T_0004786_g711.wav,data/subset_g711/PA_test_PA_T_0004786_g711.wav,bonafide,test,g711_8khz,PA,PA_0097,-,bonafide,"[20, 400]"
data/features/logmel/train/PA_train_PA_T_0003711_g711.npy,logmel,data/subset_g711/PA_train_PA_T_0003711_g711.wav,data/subset_g711/PA_train_PA_T_0003711_g711.wav,bonafide,train,g711_8khz,PA,PA_0090,-,bonafide,"[80, 400]"
data/features/mfcc/train/PA_train_PA_T_0003711_g711.npy,mfcc,data/subset_g711/PA_train_PA_T_0003711_g711.wav,data/subset_g711/PA_train_PA_T_0003711_g711.wav,bonafide,train,g711_8khz,PA,PA_0090,-,bonafide,"[20, 400]"
data/features/logmel/val/PA_val_PA_T_0002437_g711.npy,logmel,data/subset_g711/PA_val_PA_T_0002437_g711.wav,data/subset_g711/PA_val_PA_T_0002437_g711.wav,bonafide,val,g711_8khz,PA,PA_0082,-,bonafide,"[80, 400]"
data/features/mfcc/val/PA_val_PA_T_0002437_g711.npy,mfcc,data/subset_g711/PA_val_PA_T_0002437_g711.wav,data/subset_g711/PA_val_PA_T_0002437_g711.wav,bonafide,val,g711_8khz,PA,PA_0082,-,bonafide,"[20, 400]"
data/features/logmel/train/PA_train_PA_T_0001050_g711.npy,logmel,data/subset_g711/PA_train_PA_T_0001050_g711.wav,data/subset_g711/PA_train_PA_T_0001050_g711.wav,bonafide,train,g711_8khz,PA,PA_0083,-,bonafide,"[80, 400]"
data/features/mfcc/train/PA_train_PA_T_0001050_g711.npy,mfcc,data/subset_g711/PA_train_PA_T_0001050_g711.wav,data/subset_g711/PA_train_PA_T_0001050_g711.wav,bonafide,train,g711_8khz,PA,PA_0083,-,bonafide,"[20, 400]"
data/features/logmel/test/PA_test_PA_T_0003410_g711.npy,logmel,data/subset_g711/PA_test_PA_T_0003410_g711.wav,data/subset_g711/PA_test_PA_T_0003410_g711.wav,bonafide,test,g711_8khz,PA,PA_0079,-,bonafide,"[80, 400]"
data/features/mfcc/test/PA_test_PA_T_0003410_g711.npy,mfcc,data/subset_g711/PA_test_PA_T_0003410_g711.wav,data/subset_g711/PA_test_PA_T_0003410_g711.wav,bonafide,test,g711_8khz,PA,PA_0079,-,bonafide,"[20, 400]"
data/features/logmel/train/PA_train_PA_T_0002105_g711.npy,logmel,data/subset_g711/PA_train_PA_T_0002105_g711.wav,data/subset_g711/PA_train_PA_T_0002105_g711.wav,bonafide,train,g711_8khz,PA,PA_0089,-,bonafide,"[80, 400]"
data/features/mfcc/train/PA_train_PA_T_0002105_g711.npy,mfcc,data/subset_g711/PA_train_PA_T_0002105_g711.wav,data/subset_g711/PA_train_PA_T_0002105_g711.wav,bonafide,train,g711_8khz,PA,PA_0089,-,bonafide,"[20, 400]"
data/features/logmel/test/PA_test_PA_T_0001783_g711.npy,logmel,data/subset_g711/PA_test_PA_T_0001783_g711.wav,data/subset_g711/PA_test_PA_T_0001783_g711.wav,bonafide,test,g711_8khz,PA,PA_0097,-,bonafide,"[80, 400]"
data/features/mfcc/test/PA_test_PA_T_0001783_g711.npy,mfcc,data/subset_g711/PA_test_PA_T_0001783_g711.wav,data/subset_g711/PA_test_PA_T_0001783_g711.wav,bonafide,test,g711_8khz,PA,PA_0097,-,bonafide,"[20, 400]"
data/features/logmel/val/PA_val_PA_T_0003122_g711.npy,logmel,data/subset_g711/PA_val_PA_T_0003122_g711.wav,data/subset_g711/PA_val_PA_T_0003122_g711.wav,bonafide,val,g711_8khz,PA,PA_0091,-,bonafide,"[80, 400]"
data/features/mfcc/val/PA_val_PA_T_0003122_g711.npy,mfcc,data/subset_g711/PA_val_PA_T_0003122_g711.wav,data/subset_g711/PA_val_PA_T_0003122_g711.wav,bonafide,val,g711_8khz,PA,PA_0091,-,bonafide,"[20, 400]"
data/features/logmel/train/PA_train_PA_T_0004613_g711.npy,logmel,data/subset_g711/PA_train_PA_T_0004613_g711.wav,data/subset_g711/PA_train_PA_T_0004613_g711.wav,bonafide,train,g711_8khz,PA,PA_0080,-,bonafide,"[80, 400]"
data/features/mfcc/train/PA_train_PA_T_0004613_g711.npy,mfcc,data/subset_g711/PA_train_PA_T_0004613_g711.wav,data/subset_g711/PA_train_PA_T_0004613_g711.wav,bonafide,train,g711_8khz,PA,PA_0080,-,bonafide,"[20, 400]"
data/features/logmel/train/PA_train_PA_T_0002703_g711.npy,logmel,data/subset_g711/PA_train_PA_T_0002703_g711.wav,data/subset_g711/PA_train_PA_T_0002703_g711.wav,bonafide,train,g711_8khz,PA,PA_0089,-,bonafide,"[80, 400]"
data/features/mfcc/train/PA_train_PA_T_0002703_g711.npy,mfcc,data/subset_g711/PA_train_PA_T_0002703_g711.wav,data/subset_g711/PA_train_PA_T_0002703_g711.wav,bonafide,train,g711_8khz,PA,PA_0089,-,bonafide,"[20, 400]"
data/features/logmel/test/PA_test_PA_T_0004389_g711.npy,logmel,data/subset_g711/PA_test_PA_T_0004389_g711.wav,data/subset_g711/PA_test_PA_T_0004389_g711.wav,bonafide,test,g711_8khz,PA,PA_0097,-,bonafide,"[80, 400]"
data/features/mfcc/test/PA_test_PA_T_0004389_g711.npy,mfcc,data/subset_g711/PA_test_PA_T_0004389_g711.wav,data/subset_g711/PA_test_PA_T_0004389_g711.wav,bonafide,test,g711_8khz,PA,PA_0097,-,bonafide,"[20, 400]"
data/features/logmel/train/PA_train_PA_T_0001895_g711.npy,logmel,data/subset_g711/PA_train_PA_T_0001895_g711.wav,data/subset_g711/PA_train_PA_T_0001895_g711.wav,bonafide,train,g711_8khz,PA,PA_0088,-,bonafide,"[80, 400]"
data/features/mfcc/train/PA_train_PA_T_0001895_g711.npy,mfcc,data/subset_g711/PA_train_PA_T_0001895_g711.wav,data/subset_g711/PA_train_PA_T_0001895_g711.wav,bonafide,train,g711_8khz,PA,PA_0088,-,bonafide,"[20, 400]"
data/features/logmel/train/PA_train_PA_T_0004862_g711.npy,logmel,data/subset_g711/PA_train_PA_T_0004862_g711.wav,data/subset_g711/PA_train_PA_T_0004862_g711.wav,bonafide,train,g711_8khz,PA,PA_0085,-,bonafide,"[80, 400]"
data/features/mfcc/train/PA_train_PA_T_0004862_g711.npy,mfcc,data/subset_g711/PA_train_PA_T_0004862_g711.wav,data/subset_g711/PA_train_PA_T_0004862_g711.wav,bonafide,train,g711_8khz,PA,PA_0085,-,bonafide,"[20, 400]"
data/features/logmel/train/PA_train_PA_T_0001398_g711.npy,logmel,data/subset_g711/PA_train_PA_T_0001398_g711.wav,data/subset_g711/PA_train_PA_T_0001398_g711.wav,bonafide,train,g711_8khz,PA,PA_0098,-,bonafide,"[80, 400]"
data/features/mfcc/train/PA_train_PA_T_0001398_g711.npy,mfcc,data/subset_g711/PA_train_PA_T_0001398_g711.wav,data/subset_g711/PA_train_PA_T_0001398_g711.wav,bonafide,train,g711_8khz,PA,PA_0098,-,bonafide,"[20, 400]"
data/features/logmel/train/PA_train_PA_T_0003258_g711.npy,logmel,data/subset_g711/PA_train_PA_T_0003258_g711.wav,data/subset_g711/PA_train_PA_T_0003258_g711.wav,bonafide,train,g711_8khz,PA,PA_0084,-,bonafide,"[80, 400]"
data/features/mfcc/train/PA_train_PA_T_0003258_g711.npy,mfcc,data/subset_g711/PA_train_PA_T_0003258_g711.wav,data/subset_g711/PA_train_PA_T_0003258_g711.wav,bonafide,train,g711_8khz,PA,PA_0084,-,bonafide,"[20, 400]"
data/features/logmel/train/PA_train_PA_T_0004400_g711.npy,logmel,data/subset_g711/PA_train_PA_T_0004400_g711.wav,data/subset_g711/PA_train_PA_T_0004400_g711.wav,bonafide,train,g711_8khz,PA,PA_0098,-,bonafide,"[80, 400]"
data/features/mfcc/train/PA_train_PA_T_0004400_g711.npy,mfcc,data/subset_g711/PA_train_PA_T_0004400_g711.wav,data/subset_g711/PA_train_PA_T_0004400_g711.wav,bonafide,train,g711_8khz,PA,PA_0098,-,bonafide,"[20, 400]"
data/features/logmel/train/PA_train_PA_T_0003291_g711.npy,logmel,data/subset_g711/PA_train_PA_T_0003291_g711.wav,data/subset_g711/PA_train_PA_T_0003291_g711.wav,bonafide,train,g711_8khz,PA,PA_0088,-,bonafide,"[80, 400]"
data/features/mfcc/train/PA_train_PA_T_0003291_g711.npy,mfcc,data/subset_g711/PA_train_PA_T_0003291_g711.wav,data/subset_g711/PA_train_PA_T_0003291_g711.wav,bonafide,train,g711_8khz,PA,PA_0088,-,bonafide,"[20, 400]"
data/features/logmel/train/PA_train_PA_T_0003471_g711.npy,logmel,data/subset_g711/PA_train_PA_T_0003471_g711.wav,data/subset_g711/PA_train_PA_T_0003471_g711.wav,bonafide,train,g711_8khz,PA,PA_0086,-,bonafide,"[80, 400]"
data/features/mfcc/train/PA_train_PA_T_0003471_g711.npy,mfcc,data/subset_g711/PA_train_PA_T_0003471_g711.wav,data/subset_g711/PA_train_PA_T_0003471_g711.wav,bonafide,train,g711_8khz,PA,PA_0086,-,bonafide,"[20, 400]"
data/features/logmel/train/PA_train_PA_T_0001879_g711.npy,logmel,data/subset_g711/PA_train_PA_T_0001879_g711.wav,data/subset_g711/PA_train_PA_T_0001879_g711.wav,bonafide,train,g711_8khz,PA,PA_0086,-,bonafide,"[80, 400]"
data/features/mfcc/train/PA_train_PA_T_0001879_g711.npy,mfcc,data/subset_g711/PA_train_PA_T_0001879_g711.wav,data/subset_g711/PA_train_PA_T_0001879_g711.wav,bonafide,train,g711_8khz,PA,PA_0086,-,bonafide,"[20, 400]"
data/features/logmel/train/PA_train_PA_T_0004567_g711.npy,logmel,data/subset_g711/PA_train_PA_T_0004567_g711.wav,data/subset_g711/PA_train_PA_T_0004567_g711.wav,bonafide,train,g711_8khz,PA,PA_0095,-,bonafide,"[80, 400]"
data/features/mfcc/train/PA_train_PA_T_0004567_g711.npy,mfcc,data/subset_g711/PA_train_PA_T_0004567_g711.wav,data/subset_g711/PA_train_PA_T_0004567_g711.wav,bonafide,train,g711_8khz,PA,PA_0095,-,bonafide,"[20, 400]"
data/features/logmel/train/PA_train_PA_T_0000506_g711.npy,logmel,data/subset_g711/PA_train_PA_T_0000506_g711.wav,data/subset_g711/PA_train_PA_T_0000506_g711.wav,bonafide,train,g711_8khz,PA,PA_0089,-,bonafide,"[80, 400]"
data/features/mfcc/train/PA_train_PA_T_0000506_g711.npy,mfcc,data/subset_g711/PA_train_PA_T_0000506_g711.wav,data/subset_g711/PA_train_PA_T_0000506_g711.wav,bonafide,train,g711_8khz,PA,PA_0089,-,bonafide,"[20, 400]"
data/features/logmel/val/PA_val_PA_T_0000839_g711.npy,logmel,data/subset_g711/PA_val_PA_T_0000839_g711.wav,data/subset_g711/PA_val_PA_T_0000839_g711.wav,bonafide,val,g711_8khz,PA,PA_0082,-,bonafide,"[80, 400]"
data/features/mfcc/val/PA_val_PA_T_0000839_g711.npy,mfcc,data/subset_g711/PA_val_PA_T_0000839_g711.wav,data/subset_g711/PA_val_PA_T_0000839_g711.wav,bonafide,val,g711_8khz,PA,PA_0082,-,bonafide,"[20, 400]"
data/features/logmel/train/PA_train_PA_T_0000133_g711.npy,logmel,data/subset_g711/PA_train_PA_T_0000133_g711.wav,data/subset_g711/PA_train_PA_T_0000133_g711.wav,bonafide,train,g711_8khz,PA,PA_0092,-,bonafide,"[80, 400]"
data/features/mfcc/train/PA_train_PA_T_0000133_g711.npy,mfcc,data/subset_g711/PA_train_PA_T_0000133_g711.wav,data/subset_g711/PA_train_PA_T_0000133_g711.wav,bonafide,train,g711_8khz,PA,PA_0092,-,bonafide,"[20, 400]"
data/features/logmel/train/PA_train_PA_T_0002645_g711.npy,logmel,data/subset_g711/PA_train_PA_T_0002645_g711.wav,data/subset_g711/PA_train_PA_T_0002645_g711.wav,bonafide,train,g711_8khz,PA,PA_0083,-,bonafide,"[80, 400]"
data/features/mfcc/train/PA_train_PA_T_0002645_g711.npy,mfcc,data/subset_g711/PA_train_PA_T_0002645_g711.wav,data/subset_g711/PA_train_PA_T_0002645_g711.wav,bonafide,train,g711_8khz,PA,PA_0083,-,bonafide,"[20, 400]"
data/features/logmel/test/PA_test_PA_T_0001601_g711.npy,logmel,data/subset_g711/PA_test_PA_T_0001601_g711.wav,data/subset_g711/PA_test_PA_T_0001601_g711.wav,bonafide,test,g711_8khz,PA,PA_0079,-,bonafide,"[80, 400]"
data/features/mfcc/test/PA_test_PA_T_0001601_g711.npy,mfcc,data/subset_g711/PA_test_PA_T_0001601_g711.wav,data/subset_g711/PA_test_PA_T_0001601_g711.wav,bonafide,test,g711_8khz,PA,PA_0079,-,bonafide,"[20, 400]"
data/features/logmel/train/PA_train_PA_T_0000280_g711.npy,logmel,data/subset_g711/PA_train_PA_T_0000280_g711.wav,data/subset_g711/PA_train_PA_T_0000280_g711.wav,bonafide,train,g711_8khz,PA,PA_0086,-,bonafide,"[80, 400]"
data/features/mfcc/train/PA_train_PA_T_0000280_g711.npy,mfcc,data/subset_g711/PA_train_PA_T_0000280_g711.wav,data/subset_g711/PA_train_PA_T_0000280_g711.wav,bonafide,train,g711_8khz,PA,PA_0086,-,bonafide,"[20, 400]"
data/features/logmel/train/PA_train_PA_T_0000857_g711.npy,logmel,data/subset_g711/PA_train_PA_T_0000857_g711.wav,data/subset_g711/PA_train_PA_T_0000857_g711.wav,bonafide,train,g711_8khz,PA,PA_0084,-,bonafide,"[80, 400]"
data/features/mfcc/train/PA_train_PA_T_0000857_g711.npy,mfcc,data/subset_g711/PA_train_PA_T_0000857_g711.wav,data/subset_g711/PA_train_PA_T_0000857_g711.wav,bonafide,train,g711_8khz,PA,PA_0084,-,bonafide,"[20, 400]"
data/features/logmel/train/PA_train_PA_T_0000945_g711.npy,logmel,data/subset_g711/PA_train_PA_T_0000945_g711.wav,data/subset_g711/PA_train_PA_T_0000945_g711.wav,bonafide,train,g711_8khz,PA,PA_0093,-,bonafide,"[80, 400]"
data/features/mfcc/train/PA_train_PA_T_0000945_g711.npy,mfcc,data/subset_g711/PA_train_PA_T_0000945_g711.wav,data/subset_g711/PA_train_PA_T_0000945_g711.wav,bonafide,train,g711_8khz,PA,PA_0093,-,bonafide,"[20, 400]"
data/features/logmel/train/PA_train_PA_T_0003254_g711.npy,logmel,data/subset_g711/PA_train_PA_T_0003254_g711.wav,data/subset_g711/PA_train_PA_T_0003254_g711.wav,bonafide,train,g711_8khz,PA,PA_0084,-,bonafide,"[80, 400]"
data/features/mfcc/train/PA_train_PA_T_0003254_g711.npy,mfcc,data/subset_g711/PA_train_PA_T_0003254_g711.wav,data/subset_g711/PA_train_PA_T_0003254_g711.wav,bonafide,train,g711_8khz,PA,PA_0084,-,bonafide,"[20, 400]"
data/features/logmel/test/PA_test_PA_T_0002982_g711.npy,logmel,data/subset_g711/PA_test_PA_T_0002982_g711.wav,data/subset_g711/PA_test_PA_T_0002982_g711.wav,bonafide,test,g711_8khz,PA,PA_0097,-,bonafide,"[80, 400]"
data/features/mfcc/test/PA_test_PA_T_0002982_g711.npy,mfcc,data/subset_g711/PA_test_PA_T_0002982_g711.wav,data/subset_g711/PA_test_PA_T_0002982_g711.wav,bonafide,test,g711_8khz,PA,PA_0097,-,bonafide,"[20, 400]"
data/features/logmel/train/PA_train_PA_T_0001096_g711.npy,logmel,data/subset_g711/PA_train_PA_T_0001096_g711.wav,data/subset_g711/PA_train_PA_T_0001096_g711.wav,bonafide,train,g711_8khz,PA,PA_0088,-,bonafide,"[80, 400]"
data/features/mfcc/train/PA_train_PA_T_0001096_g711.npy,mfcc,data/subset_g711/PA_train_PA_T_0001096_g711.wav,data/subset_g711/PA_train_PA_T_0001096_g711.wav,bonafide,train,g711_8khz,PA,PA_0088,-,bonafide,"[20, 400]"
data/features/logmel/train/PA_train_PA_T_0002997_g711.npy,logmel,data/subset_g711/PA_train_PA_T_0002997_g711.wav,data/subset_g711/PA_train_PA_T_0002997_g711.wav,bonafide,train,g711_8khz,PA,PA_0098,-,bonafide,"[80, 400]"
data/features/mfcc/train/PA_train_PA_T_0002997_g711.npy,mfcc,data/subset_g711/PA_train_PA_T_0002997_g711.wav,data/subset_g711/PA_train_PA_T_0002997_g711.wav,bonafide,train,g711_8khz,PA,PA_0098,-,bonafide,"[20, 400]"
data/features/logmel/train/PA_train_PA_T_0001704_g711.npy,logmel,data/subset_g711/PA_train_PA_T_0001704_g711.wav,data/subset_g711/PA_train_PA_T_0001704_g711.wav,bonafide,train,g711_8khz,PA,PA_0089,-,bonafide,"[80, 400]"
data/features/mfcc/train/PA_train_PA_T_0001704_g711.npy,mfcc,data/subset_g711/PA_train_PA_T_0001704_g711.wav,data/subset_g711/PA_train_PA_T_0001704_g711.wav,bonafide,train,g711_8khz,PA,PA_0089,-,bonafide,"[20, 400]"
data/features/logmel/train/PA_train_PA_T_0001617_g711.npy,logmel,data/subset_g711/PA_train_PA_T_0001617_g711.wav,data/subset_g711/PA_train_PA_T_0001617_g711.wav,bonafide,train,g711_8khz,PA,PA_0080,-,bonafide,"[80, 400]"
data/features/mfcc/train/PA_train_PA_T_0001617_g711.npy,mfcc,data/subset_g711/PA_train_PA_T_0001617_g711.wav,data/subset_g711/PA_train_PA_T_0001617_g711.wav,bonafide,train,g711_8khz,PA,PA_0080,-,bonafide,"[20, 400]"
data/features/logmel/train/PA_train_PA_T_0001095_g711.npy,logmel,data/subset_g711/PA_train_PA_T_0001095_g711.wav,data/subset_g711/PA_train_PA_T_0001095_g711.wav,bonafide,train,g711_8khz,PA,PA_0088,-,bonafide,"[80, 400]"
data/features/mfcc/train/PA_train_PA_T_0001095_g711.npy,mfcc,data/subset_g711/PA_train_PA_T_0001095_g711.wav,data/subset_g711/PA_train_PA_T_0001095_g711.wav,bonafide,train,g711_8khz,PA,PA_0088,-,bonafide,"[20, 400]"
data/features/logmel/train/PA_train_PA_T_0000249_g711.npy,logmel,data/subset_g711/PA_train_PA_T_0000249_g711.wav,data/subset_g711/PA_train_PA_T_0000249_g711.wav,bonafide,train,g711_8khz,PA,PA_0083,-,bonafide,"[80, 400]"
data/features/mfcc/train/PA_train_PA_T_0000249_g711.npy,mfcc,data/subset_g711/PA_train_PA_T_0000249_g711.wav,data/subset_g711/PA_train_PA_T_0000249_g711.wav,bonafide,train,g711_8khz,PA,PA_0083,-,bonafide,"[20, 400]"
data/features/logmel/train/PA_train_PA_T_0003772_g711.npy,logmel,data/subset_g711/PA_train_PA_T_0003772_g711.wav,data/subset_g711/PA_train_PA_T_0003772_g711.wav,bonafide,train,g711_8khz,PA,PA_0096,-,bonafide,"[80, 400]"
data/features/mfcc/train/PA_train_PA_T_0003772_g711.npy,mfcc,data/subset_g711/PA_train_PA_T_0003772_g711.wav,data/subset_g711/PA_train_PA_T_0003772_g711.wav,bonafide,train,g711_8khz,PA,PA_0096,-,bonafide,"[20, 400]"
data/features/logmel/train/PA_train_PA_T_0001878_g711.npy,logmel,data/subset_g711/PA_train_PA_T_0001878_g711.wav,data/subset_g711/PA_train_PA_T_0001878_g711.wav,bonafide,train,g711_8khz,PA,PA_0086,-,bonafide,"[80, 400]"
data/features/mfcc/train/PA_train_PA_T_0001878_g711.npy,mfcc,data/subset_g711/PA_train_PA_T_0001878_g711.wav,data/subset_g711/PA_train_PA_T_0001878_g711.wav,bonafide,train,g711_8khz,PA,PA_0086,-,bonafide,"[20, 400]"
data/features/logmel/train/PA_train_PA_T_0002312_g711.npy,logmel,data/subset_g711/PA_train_PA_T_0002312_g711.wav,data/subset_g711/PA_train_PA_T_0002312_g711.wav,bonafide,train,g711_8khz,PA,PA_0090,-,bonafide,"[80, 400]"
data/features/mfcc/train/PA_train_PA_T_0002312_g711.npy,mfcc,data/subset_g711/PA_train_PA_T_0002312_g711.wav,data/subset_g711/PA_train_PA_T_0002312_g711.wav,bonafide,train,g711_8khz,PA,PA_0090,-,bonafide,"[20, 400]"
data/features/logmel/train/PA_train_PA_T_0005013_g711.npy,logmel,data/subset_g711/PA_train_PA_T_0005013_g711.wav,data/subset_g711/PA_train_PA_T_0005013_g711.wav,bonafide,train,g711_8khz,PA,PA_0080,-,bonafide,"[80, 400]"
data/features/mfcc/train/PA_train_PA_T_0005013_g711.npy,mfcc,data/subset_g711/PA_train_PA_T_0005013_g711.wav,data/subset_g711/PA_train_PA_T_0005013_g711.wav,bonafide,train,g711_8khz,PA,PA_0080,-,bonafide,"[20, 400]"
data/features/logmel/train/PA_train_PA_T_0003667_g711.npy,logmel,data/subset_g711/PA_train_PA_T_0003667_g711.wav,data/subset_g711/PA_train_PA_T_0003667_g711.wav,bonafide,train,g711_8khz,PA,PA_0085,-,bonafide,"[80, 400]"
data/features/mfcc/train/PA_train_PA_T_0003667_g711.npy,mfcc,data/subset_g711/PA_train_PA_T_0003667_g711.wav,data/subset_g711/PA_train_PA_T_0003667_g711.wav,bonafide,train,g711_8khz,PA,PA_0085,-,bonafide,"[20, 400]"
data/features/logmel/train/PA_train_PA_T_0003218_g711.npy,logmel,data/subset_g711/PA_train_PA_T_0003218_g711.wav,data/subset_g711/PA_train_PA_T_0003218_g711.wav,bonafide,train,g711_8khz,PA,PA_0080,-,bonafide,"[80, 400]"
data/features/mfcc/train/PA_train_PA_T_0003218_g711.npy,mfcc,data/subset_g711/PA_train_PA_T_0003218_g711.wav,data/subset_g711/PA_train_PA_T_0003218_g711.wav,bonafide,train,g711_8khz,PA,PA_0080,-,bonafide,"[20, 400]"
data/features/logmel/train/PA_train_PA_T_0003316_g711.npy,logmel,data/subset_g711/PA_train_PA_T_0003316_g711.wav,data/subset_g711/PA_train_PA_T_0003316_g711.wav,bonafide,train,g711_8khz,PA,PA_0090,-,bonafide,"[80, 400]"
data/features/mfcc/train/PA_train_PA_T_0003316_g711.npy,mfcc,data/subset_g711/PA_train_PA_T_0003316_g711.wav,data/subset_g711/PA_train_PA_T_0003316_g711.wav,bonafide,train,g711_8khz,PA,PA_0090,-,bonafide,"[20, 400]"
data/features/logmel/train/PA_train_PA_T_0004747_g711.npy,logmel,data/subset_g711/PA_train_PA_T_0004747_g711.wav,data/subset_g711/PA_train_PA_T_0004747_g711.wav,bonafide,train,g711_8khz,PA,PA_0093,-,bonafide,"[80, 400]"
data/features/mfcc/train/PA_train_PA_T_0004747_g711.npy,mfcc,data/subset_g711/PA_train_PA_T_0004747_g711.wav,data/subset_g711/PA_train_PA_T_0004747_g711.wav,bonafide,train,g711_8khz,PA,PA_0093,-,bonafide,"[20, 400]"
data/features/logmel/train/PA_train_PA_T_0003476_g711.npy,logmel,data/subset_g711/PA_train_PA_T_0003476_g711.wav,data/subset_g711/PA_train_PA_T_0003476_g711.wav,bonafide,train,g711_8khz,PA,PA_0086,-,bonafide,"[80, 400]"
data/features/mfcc/train/PA_train_PA_T_0003476_g711.npy,mfcc,data/subset_g711/PA_train_PA_T_0003476_g711.wav,data/subset_g711/PA_train_PA_T_0003476_g711.wav,bonafide,train,g711_8khz,PA,PA_0086,-,bonafide,"[20, 400]"
data/features/logmel/train/PA_train_PA_T_0005300_g711.npy,logmel,data/subset_g711/PA_train_PA_T_0005300_g711.wav,data/subset_g711/PA_train_PA_T_0005300_g711.wav,bonafide,train,g711_8khz,PA,PA_0088,-,bonafide,"[80, 400]"
data/features/mfcc/train/PA_train_PA_T_0005300_g711.npy,mfcc,data/subset_g711/PA_train_PA_T_0005300_g711.wav,data/subset_g711/PA_train_PA_T_0005300_g711.wav,bonafide,train,g711_8khz,PA,PA_0088,-,bonafide,"[20, 400]"
data/features/logmel/train/PA_train_PA_T_0003048_g711.npy,logmel,data/subset_g711/PA_train_PA_T_0003048_g711.wav,data/subset_g711/PA_train_PA_T_0003048_g711.wav,bonafide,train,g711_8khz,PA,PA_0083,-,bonafide,"[80, 400]"
data/features/mfcc/train/PA_train_PA_T_0003048_g711.npy,mfcc,data/subset_g711/PA_train_PA_T_0003048_g711.wav,data/subset_g711/PA_train_PA_T_0003048_g711.wav,bonafide,train,g711_8khz,PA,PA_0083,-,bonafide,"[20, 400]"
data/features/logmel/train/PA_train_PA_T_0005303_g711.npy,logmel,data/subset_g711/PA_train_PA_T_0005303_g711.wav,data/subset_g711/PA_train_PA_T_0005303_g711.wav,bonafide,train,g711_8khz,PA,PA_0089,-,bonafide,"[80, 400]"
data/features/mfcc/train/PA_train_PA_T_0005303_g711.npy,mfcc,data/subset_g711/PA_train_PA_T_0005303_g711.wav,data/subset_g711/PA_train_PA_T_0005303_g711.wav,bonafide,train,g711_8khz,PA,PA_0089,-,bonafide,"[20, 400]"
data/features/logmel/val/PA_val_PA_T_0000024_g711.npy,logmel,data/subset_g711/PA_val_PA_T_0000024_g711.wav,data/subset_g711/PA_val_PA_T_0000024_g711.wav,bonafide,val,g711_8khz,PA,PA_0081,-,bonafide,"[80, 400]"
data/features/mfcc/val/PA_val_PA_T_0000024_g711.npy,mfcc,data/subset_g711/PA_val_PA_T_0000024_g711.wav,data/subset_g711/PA_val_PA_T_0000024_g711.wav,bonafide,val,g711_8khz,PA,PA_0081,-,bonafide,"[20, 400]"
data/features/logmel/train/PA_train_PA_T_0000417_g711.npy,logmel,data/subset_g711/PA_train_PA_T_0000417_g711.wav,data/subset_g711/PA_train_PA_T_0000417_g711.wav,bonafide,train,g711_8khz,PA,PA_0080,-,bonafide,"[80, 400]"
data/features/mfcc/train/PA_train_PA_T_0000417_g711.npy,mfcc,data/subset_g711/PA_train_PA_T_0000417_g711.wav,data/subset_g711/PA_train_PA_T_0000417_g711.wav,bonafide,train,g711_8khz,PA,PA_0080,-,bonafide,"[20, 400]"
data/features/logmel/test/PA_test_PA_T_0002587_g711.npy,logmel,data/subset_g711/PA_test_PA_T_0002587_g711.wav,data/subset_g711/PA_test_PA_T_0002587_g711.wav,bonafide,test,g711_8khz,PA,PA_0097,-,bonafide,"[80, 400]"
data/features/mfcc/test/PA_test_PA_T_0002587_g711.npy,mfcc,data/subset_g711/PA_test_PA_T_0002587_g711.wav,data/subset_g711/PA_test_PA_T_0002587_g711.wav,bonafide,test,g711_8khz,PA,PA_0097,-,bonafide,"[20, 400]"
data/features/logmel/train/PA_train_PA_T_0000241_g711.npy,logmel,data/subset_g711/PA_train_PA_T_0000241_g711.wav,data/subset_g711/PA_train_PA_T_0000241_g711.wav,bonafide,train,g711_8khz,PA,PA_0083,-,bonafide,"[80, 400]"
data/features/mfcc/train/PA_train_PA_T_0000241_g711.npy,mfcc,data/subset_g711/PA_train_PA_T_0000241_g711.wav,data/subset_g711/PA_train_PA_T_0000241_g711.wav,bonafide,train,g711_8khz,PA,PA_0083,-,bonafide,"[20, 400]"
data/features/logmel/train/PA_train_PA_T_0003976_g711.npy,logmel,data/subset_g711/PA_train_PA_T_0003976_g711.wav,data/subset_g711/PA_train_PA_T_0003976_g711.wav,bonafide,train,g711_8khz,PA,PA_0096,-,bonafide,"[80, 400]"
data/features/mfcc/train/PA_train_PA_T_0003976_g711.npy,mfcc,data/subset_g711/PA_train_PA_T_0003976_g711.wav,data/subset_g711/PA_train_PA_T_0003976_g711.wav,bonafide,train,g711_8khz,PA,PA_0096,-,bonafide,"[20, 400]"
data/features/logmel/train/PA_train_PA_T_0001118_g711.npy,logmel,data/subset_g711/PA_train_PA_T_0001118_g711.wav,data/subset_g711/PA_train_PA_T_0001118_g711.wav,bonafide,train,g711_8khz,PA,PA_0090,-,bonafide,"[80, 400]"
data/features/mfcc/train/PA_train_PA_T_0001118_g711.npy,mfcc,data/subset_g711/PA_train_PA_T_0001118_g711.wav,data/subset_g711/PA_train_PA_T_0001118_g711.wav,bonafide,train,g711_8khz,PA,PA_0090,-,bonafide,"[20, 400]"
data/features/logmel/test/PA_test_PA_T_0003608_g711.npy,logmel,data/subset_g711/PA_test_PA_T_0003608_g711.wav,data/subset_g711/PA_test_PA_T_0003608_g711.wav,bonafide,test,g711_8khz,PA,PA_0079,-,bonafide,"[80, 400]"
data/features/mfcc/test/PA_test_PA_T_0003608_g711.npy,mfcc,data/subset_g711/PA_test_PA_T_0003608_g711.wav,data/subset_g711/PA_test_PA_T_0003608_g711.wav,bonafide,test,g711_8khz,PA,PA_0079,-,bonafide,"[20, 400]"
data/features/logmel/train/PA_train_PA_T_0004246_g711.npy,logmel,data/subset_g711/PA_train_PA_T_0004246_g711.wav,data/subset_g711/PA_train_PA_T_0004246_g711.wav,bonafide,train,g711_8khz,PA,PA_0083,-,bonafide,"[80, 400]"
data/features/mfcc/train/PA_train_PA_T_0004246_g711.npy,mfcc,data/subset_g711/PA_train_PA_T_0004246_g711.wav,data/subset_g711/PA_train_PA_T_0004246_g711.wav,bonafide,train,g711_8khz,PA,PA_0083,-,bonafide,"[20, 400]"
data/features/logmel/train/PA_train_PA_T_0004255_g711.npy,logmel,data/subset_g711/PA_train_PA_T_0004255_g711.wav,data/subset_g711/PA_train_PA_T_0004255_g711.wav,bonafide,train,g711_8khz,PA,PA_0084,-,bonafide,"[80, 400]"
data/features/mfcc/train/PA_train_PA_T_0004255_g711.npy,mfcc,data/subset_g711/PA_train_PA_T_0004255_g711.wav,data/subset_g711/PA_train_PA_T_0004255_g711.wav,bonafide,train,g711_8khz,PA,PA_0084,-,bonafide,"[20, 400]"
data/features/logmel/test/PA_test_PA_T_0004589_g711.npy,logmel,data/subset_g711/PA_test_PA_T_0004589_g711.wav,data/subset_g711/PA_test_PA_T_0004589_g711.wav,bonafide,test,g711_8khz,PA,PA_0097,-,bonafide,"[80, 400]"
data/features/mfcc/test/PA_test_PA_T_0004589_g711.npy,mfcc,data/subset_g711/PA_test_PA_T_0004589_g711.wav,data/subset_g711/PA_test_PA_T_0004589_g711.wav,bonafide,test,g711_8khz,PA,PA_0097,-,bonafide,"[20, 400]"
data/features/logmel/val/PA_val_PA_T_0002926_g711.npy,logmel,data/subset_g711/PA_val_PA_T_0002926_g711.wav,data/subset_g711/PA_val_PA_T_0002926_g711.wav,bonafide,val,g711_8khz,PA,PA_0091,-,bonafide,"[80, 400]"
data/features/mfcc/val/PA_val_PA_T_0002926_g711.npy,mfcc,data/subset_g711/PA_val_PA_T_0002926_g711.wav,data/subset_g711/PA_val_PA_T_0002926_g711.wav,bonafide,val,g711_8khz,PA,PA_0091,-,bonafide,"[20, 400]"
data/features/logmel/train/PA_train_PA_T_0000016_g711.npy,logmel,data/subset_g711/PA_train_PA_T_0000016_g711.wav,data/subset_g711/PA_train_PA_T_0000016_g711.wav,bonafide,train,g711_8khz,PA,PA_0080,-,bonafide,"[80, 400]"
data/features/mfcc/train/PA_train_PA_T_0000016_g711.npy,mfcc,data/subset_g711/PA_train_PA_T_0000016_g711.wav,data/subset_g711/PA_train_PA_T_0000016_g711.wav,bonafide,train,g711_8khz,PA,PA_0080,-,bonafide,"[20, 400]"
data/features/logmel/val/PA_val_PA_T_0004956_g711.npy,logmel,data/subset_g711/PA_val_PA_T_0004956_g711.wav,data/subset_g711/PA_val_PA_T_0004956_g711.wav,bonafide,val,g711_8khz,PA,PA_0094,-,bonafide,"[80, 400]"
data/features/mfcc/val/PA_val_PA_T_0004956_g711.npy,mfcc,data/subset_g711/PA_val_PA_T_0004956_g711.wav,data/subset_g711/PA_val_PA_T_0004956_g711.wav,bonafide,val,g711_8khz,PA,PA_0094,-,bonafide,"[20, 400]"
data/features/logmel/train/PA_train_PA_T_0000080_g711.npy,logmel,data/subset_g711/PA_train_PA_T_0000080_g711.wav,data/subset_g711/PA_train_PA_T_0000080_g711.wav,bonafide,train,g711_8khz,PA,PA_0086,-,bonafide,"[80, 400]"
data/features/mfcc/train/PA_train_PA_T_0000080_g711.npy,mfcc,data/subset_g711/PA_train_PA_T_0000080_g711.wav,data/subset_g711/PA_train_PA_T_0000080_g711.wav,bonafide,train,g711_8khz,PA,PA_0086,-,bonafide,"[20, 400]"
data/features/logmel/val/PA_val_PA_T_0004129_g711.npy,logmel,data/subset_g711/PA_val_PA_T_0004129_g711.wav,data/subset_g711/PA_val_PA_T_0004129_g711.wav,bonafide,val,g711_8khz,PA,PA_0091,-,bonafide,"[80, 400]"
data/features/mfcc/val/PA_val_PA_T_0004129_g711.npy,mfcc,data/subset_g711/PA_val_PA_T_0004129_g711.wav,data/subset_g711/PA_val_PA_T_0004129_g711.wav,bonafide,val,g711_8khz,PA,PA_0091,-,bonafide,"[20, 400]"
data/features/logmel/train/PA_train_PA_T_0000766_g711.npy,logmel,data/subset_g711/PA_train_PA_T_0000766_g711.wav,data/subset_g711/PA_train_PA_T_0000766_g711.wav,bonafide,train,g711_8khz,PA,PA_0095,-,bonafide,"[80, 400]"
data/features/mfcc/train/PA_train_PA_T_0000766_g711.npy,mfcc,data/subset_g711/PA_train_PA_T_0000766_g711.wav,data/subset_g711/PA_train_PA_T_0000766_g711.wav,bonafide,train,g711_8khz,PA,PA_0095,-,bonafide,"[20, 400]"
data/features/logmel/val/PA_val_PA_T_0004721_g711.npy,logmel,data/subset_g711/PA_val_PA_T_0004721_g711.wav,data/subset_g711/PA_val_PA_T_0004721_g711.wav,bonafide,val,g711_8khz,PA,PA_0091,-,bonafide,"[80, 400]"
data/features/mfcc/val/PA_val_PA_T_0004721_g711.npy,mfcc,data/subset_g711/PA_val_PA_T_0004721_g711.wav,data/subset_g711/PA_val_PA_T_0004721_g711.wav,bonafide,val,g711_8khz,PA,PA_0091,-,bonafide,"[20, 400]"
data/features/logmel/train/PA_train_PA_T_0001880_g711.npy,logmel,data/subset_g711/PA_train_PA_T_0001880_g711.wav,data/subset_g711/PA_train_PA_T_0001880_g711.wav,bonafide,train,g711_8khz,PA,PA_0086,-,bonafide,"[80, 400]"
data/features/mfcc/train/PA_train_PA_T_0001880_g711.npy,mfcc,data/subset_g711/PA_train_PA_T_0001880_g711.wav,data/subset_g711/PA_train_PA_T_0001880_g711.wav,bonafide,train,g711_8khz,PA,PA_0086,-,bonafide,"[20, 400]"
data/features/logmel/train/PA_train_PA_T_0000297_g711.npy,logmel,data/subset_g711/PA_train_PA_T_0000297_g711.wav,data/subset_g711/PA_train_PA_T_0000297_g711.wav,bonafide,train,g711_8khz,PA,PA_0088,-,bonafide,"[80, 400]"
data/features/mfcc/train/PA_train_PA_T_0000297_g711.npy,mfcc,data/subset_g711/PA_train_PA_T_0000297_g711.wav,data/subset_g711/PA_train_PA_T_0000297_g711.wav,bonafide,train,g711_8khz,PA,PA_0088,-,bonafide,"[20, 400]"
data/features/logmel/test/PA_test_PA_T_0003008_g711.npy,logmel,data/subset_g711/PA_test_PA_T_0003008_g711.wav,data/subset_g711/PA_test_PA_T_0003008_g711.wav,bonafide,test,g711_8khz,PA,PA_0079,-,bonafide,"[80, 400]"
data/features/mfcc/test/PA_test_PA_T_0003008_g711.npy,mfcc,data/subset_g711/PA_test_PA_T_0003008_g711.wav,data/subset_g711/PA_test_PA_T_0003008_g711.wav,bonafide,test,g711_8khz,PA,PA_0079,-,bonafide,"[20, 400]"
data/features/logmel/train/PA_train_PA_T_0000316_g711.npy,logmel,data/subset_g711/PA_train_PA_T_0000316_g711.wav,data/subset_g711/PA_train_PA_T_0000316_g711.wav,bonafide,train,g711_8khz,PA,PA_0090,-,bonafide,"[80, 400]"
data/features/mfcc/train/PA_train_PA_T_0000316_g711.npy,mfcc,data/subset_g711/PA_train_PA_T_0000316_g711.wav,data/subset_g711/PA_train_PA_T_0000316_g711.wav,bonafide,train,g711_8khz,PA,PA_0090,-,bonafide,"[20, 400]"
data/features/logmel/test/PA_test_PA_T_0003987_g711.npy,logmel,data/subset_g711/PA_test_PA_T_0003987_g711.wav,data/subset_g711/PA_test_PA_T_0003987_g711.wav,bonafide,test,g711_8khz,PA,PA_0097,-,bonafide,"[80, 400]"
data/features/mfcc/test/PA_test_PA_T_0003987_g711.npy,mfcc,data/subset_g711/PA_test_PA_T_0003987_g711.wav,data/subset_g711/PA_test_PA_T_0003987_g711.wav,bonafide,test,g711_8khz,PA,PA_0097,-,bonafide,"[20, 400]"
data/features/logmel/test/PA_test_PA_T_0001189_g711.npy,logmel,data/subset_g711/PA_test_PA_T_0001189_g711.wav,data/subset_g711/PA_test_PA_T_0001189_g711.wav,bonafide,test,g711_8khz,PA,PA_0097,-,bonafide,"[80, 400]"
data/features/mfcc/test/PA_test_PA_T_0001189_g711.npy,mfcc,data/subset_g711/PA_test_PA_T_0001189_g711.wav,data/subset_g711/PA_test_PA_T_0001189_g711.wav,bonafide,test,g711_8khz,PA,PA_0097,-,bonafide,"[20, 400]"
data/features/logmel/train/PA_train_PA_T_0001733_g711.npy,logmel,data/subset_g711/PA_train_PA_T_0001733_g711.wav,data/subset_g711/PA_train_PA_T_0001733_g711.wav,bonafide,train,g711_8khz,PA,PA_0092,-,bonafide,"[80, 400]"
data/features/mfcc/train/PA_train_PA_T_0001733_g711.npy,mfcc,data/subset_g711/PA_train_PA_T_0001733_g711.wav,data/subset_g711/PA_train_PA_T_0001733_g711.wav,bonafide,train,g711_8khz,PA,PA_0092,-,bonafide,"[20, 400]"
data/features/logmel/train/PA_train_PA_T_0000298_g711.npy,logmel,data/subset_g711/PA_train_PA_T_0000298_g711.wav,data/subset_g711/PA_train_PA_T_0000298_g711.wav,bonafide,train,g711_8khz,PA,PA_0088,-,bonafide,"[80, 400]"
data/features/mfcc/train/PA_train_PA_T_0000298_g711.npy,mfcc,data/subset_g711/PA_train_PA_T_0000298_g711.wav,data/subset_g711/PA_train_PA_T_0000298_g711.wav,bonafide,train,g711_8khz,PA,PA_0088,-,bonafide,"[20, 400]"
data/features/logmel/train/PA_train_PA_T_0000578_g711.npy,logmel,data/subset_g711/PA_train_PA_T_0000578_g711.wav,data/subset_g711/PA_train_PA_T_0000578_g711.wav,bonafide,train,g711_8khz,PA,PA_0096,-,bonafide,"[80, 400]"
data/features/mfcc/train/PA_train_PA_T_0000578_g711.npy,mfcc,data/subset_g711/PA_train_PA_T_0000578_g711.wav,data/subset_g711/PA_train_PA_T_0000578_g711.wav,bonafide,train,g711_8khz,PA,PA_0096,-,bonafide,"[20, 400]"
data/features/logmel/train/PA_train_PA_T_0000473_g711.npy,logmel,data/subset_g711/PA_train_PA_T_0000473_g711.wav,data/subset_g711/PA_train_PA_T_0000473_g711.wav,bonafide,train,g711_8khz,PA,PA_0086,-,bonafide,"[80, 400]"
data/features/mfcc/train/PA_train_PA_T_0000473_g711.npy,mfcc,data/subset_g711/PA_train_PA_T_0000473_g711.wav,data/subset_g711/PA_train_PA_T_0000473_g711.wav,bonafide,train,g711_8khz,PA,PA_0086,-,bonafide,"[20, 400]"
data/features/logmel/train/PA_train_PA_T_0001667_g711.npy,logmel,data/subset_g711/PA_train_PA_T_0001667_g711.wav,data/subset_g711/PA_train_PA_T_0001667_g711.wav,bonafide,train,g711_8khz,PA,PA_0085,-,bonafide,"[80, 400]"
data/features/mfcc/train/PA_train_PA_T_0001667_g711.npy,mfcc,data/subset_g711/PA_train_PA_T_0001667_g711.wav,data/subset_g711/PA_train_PA_T_0001667_g711.wav,bonafide,train,g711_8khz,PA,PA_0085,-,bonafide,"[20, 400]"
data/features/logmel/train/PA_train_PA_T_0004509_g711.npy,logmel,data/subset_g711/PA_train_PA_T_0004509_g711.wav,data/subset_g711/PA_train_PA_T_0004509_g711.wav,bonafide,train,g711_8khz,PA,PA_0089,-,bonafide,"[80, 400]"
data/features/mfcc/train/PA_train_PA_T_0004509_g711.npy,mfcc,data/subset_g711/PA_train_PA_T_0004509_g711.wav,data/subset_g711/PA_train_PA_T_0004509_g711.wav,bonafide,train,g711_8khz,PA,PA_0089,-,bonafide,"[20, 400]"
data/features/logmel/train/PA_train_PA_T_0003769_g711.npy,logmel,data/subset_g711/PA_train_PA_T_0003769_g711.wav,data/subset_g711/PA_train_PA_T_0003769_g711.wav,bonafide,train,g711_8khz,PA,PA_0095,-,bonafide,"[80, 400]"
data/features/mfcc/train/PA_train_PA_T_0003769_g711.npy,mfcc,data/subset_g711/PA_train_PA_T_0003769_g711.wav,data/subset_g711/PA_train_PA_T_0003769_g711.wav,bonafide,train,g711_8khz,PA,PA_0095,-,bonafide,"[20, 400]"
data/features/logmel/train/PA_train_PA_T_0000469_g711.npy,logmel,data/subset_g711/PA_train_PA_T_0000469_g711.wav,data/subset_g711/PA_train_PA_T_0000469_g711.wav,bonafide,train,g711_8khz,PA,PA_0085,-,bonafide,"[80, 400]"
data/features/mfcc/train/PA_train_PA_T_0000469_g711.npy,mfcc,data/subset_g711/PA_train_PA_T_0000469_g711.wav,data/subset_g711/PA_train_PA_T_0000469_g711.wav,bonafide,train,g711_8khz,PA,PA_0085,-,bonafide,"[20, 400]"
data/features/logmel/train/PA_train_PA_T_0004661_g711.npy,logmel,data/subset_g711/PA_train_PA_T_0004661_g711.wav,data/subset_g711/PA_train_PA_T_0004661_g711.wav,bonafide,train,g711_8khz,PA,PA_0085,-,bonafide,"[80, 400]"
data/features/mfcc/train/PA_train_PA_T_0004661_g711.npy,mfcc,data/subset_g711/PA_train_PA_T_0004661_g711.wav,data/subset_g711/PA_train_PA_T_0004661_g711.wav,bonafide,train,g711_8khz,PA,PA_0085,-,bonafide,"[20, 400]"
data/features/logmel/val/PA_val_PA_T_0004025_g711.npy,logmel,data/subset_g711/PA_val_PA_T_0004025_g711.wav,data/subset_g711/PA_val_PA_T_0004025_g711.wav,bonafide,val,g711_8khz,PA,PA_0081,-,bonafide,"[80, 400]"
data/features/mfcc/val/PA_val_PA_T_0004025_g711.npy,mfcc,data/subset_g711/PA_val_PA_T_0004025_g711.wav,data/subset_g711/PA_val_PA_T_0004025_g711.wav,bonafide,val,g711_8khz,PA,PA_0081,-,bonafide,"[20, 400]"
data/features/logmel/val/PA_val_PA_T_0001729_g711.npy,logmel,data/subset_g711/PA_val_PA_T_0001729_g711.wav,data/subset_g711/PA_val_PA_T_0001729_g711.wav,bonafide,val,g711_8khz,PA,PA_0091,-,bonafide,"[80, 400]"
data/features/mfcc/val/PA_val_PA_T_0001729_g711.npy,mfcc,data/subset_g711/PA_val_PA_T_0001729_g711.wav,data/subset_g711/PA_val_PA_T_0001729_g711.wav,bonafide,val,g711_8khz,PA,PA_0091,-,bonafide,"[20, 400]"
data/features/logmel/train/PA_train_PA_T_0004819_g711.npy,logmel,data/subset_g711/PA_train_PA_T_0004819_g711.wav,data/subset_g711/PA_train_PA_T_0004819_g711.wav,bonafide,train,g711_8khz,PA,PA_0080,-,bonafide,"[80, 400]"
data/features/mfcc/train/PA_train_PA_T_0004819_g711.npy,mfcc,data/subset_g711/PA_train_PA_T_0004819_g711.wav,data/subset_g711/PA_train_PA_T_0004819_g711.wav,bonafide,train,g711_8khz,PA,PA_0080,-,bonafide,"[20, 400]"
data/features/logmel/val/PA_val_PA_T_0003439_g711.npy,logmel,data/subset_g711/PA_val_PA_T_0003439_g711.wav,data/subset_g711/PA_val_PA_T_0003439_g711.wav,bonafide,val,g711_8khz,PA,PA_0082,-,bonafide,"[80, 400]"
data/features/mfcc/val/PA_val_PA_T_0003439_g711.npy,mfcc,data/subset_g711/PA_val_PA_T_0003439_g711.wav,data/subset_g711/PA_val_PA_T_0003439_g711.wav,bonafide,val,g711_8khz,PA,PA_0082,-,bonafide,"[20, 400]"
data/features/logmel/val/PA_val_PA_T_0004959_g711.npy,logmel,data/subset_g711/PA_val_PA_T_0004959_g711.wav,data/subset_g711/PA_val_PA_T_0004959_g711.wav,bonafide,val,g711_8khz,PA,PA_0094,-,bonafide,"[80, 400]"
data/features/mfcc/val/PA_val_PA_T_0004959_g711.npy,mfcc,data/subset_g711/PA_val_PA_T_0004959_g711.wav,data/subset_g711/PA_val_PA_T_0004959_g711.wav,bonafide,val,g711_8khz,PA,PA_0094,-,bonafide,"[20, 400]"
data/features/logmel/val/PA_val_PA_T_0001323_g711.npy,logmel,data/subset_g711/PA_val_PA_T_0001323_g711.wav,data/subset_g711/PA_val_PA_T_0001323_g711.wav,bonafide,val,g711_8khz,PA,PA_0091,-,bonafide,"[80, 400]"
data/features/mfcc/val/PA_val_PA_T_0001323_g711.npy,mfcc,data/subset_g711/PA_val_PA_T_0001323_g711.wav,data/subset_g711/PA_val_PA_T_0001323_g711.wav,bonafide,val,g711_8khz,PA,PA_0091,-,bonafide,"[20, 400]"
data/features/logmel/train/PA_train_PA_T_0004861_g711.npy,logmel,data/subset_g711/PA_train_PA_T_0004861_g711.wav,data/subset_g711/PA_train_PA_T_0004861_g711.wav,bonafide,train,g711_8khz,PA,PA_0085,-,bonafide,"[80, 400]"
data/features/mfcc/train/PA_train_PA_T_0004861_g711.npy,mfcc,data/subset_g711/PA_train_PA_T_0004861_g711.wav,data/subset_g711/PA_train_PA_T_0004861_g711.wav,bonafide,train,g711_8khz,PA,PA_0085,-,bonafide,"[20, 400]"
data/features/logmel/train/PA_train_PA_T_0000168_g711.npy,logmel,data/subset_g711/PA_train_PA_T_0000168_g711.wav,data/subset_g711/PA_train_PA_T_0000168_g711.wav,bonafide,train,g711_8khz,PA,PA_0095,-,bonafide,"[80, 400]"
data/features/mfcc/train/PA_train_PA_T_0000168_g711.npy,mfcc,data/subset_g711/PA_train_PA_T_0000168_g711.wav,data/subset_g711/PA_train_PA_T_0000168_g711.wav,bonafide,train,g711_8khz,PA,PA_0095,-,bonafide,"[20, 400]"
data/features/logmel/train/PA_train_PA_T_0002276_g711.npy,logmel,data/subset_g711/PA_train_PA_T_0002276_g711.wav,data/subset_g711/PA_train_PA_T_0002276_g711.wav,bonafide,train,g711_8khz,PA,PA_0086,-,bonafide,"[80, 400]"
data/features/mfcc/train/PA_train_PA_T_0002276_g711.npy,mfcc,data/subset_g711/PA_train_PA_T_0002276_g711.wav,data/subset_g711/PA_train_PA_T_0002276_g711.wav,bonafide,train,g711_8khz,PA,PA_0086,-,bonafide,"[20, 400]"
data/features/logmel/train/PA_train_PA_T_0000706_g711.npy,logmel,data/subset_g711/PA_train_PA_T_0000706_g711.wav,data/subset_g711/PA_train_PA_T_0000706_g711.wav,bonafide,train,g711_8khz,PA,PA_0089,-,bonafide,"[80, 400]"
data/features/mfcc/train/PA_train_PA_T_0000706_g711.npy,mfcc,data/subset_g711/PA_train_PA_T_0000706_g711.wav,data/subset_g711/PA_train_PA_T_0000706_g711.wav,bonafide,train,g711_8khz,PA,PA_0089,-,bonafide,"[20, 400]"
data/features/logmel/train/PA_train_PA_T_0005150_g711.npy,logmel,data/subset_g711/PA_train_PA_T_0005150_g711.wav,data/subset_g711/PA_train_PA_T_0005150_g711.wav,bonafide,train,g711_8khz,PA,PA_0093,-,bonafide,"[80, 400]"
data/features/mfcc/train/PA_train_PA_T_0005150_g711.npy,mfcc,data/subset_g711/PA_train_PA_T_0005150_g711.wav,data/subset_g711/PA_train_PA_T_0005150_g711.wav,bonafide,train,g711_8khz,PA,PA_0093,-,bonafide,"[20, 400]"
data/features/logmel/train/PA_train_PA_T_0001892_g711.npy,logmel,data/subset_g711/PA_train_PA_T_0001892_g711.wav,data/subset_g711/PA_train_PA_T_0001892_g711.wav,bonafide,train,g711_8khz,PA,PA_0088,-,bonafide,"[80, 400]"
data/features/mfcc/train/PA_train_PA_T_0001892_g711.npy,mfcc,data/subset_g711/PA_train_PA_T_0001892_g711.wav,data/subset_g711/PA_train_PA_T_0001892_g711.wav,bonafide,train,g711_8khz,PA,PA_0088,-,bonafide,"[20, 400]"
data/features/logmel/train/PA_train_PA_T_0000912_g711.npy,logmel,data/subset_g711/PA_train_PA_T_0000912_g711.wav,data/subset_g711/PA_train_PA_T_0000912_g711.wav,bonafide,train,g711_8khz,PA,PA_0090,-,bonafide,"[80, 400]"
data/features/mfcc/train/PA_train_PA_T_0000912_g711.npy,mfcc,data/subset_g711/PA_train_PA_T_0000912_g711.wav,data/subset_g711/PA_train_PA_T_0000912_g711.wav,bonafide,train,g711_8khz,PA,PA_0090,-,bonafide,"[20, 400]"
data/features/logmel/val/PA_val_PA_T_0001631_g711.npy,logmel,data/subset_g711/PA_val_PA_T_0001631_g711.wav,data/subset_g711/PA_val_PA_T_0001631_g711.wav,bonafide,val,g711_8khz,PA,PA_0082,-,bonafide,"[80, 400]"
data/features/mfcc/val/PA_val_PA_T_0001631_g711.npy,mfcc,data/subset_g711/PA_val_PA_T_0001631_g711.wav,data/subset_g711/PA_val_PA_T_0001631_g711.wav,bonafide,val,g711_8khz,PA,PA_0082,-,bonafide,"[20, 400]"
data/features/logmel/train/PA_train_PA_T_0003448_g711.npy,logmel,data/subset_g711/PA_train_PA_T_0003448_g711.wav,data/subset_g711/PA_train_PA_T_0003448_g711.wav,bonafide,train,g711_8khz,PA,PA_0083,-,bonafide,"[80, 400]"
data/features/mfcc/train/PA_train_PA_T_0003448_g711.npy,mfcc,data/subset_g711/PA_train_PA_T_0003448_g711.wav,data/subset_g711/PA_train_PA_T_0003448_g711.wav,bonafide,train,g711_8khz,PA,PA_0083,-,bonafide,"[20, 400]"
data/features/logmel/train/PA_train_PA_T_0004167_g711.npy,logmel,data/subset_g711/PA_train_PA_T_0004167_g711.wav,data/subset_g711/PA_train_PA_T_0004167_g711.wav,bonafide,train,g711_8khz,PA,PA_0095,-,bonafide,"[80, 400]"
data/features/mfcc/train/PA_train_PA_T_0004167_g711.npy,mfcc,data/subset_g711/PA_train_PA_T_0004167_g711.wav,data/subset_g711/PA_train_PA_T_0004167_g711.wav,bonafide,train,g711_8khz,PA,PA_0095,-,bonafide,"[20, 400]"
data/features/logmel/train/PA_train_PA_T_0003947_g711.npy,logmel,data/subset_g711/PA_train_PA_T_0003947_g711.wav,data/subset_g711/PA_train_PA_T_0003947_g711.wav,bonafide,train,g711_8khz,PA,PA_0093,-,bonafide,"[80, 400]"
data/features/mfcc/train/PA_train_PA_T_0003947_g711.npy,mfcc,data/subset_g711/PA_train_PA_T_0003947_g711.wav,data/subset_g711/PA_train_PA_T_0003947_g711.wav,bonafide,train,g711_8khz,PA,PA_0093,-,bonafide,"[20, 400]"
data/features/logmel/val/PA_val_PA_T_0001521_g711.npy,logmel,data/subset_g711/PA_val_PA_T_0001521_g711.wav,data/subset_g711/PA_val_PA_T_0001521_g711.wav,bonafide,val,g711_8khz,PA,PA_0091,-,bonafide,"[80, 400]"
data/features/mfcc/val/PA_val_PA_T_0001521_g711.npy,mfcc,data/subset_g711/PA_val_PA_T_0001521_g711.wav,data/subset_g711/PA_val_PA_T_0001521_g711.wav,bonafide,val,g711_8khz,PA,PA_0091,-,bonafide,"[20, 400]"
data/features/logmel/train/PA_train_PA_T_0003312_g711.npy,logmel,data/subset_g711/PA_train_PA_T_0003312_g711.wav,data/subset_g711/PA_train_PA_T_0003312_g711.wav,bonafide,train,g711_8khz,PA,PA_0090,-,bonafide,"[80, 400]"
data/features/mfcc/train/PA_train_PA_T_0003312_g711.npy,mfcc,data/subset_g711/PA_train_PA_T_0003312_g711.wav,data/subset_g711/PA_train_PA_T_0003312_g711.wav,bonafide,train,g711_8khz,PA,PA_0090,-,bonafide,"[20, 400]"
data/features/logmel/train/PA_train_PA_T_0003948_g711.npy,logmel,data/subset_g711/PA_train_PA_T_0003948_g711.wav,data/subset_g711/PA_train_PA_T_0003948_g711.wav,bonafide,train,g711_8khz,PA,PA_0093,-,bonafide,"[80, 400]"
data/features/mfcc/train/PA_train_PA_T_0003948_g711.npy,mfcc,data/subset_g711/PA_train_PA_T_0003948_g711.wav,data/subset_g711/PA_train_PA_T_0003948_g711.wav,bonafide,train,g711_8khz,PA,PA_0093,-,bonafide,"[20, 400]"
data/features/logmel/val/PA_val_PA_T_0004924_g711.npy,logmel,data/subset_g711/PA_val_PA_T_0004924_g711.wav,data/subset_g711/PA_val_PA_T_0004924_g711.wav,bonafide,val,g711_8khz,PA,PA_0091,-,bonafide,"[80, 400]"
data/features/mfcc/val/PA_val_PA_T_0004924_g711.npy,mfcc,data/subset_g711/PA_val_PA_T_0004924_g711.wav,data/subset_g711/PA_val_PA_T_0004924_g711.wav,bonafide,val,g711_8khz,PA,PA_0091,-,bonafide,"[20, 400]"
data/features/logmel/train/PA_train_PA_T_0003820_g711.npy,logmel,data/subset_g711/PA_train_PA_T_0003820_g711.wav,data/subset_g711/PA_train_PA_T_0003820_g711.wav,bonafide,train,g711_8khz,PA,PA_0080,-,bonafide,"[80, 400]"
data/features/mfcc/train/PA_train_PA_T_0003820_g711.npy,mfcc,data/subset_g711/PA_train_PA_T_0003820_g711.wav,data/subset_g711/PA_train_PA_T_0003820_g711.wav,bonafide,train,g711_8khz,PA,PA_0080,-,bonafide,"[20, 400]"
data/features/logmel/train/PA_train_PA_T_0003940_g711.npy,logmel,data/subset_g711/PA_train_PA_T_0003940_g711.wav,data/subset_g711/PA_train_PA_T_0003940_g711.wav,bonafide,train,g711_8khz,PA,PA_0092,-,bonafide,"[80, 400]"
data/features/mfcc/train/PA_train_PA_T_0003940_g711.npy,mfcc,data/subset_g711/PA_train_PA_T_0003940_g711.wav,data/subset_g711/PA_train_PA_T_0003940_g711.wav,bonafide,train,g711_8khz,PA,PA_0092,-,bonafide,"[20, 400]"
data/features/logmel/val/PA_val_PA_T_0041647_g711.npy,logmel,data/subset_g711/PA_val_PA_T_0041647_g711.wav,data/subset_g711/PA_val_PA_T_0041647_g711.wav,spoof,val,g711_8khz,PA,PA_0082,AC,spoof,"[80, 400]"
data/features/mfcc/val/PA_val_PA_T_0041647_g711.npy,mfcc,data/subset_g711/PA_val_PA_T_0041647_g711.wav,data/subset_g711/PA_val_PA_T_0041647_g711.wav,spoof,val,g711_8khz,PA,PA_0082,AC,spoof,"[20, 400]"
data/features/logmel/val/PA_val_PA_T_0017667_g711.npy,logmel,data/subset_g711/PA_val_PA_T_0017667_g711.wav,data/subset_g711/PA_val_PA_T_0017667_g711.wav,spoof,val,g711_8khz,PA,PA_0082,BC,spoof,"[80, 400]"
data/features/mfcc/val/PA_val_PA_T_0017667_g711.npy,mfcc,data/subset_g711/PA_val_PA_T_0017667_g711.wav,data/subset_g711/PA_val_PA_T_0017667_g711.wav,spoof,val,g711_8khz,PA,PA_0082,BC,spoof,"[20, 400]"
data/features/logmel/test/PA_test_PA_T_0051297_g711.npy,logmel,data/subset_g711/PA_test_PA_T_0051297_g711.wav,data/subset_g711/PA_test_PA_T_0051297_g711.wav,spoof,test,g711_8khz,PA,PA_0079,BB,spoof,"[80, 400]"
data/features/mfcc/test/PA_test_PA_T_0051297_g711.npy,mfcc,data/subset_g711/PA_test_PA_T_0051297_g711.wav,data/subset_g711/PA_test_PA_T_0051297_g711.wav,spoof,test,g711_8khz,PA,PA_0079,BB,spoof,"[20, 400]"
data/features/logmel/train/PA_train_PA_T_0046332_g711.npy,logmel,data/subset_g711/PA_train_PA_T_0046332_g711.wav,data/subset_g711/PA_train_PA_T_0046332_g711.wav,spoof,train,g711_8khz,PA,PA_0085,CA,spoof,"[80, 400]"
data/features/mfcc/train/PA_train_PA_T_0046332_g711.npy,mfcc,data/subset_g711/PA_train_PA_T_0046332_g711.wav,data/subset_g711/PA_train_PA_T_0046332_g711.wav,spoof,train,g711_8khz,PA,PA_0085,CA,spoof,"[20, 400]"
data/features/logmel/val/PA_val_PA_T_0053351_g711.npy,logmel,data/subset_g711/PA_val_PA_T_0053351_g711.wav,data/subset_g711/PA_val_PA_T_0053351_g711.wav,spoof,val,g711_8khz,PA,PA_0091,CA,spoof,"[80, 400]"
data/features/mfcc/val/PA_val_PA_T_0053351_g711.npy,mfcc,data/subset_g711/PA_val_PA_T_0053351_g711.wav,data/subset_g711/PA_val_PA_T_0053351_g711.wav,spoof,val,g711_8khz,PA,PA_0091,CA,spoof,"[20, 400]"
data/features/logmel/test/PA_test_PA_T_0005405_g711.npy,logmel,data/subset_g711/PA_test_PA_T_0005405_g711.wav,data/subset_g711/PA_test_PA_T_0005405_g711.wav,spoof,test,g711_8khz,PA,PA_0079,AA,spoof,"[80, 400]"
data/features/mfcc/test/PA_test_PA_T_0005405_g711.npy,mfcc,data/subset_g711/PA_test_PA_T_0005405_g711.wav,data/subset_g711/PA_test_PA_T_0005405_g711.wav,spoof,test,g711_8khz,PA,PA_0079,AA,spoof,"[20, 400]"
data/features/logmel/train/PA_train_PA_T_0050047_g711.npy,logmel,data/subset_g711/PA_train_PA_T_0050047_g711.wav,data/subset_g711/PA_train_PA_T_0050047_g711.wav,spoof,train,g711_8khz,PA,PA_0098,CA,spoof,"[80, 400]"
data/features/mfcc/train/PA_train_PA_T_0050047_g711.npy,mfcc,data/subset_g711/PA_train_PA_T_0050047_g711.wav,data/subset_g711/PA_train_PA_T_0050047_g711.wav,spoof,train,g711_8khz,PA,PA_0098,CA,spoof,"[20, 400]"
data/features/logmel/val/PA_val_PA_T_0011930_g711.npy,logmel,data/subset_g711/PA_val_PA_T_0011930_g711.wav,data/subset_g711/PA_val_PA_T_0011930_g711.wav,spoof,val,g711_8khz,PA,PA_0094,AC,spoof,"[80, 400]"
data/features/mfcc/val/PA_val_PA_T_0011930_g711.npy,mfcc,data/subset_g711/PA_val_PA_T_0011930_g711.wav,data/subset_g711/PA_val_PA_T_0011930_g711.wav,spoof,val,g711_8khz,PA,PA_0094,AC,spoof,"[20, 400]"
data/features/logmel/train/PA_train_PA_T_0008803_g711.npy,logmel,data/subset_g711/PA_train_PA_T_0008803_g711.wav,data/subset_g711/PA_train_PA_T_0008803_g711.wav,spoof,train,g711_8khz,PA,PA_0089,CB,spoof,"[80, 400]"
data/features/mfcc/train/PA_train_PA_T_0008803_g711.npy,mfcc,data/subset_g711/PA_train_PA_T_0008803_g711.wav,data/subset_g711/PA_train_PA_T_0008803_g711.wav,spoof,train,g711_8khz,PA,PA_0089,CB,spoof,"[20, 400]"
data/features/logmel/train/PA_train_PA_T_0037711_g711.npy,logmel,data/subset_g711/PA_train_PA_T_0037711_g711.wav,data/subset_g711/PA_train_PA_T_0037711_g711.wav,spoof,train,g711_8khz,PA,PA_0093,CC,spoof,"[80, 400]"
data/features/mfcc/train/PA_train_PA_T_0037711_g711.npy,mfcc,data/subset_g711/PA_train_PA_T_0037711_g711.wav,data/subset_g711/PA_train_PA_T_0037711_g711.wav,spoof,train,g711_8khz,PA,PA_0093,CC,spoof,"[20, 400]"
data/features/logmel/train/PA_train_PA_T_0005548_g711.npy,logmel,data/subset_g711/PA_train_PA_T_0005548_g711.wav,data/subset_g711/PA_train_PA_T_0005548_g711.wav,spoof,train,g711_8khz,PA,PA_0086,AA,spoof,"[80, 400]"
data/features/mfcc/train/PA_train_PA_T_0005548_g711.npy,mfcc,data/subset_g711/PA_train_PA_T_0005548_g711.wav,data/subset_g711/PA_train_PA_T_0005548_g711.wav,spoof,train,g711_8khz,PA,PA_0086,AA,spoof,"[20, 400]"
data/features/logmel/train/PA_train_PA_T_0037438_g711.npy,logmel,data/subset_g711/PA_train_PA_T_0037438_g711.wav,data/subset_g711/PA_train_PA_T_0037438_g711.wav,spoof,train,g711_8khz,PA,PA_0095,CB,spoof,"[80, 400]"
data/features/mfcc/train/PA_train_PA_T_0037438_g711.npy,mfcc,data/subset_g711/PA_train_PA_T_0037438_g711.wav,data/subset_g711/PA_train_PA_T_0037438_g711.wav,spoof,train,g711_8khz,PA,PA_0095,CB,spoof,"[20, 400]"
data/features/logmel/val/PA_val_PA_T_0048373_g711.npy,logmel,data/subset_g711/PA_val_PA_T_0048373_g711.wav,data/subset_g711/PA_val_PA_T_0048373_g711.wav,spoof,val,g711_8khz,PA,PA_0081,CC,spoof,"[80, 400]"
data/features/mfcc/val/PA_val_PA_T_0048373_g711.npy,mfcc,data/subset_g711/PA_val_PA_T_0048373_g711.wav,data/subset_g711/PA_val_PA_T_0048373_g711.wav,spoof,val,g711_8khz,PA,PA_0081,CC,spoof,"[20, 400]"
data/features/logmel/val/PA_val_PA_T_0034898_g711.npy,logmel,data/subset_g711/PA_val_PA_T_0034898_g711.wav,data/subset_g711/PA_val_PA_T_0034898_g711.wav,spoof,val,g711_8khz,PA,PA_0091,AC,spoof,"[80, 400]"
data/features/mfcc/val/PA_val_PA_T_0034898_g711.npy,mfcc,data/subset_g711/PA_val_PA_T_0034898_g711.wav,data/subset_g711/PA_val_PA_T_0034898_g711.wav,spoof,val,g711_8khz,PA,PA_0091,AC,spoof,"[20, 400]"
data/features/logmel/test/PA_test_PA_T_0021773_g711.npy,logmel,data/subset_g711/PA_test_PA_T_0021773_g711.wav,data/subset_g711/PA_test_PA_T_0021773_g711.wav,spoof,test,g711_8khz,PA,PA_0087,AA,spoof,"[80, 400]"
data/features/mfcc/test/PA_test_PA_T_0021773_g711.npy,mfcc,data/subset_g711/PA_test_PA_T_0021773_g711.wav,data/subset_g711/PA_test_PA_T_0021773_g711.wav,spoof,test,g711_8khz,PA,PA_0087,AA,spoof,"[20, 400]"
data/features/logmel/train/PA_train_PA_T_0048949_g711.npy,logmel,data/subset_g711/PA_train_PA_T_0048949_g711.wav,data/subset_g711/PA_train_PA_T_0048949_g711.wav,spoof,train,g711_8khz,PA,PA_0096,AA,spoof,"[80, 400]"
data/features/mfcc/train/PA_train_PA_T_0048949_g711.npy,mfcc,data/subset_g711/PA_train_PA_T_0048949_g711.wav,data/subset_g711/PA_train_PA_T_0048949_g711.wav,spoof,train,g711_8khz,PA,PA_0096,AA,spoof,"[20, 400]"
data/features/logmel/val/PA_val_PA_T_0005866_g711.npy,logmel,data/subset_g711/PA_val_PA_T_0005866_g711.wav,data/subset_g711/PA_val_PA_T_0005866_g711.wav,spoof,val,g711_8khz,PA,PA_0082,AB,spoof,"[80, 400]"
data/features/mfcc/val/PA_val_PA_T_0005866_g711.npy,mfcc,data/subset_g711/PA_val_PA_T_0005866_g711.wav,data/subset_g711/PA_val_PA_T_0005866_g711.wav,spoof,val,g711_8khz,PA,PA_0082,AB,spoof,"[20, 400]"
data/features/logmel/val/PA_val_PA_T_0019912_g711.npy,logmel,data/subset_g711/PA_val_PA_T_0019912_g711.wav,data/subset_g711/PA_val_PA_T_0019912_g711.wav,spoof,val,g711_8khz,PA,PA_0082,AB,spoof,"[80, 400]"
data/features/mfcc/val/PA_val_PA_T_0019912_g711.npy,mfcc,data/subset_g711/PA_val_PA_T_0019912_g711.wav,data/subset_g711/PA_val_PA_T_0019912_g711.wav,spoof,val,g711_8khz,PA,PA_0082,AB,spoof,"[20, 400]"
data/features/logmel/train/PA_train_PA_T_0025804_g711.npy,logmel,data/subset_g711/PA_train_PA_T_0025804_g711.wav,data/subset_g711/PA_train_PA_T_0025804_g711.wav,spoof,train,g711_8khz,PA,PA_0080,BB,spoof,"[80, 400]"
data/features/mfcc/train/PA_train_PA_T_0025804_g711.npy,mfcc,data/subset_g711/PA_train_PA_T_0025804_g711.wav,data/subset_g711/PA_train_PA_T_0025804_g711.wav,spoof,train,g711_8khz,PA,PA_0080,BB,spoof,"[20, 400]"
data/features/logmel/val/PA_val_PA_T_0042856_g711.npy,logmel,data/subset_g711/PA_val_PA_T_0042856_g711.wav,data/subset_g711/PA_val_PA_T_0042856_g711.wav,spoof,val,g711_8khz,PA,PA_0091,CB,spoof,"[80, 400]"
data/features/mfcc/val/PA_val_PA_T_0042856_g711.npy,mfcc,data/subset_g711/PA_val_PA_T_0042856_g711.wav,data/subset_g711/PA_val_PA_T_0042856_g711.wav,spoof,val,g711_8khz,PA,PA_0091,CB,spoof,"[20, 400]"
data/features/logmel/val/PA_val_PA_T_0041073_g711.npy,logmel,data/subset_g711/PA_val_PA_T_0041073_g711.wav,data/subset_g711/PA_val_PA_T_0041073_g711.wav,spoof,val,g711_8khz,PA,PA_0082,CB,spoof,"[80, 400]"
data/features/mfcc/val/PA_val_PA_T_0041073_g711.npy,mfcc,data/subset_g711/PA_val_PA_T_0041073_g711.wav,data/subset_g711/PA_val_PA_T_0041073_g711.wav,spoof,val,g711_8khz,PA,PA_0082,CB,spoof,"[20, 400]"
data/features/logmel/val/PA_val_PA_T_0017658_g711.npy,logmel,data/subset_g711/PA_val_PA_T_0017658_g711.wav,data/subset_g711/PA_val_PA_T_0017658_g711.wav,spoof,val,g711_8khz,PA,PA_0081,BC,spoof,"[80, 400]"
data/features/mfcc/val/PA_val_PA_T_0017658_g711.npy,mfcc,data/subset_g711/PA_val_PA_T_0017658_g711.wav,data/subset_g711/PA_val_PA_T_0017658_g711.wav,spoof,val,g711_8khz,PA,PA_0081,BC,spoof,"[20, 400]"
data/features/logmel/val/PA_val_PA_T_0016508_g711.npy,logmel,data/subset_g711/PA_val_PA_T_0016508_g711.wav,data/subset_g711/PA_val_PA_T_0016508_g711.wav,spoof,val,g711_8khz,PA,PA_0094,AA,spoof,"[80, 400]"
data/features/mfcc/val/PA_val_PA_T_0016508_g711.npy,mfcc,data/subset_g711/PA_val_PA_T_0016508_g711.wav,data/subset_g711/PA_val_PA_T_0016508_g711.wav,spoof,val,g711_8khz,PA,PA_0094,AA,spoof,"[20, 400]"
data/features/logmel/train/PA_train_PA_T_0037707_g711.npy,logmel,data/subset_g711/PA_train_PA_T_0037707_g711.wav,data/subset_g711/PA_train_PA_T_0037707_g711.wav,spoof,train,g711_8khz,PA,PA_0092,CC,spoof,"[80, 400]"
data/features/mfcc/train/PA_train_PA_T_0037707_g711.npy,mfcc,data/subset_g711/PA_train_PA_T_0037707_g711.wav,data/subset_g711/PA_train_PA_T_0037707_g711.wav,spoof,train,g711_8khz,PA,PA_0092,CC,spoof,"[20, 400]"
data/features/logmel/train/PA_train_PA_T_0022561_g711.npy,logmel,data/subset_g711/PA_train_PA_T_0022561_g711.wav,data/subset_g711/PA_train_PA_T_0022561_g711.wav,spoof,train,g711_8khz,PA,PA_0083,AC,spoof,"[80, 400]"
data/features/mfcc/train/PA_train_PA_T_0022561_g711.npy,mfcc,data/subset_g711/PA_train_PA_T_0022561_g711.wav,data/subset_g711/PA_train_PA_T_0022561_g711.wav,spoof,train,g711_8khz,PA,PA_0083,AC,spoof,"[20, 400]"
data/features/logmel/val/PA_val_PA_T_0007105_g711.npy,logmel,data/subset_g711/PA_val_PA_T_0007105_g711.wav,data/subset_g711/PA_val_PA_T_0007105_g711.wav,spoof,val,g711_8khz,PA,PA_0082,CC,spoof,"[80, 400]"
data/features/mfcc/val/PA_val_PA_T_0007105_g711.npy,mfcc,data/subset_g711/PA_val_PA_T_0007105_g711.wav,data/subset_g711/PA_val_PA_T_0007105_g711.wav,spoof,val,g711_8khz,PA,PA_0082,CC,spoof,"[20, 400]"
data/features/logmel/train/PA_train_PA_T_0029424_g711.npy,logmel,data/subset_g711/PA_train_PA_T_0029424_g711.wav,data/subset_g711/PA_train_PA_T_0029424_g711.wav,spoof,train,g711_8khz,PA,PA_0089,AC,spoof,"[80, 400]"
data/features/mfcc/train/PA_train_PA_T_0029424_g711.npy,mfcc,data/subset_g711/PA_train_PA_T_0029424_g711.wav,data/subset_g711/PA_train_PA_T_0029424_g711.wav,spoof,train,g711_8khz,PA,PA_0089,AC,spoof,"[20, 400]"
data/features/logmel/val/PA_val_PA_T_0034021_g711.npy,logmel,data/subset_g711/PA_val_PA_T_0034021_g711.wav,data/subset_g711/PA_val_PA_T_0034021_g711.wav,spoof,val,g711_8khz,PA,PA_0094,CB,spoof,"[80, 400]"
data/features/mfcc/val/PA_val_PA_T_0034021_g711.npy,mfcc,data/subset_g711/PA_val_PA_T_0034021_g711.wav,data/subset_g711/PA_val_PA_T_0034021_g711.wav,spoof,val,g711_8khz,PA,PA_0094,CB,spoof,"[20, 400]"
data/features/logmel/val/PA_val_PA_T_0049867_g711.npy,logmel,data/subset_g711/PA_val_PA_T_0049867_g711.wav,data/subset_g711/PA_val_PA_T_0049867_g711.wav,spoof,val,g711_8khz,PA,PA_0091,BC,spoof,"[80, 400]"
data/features/mfcc/val/PA_val_PA_T_0049867_g711.npy,mfcc,data/subset_g711/PA_val_PA_T_0049867_g711.wav,data/subset_g711/PA_val_PA_T_0049867_g711.wav,spoof,val,g711_8khz,PA,PA_0091,BC,spoof,"[20, 400]"
data/features/logmel/train/PA_train_PA_T_0030793_g711.npy,logmel,data/subset_g711/PA_train_PA_T_0030793_g711.wav,data/subset_g711/PA_train_PA_T_0030793_g711.wav,spoof,train,g711_8khz,PA,PA_0088,AB,spoof,"[80, 400]"
data/features/mfcc/train/PA_train_PA_T_0030793_g711.npy,mfcc,data/subset_g711/PA_train_PA_T_0030793_g711.wav,data/subset_g711/PA_train_PA_T_0030793_g711.wav,spoof,train,g711_8khz,PA,PA_0088,AB,spoof,"[20, 400]"
data/features/logmel/val/PA_val_PA_T_0047834_g711.npy,logmel,data/subset_g711/PA_val_PA_T_0047834_g711.wav,data/subset_g711/PA_val_PA_T_0047834_g711.wav,spoof,val,g711_8khz,PA,PA_0081,CA,spoof,"[80, 400]"
data/features/mfcc/val/PA_val_PA_T_0047834_g711.npy,mfcc,data/subset_g711/PA_val_PA_T_0047834_g711.wav,data/subset_g711/PA_val_PA_T_0047834_g711.wav,spoof,val,g711_8khz,PA,PA_0081,CA,spoof,"[20, 400]"
data/features/logmel/train/PA_train_PA_T_0010105_g711.npy,logmel,data/subset_g711/PA_train_PA_T_0010105_g711.wav,data/subset_g711/PA_train_PA_T_0010105_g711.wav,spoof,train,g711_8khz,PA,PA_0086,CA,spoof,"[80, 400]"
data/features/mfcc/train/PA_train_PA_T_0010105_g711.npy,mfcc,data/subset_g711/PA_train_PA_T_0010105_g711.wav,data/subset_g711/PA_train_PA_T_0010105_g711.wav,spoof,train,g711_8khz,PA,PA_0086,CA,spoof,"[20, 400]"
data/features/logmel/val/PA_val_PA_T_0014821_g711.npy,logmel,data/subset_g711/PA_val_PA_T_0014821_g711.wav,data/subset_g711/PA_val_PA_T_0014821_g711.wav,spoof,val,g711_8khz,PA,PA_0094,AC,spoof,"[80, 400]"
data/features/mfcc/val/PA_val_PA_T_0014821_g711.npy,mfcc,data/subset_g711/PA_val_PA_T_0014821_g711.wav,data/subset_g711/PA_val_PA_T_0014821_g711.wav,spoof,val,g711_8khz,PA,PA_0094,AC,spoof,"[20, 400]"
data/features/logmel/val/PA_val_PA_T_0008142_g711.npy,logmel,data/subset_g711/PA_val_PA_T_0008142_g711.wav,data/subset_g711/PA_val_PA_T_0008142_g711.wav,spoof,val,g711_8khz,PA,PA_0091,BA,spoof,"[80, 400]"
data/features/mfcc/val/PA_val_PA_T_0008142_g711.npy,mfcc,data/subset_g711/PA_val_PA_T_0008142_g711.wav,data/subset_g711/PA_val_PA_T_0008142_g711.wav,spoof,val,g711_8khz,PA,PA_0091,BA,spoof,"[20, 400]"
data/features/logmel/val/PA_val_PA_T_0013795_g711.npy,logmel,data/subset_g711/PA_val_PA_T_0013795_g711.wav,data/subset_g711/PA_val_PA_T_0013795_g711.wav,spoof,val,g711_8khz,PA,PA_0081,BC,spoof,"[80, 400]"
data/features/mfcc/val/PA_val_PA_T_0013795_g711.npy,mfcc,data/subset_g711/PA_val_PA_T_0013795_g711.wav,data/subset_g711/PA_val_PA_T_0013795_g711.wav,spoof,val,g711_8khz,PA,PA_0081,BC,spoof,"[20, 400]"
data/features/logmel/train/PA_train_PA_T_0044738_g711.npy,logmel,data/subset_g711/PA_train_PA_T_0044738_g711.wav,data/subset_g711/PA_train_PA_T_0044738_g711.wav,spoof,train,g711_8khz,PA,PA_0086,CB,spoof,"[80, 400]"
data/features/mfcc/train/PA_train_PA_T_0044738_g711.npy,mfcc,data/subset_g711/PA_train_PA_T_0044738_g711.wav,data/subset_g711/PA_train_PA_T_0044738_g711.wav,spoof,train,g711_8khz,PA,PA_0086,CB,spoof,"[20, 400]"
data/features/logmel/train/PA_train_PA_T_0050340_g711.npy,logmel,data/subset_g711/PA_train_PA_T_0050340_g711.wav,data/subset_g711/PA_train_PA_T_0050340_g711.wav,spoof,train,g711_8khz,PA,PA_0092,CC,spoof,"[80, 400]"
data/features/mfcc/train/PA_train_PA_T_0050340_g711.npy,mfcc,data/subset_g711/PA_train_PA_T_0050340_g711.wav,data/subset_g711/PA_train_PA_T_0050340_g711.wav,spoof,train,g711_8khz,PA,PA_0092,CC,spoof,"[20, 400]"
data/features/logmel/train/PA_train_PA_T_0014302_g711.npy,logmel,data/subset_g711/PA_train_PA_T_0014302_g711.wav,data/subset_g711/PA_train_PA_T_0014302_g711.wav,spoof,train,g711_8khz,PA,PA_0084,CC,spoof,"[80, 400]"
data/features/mfcc/train/PA_train_PA_T_0014302_g711.npy,mfcc,data/subset_g711/PA_train_PA_T_0014302_g711.wav,data/subset_g711/PA_train_PA_T_0014302_g711.wav,spoof,train,g711_8khz,PA,PA_0084,CC,spoof,"[20, 400]"
data/features/logmel/val/PA_val_PA_T_0021501_g711.npy,logmel,data/subset_g711/PA_val_PA_T_0021501_g711.wav,data/subset_g711/PA_val_PA_T_0021501_g711.wav,spoof,val,g711_8khz,PA,PA_0091,CC,spoof,"[80, 400]"
data/features/mfcc/val/PA_val_PA_T_0021501_g711.npy,mfcc,data/subset_g711/PA_val_PA_T_0021501_g711.wav,data/subset_g711/PA_val_PA_T_0021501_g711.wav,spoof,val,g711_8khz,PA,PA_0091,CC,spoof,"[20, 400]"
data/features/logmel/test/PA_test_PA_T_0034587_g711.npy,logmel,data/subset_g711/PA_test_PA_T_0034587_g711.wav,data/subset_g711/PA_test_PA_T_0034587_g711.wav,spoof,test,g711_8khz,PA,PA_0087,AB,spoof,"[80, 400]"
data/features/mfcc/test/PA_test_PA_T_0034587_g711.npy,mfcc,data/subset_g711/PA_test_PA_T_0034587_g711.wav,data/subset_g711/PA_test_PA_T_0034587_g711.wav,spoof,test,g711_8khz,PA,PA_0087,AB,spoof,"[20, 400]"
data/features/logmel/test/PA_test_PA_T_0018252_g711.npy,logmel,data/subset_g711/PA_test_PA_T_0018252_g711.wav,data/subset_g711/PA_test_PA_T_0018252_g711.wav,spoof,test,g711_8khz,PA,PA_0079,AB,spoof,"[80, 400]"
data/features/mfcc/test/PA_test_PA_T_0018252_g711.npy,mfcc,data/subset_g711/PA_test_PA_T_0018252_g711.wav,data/subset_g711/PA_test_PA_T_0018252_g711.wav,spoof,test,g711_8khz,PA,PA_0079,AB,spoof,"[20, 400]"
data/features/logmel/val/PA_val_PA_T_0019347_g711.npy,logmel,data/subset_g711/PA_val_PA_T_0019347_g711.wav,data/subset_g711/PA_val_PA_T_0019347_g711.wav,spoof,val,g711_8khz,PA,PA_0091,BC,spoof,"[80, 400]"
data/features/mfcc/val/PA_val_PA_T_0019347_g711.npy,mfcc,data/subset_g711/PA_val_PA_T_0019347_g711.wav,data/subset_g711/PA_val_PA_T_0019347_g711.wav,spoof,val,g711_8khz,PA,PA_0091,BC,spoof,"[20, 400]"
data/features/logmel/train/PA_train_PA_T_0053638_g711.npy,logmel,data/subset_g711/PA_train_PA_T_0053638_g711.wav,data/subset_g711/PA_train_PA_T_0053638_g711.wav,spoof,train,g711_8khz,PA,PA_0092,CB,spoof,"[80, 400]"
data/features/mfcc/train/PA_train_PA_T_0053638_g711.npy,mfcc,data/subset_g711/PA_train_PA_T_0053638_g711.wav,data/subset_g711/PA_train_PA_T_0053638_g711.wav,spoof,train,g711_8khz,PA,PA_0092,CB,spoof,"[20, 400]"
data/features/logmel/train/PA_train_PA_T_0034066_g711.npy,logmel,data/subset_g711/PA_train_PA_T_0034066_g711.wav,data/subset_g711/PA_train_PA_T_0034066_g711.wav,spoof,train,g711_8khz,PA,PA_0080,CC,spoof,"[80, 400]"
data/features/mfcc/train/PA_train_PA_T_0034066_g711.npy,mfcc,data/subset_g711/PA_train_PA_T_0034066_g711.wav,data/subset_g711/PA_train_PA_T_0034066_g711.wav,spoof,train,g711_8khz,PA,PA_0080,CC,spoof,"[20, 400]"
data/features/logmel/train/PA_train_PA_T_0026834_g711.npy,logmel,data/subset_g711/PA_train_PA_T_0026834_g711.wav,data/subset_g711/PA_train_PA_T_0026834_g711.wav,spoof,train,g711_8khz,PA,PA_0088,CC,spoof,"[80, 400]"
data/features/mfcc/train/PA_train_PA_T_0026834_g711.npy,mfcc,data/subset_g711/PA_train_PA_T_0026834_g711.wav,data/subset_g711/PA_train_PA_T_0026834_g711.wav,spoof,train,g711_8khz,PA,PA_0088,CC,spoof,"[20, 400]"
data/features/logmel/val/PA_val_PA_T_0049319_g711.npy,logmel,data/subset_g711/PA_val_PA_T_0049319_g711.wav,data/subset_g711/PA_val_PA_T_0049319_g711.wav,spoof,val,g711_8khz,PA,PA_0094,AB,spoof,"[80, 400]"
data/features/mfcc/val/PA_val_PA_T_0049319_g711.npy,mfcc,data/subset_g711/PA_val_PA_T_0049319_g711.wav,data/subset_g711/PA_val_PA_T_0049319_g711.wav,spoof,val,g711_8khz,PA,PA_0094,AB,spoof,"[20, 400]"
data/features/logmel/test/PA_test_PA_T_0023874_g711.npy,logmel,data/subset_g711/PA_test_PA_T_0023874_g711.wav,data/subset_g711/PA_test_PA_T_0023874_g711.wav,spoof,test,g711_8khz,PA,PA_0079,AC,spoof,"[80, 400]"
data/features/mfcc/test/PA_test_PA_T_0023874_g711.npy,mfcc,data/subset_g711/PA_test_PA_T_0023874_g711.wav,data/subset_g711/PA_test_PA_T_0023874_g711.wav,spoof,test,g711_8khz,PA,PA_0079,AC,spoof,"[20, 400]"
data/features/logmel/val/PA_val_PA_T_0049893_g711.npy,logmel,data/subset_g711/PA_val_PA_T_0049893_g711.wav,data/subset_g711/PA_val_PA_T_0049893_g711.wav,spoof,val,g711_8khz,PA,PA_0081,CA,spoof,"[80, 400]"
data/features/mfcc/val/PA_val_PA_T_0049893_g711.npy,mfcc,data/subset_g711/PA_val_PA_T_0049893_g711.wav,data/subset_g711/PA_val_PA_T_0049893_g711.wav,spoof,val,g711_8khz,PA,PA_0081,CA,spoof,"[20, 400]"
data/features/logmel/train/PA_train_PA_T_0036861_g711.npy,logmel,data/subset_g711/PA_train_PA_T_0036861_g711.wav,data/subset_g711/PA_train_PA_T_0036861_g711.wav,spoof,train,g711_8khz,PA,PA_0098,BC,spoof,"[80, 400]"
data/features/mfcc/train/PA_train_PA_T_0036861_g711.npy,mfcc,data/subset_g711/PA_train_PA_T_0036861_g711.wav,data/subset_g711/PA_train_PA_T_0036861_g711.wav,spoof,train,g711_8khz,PA,PA_0098,BC,spoof,"[20, 400]"
data/features/logmel/train/PA_train_PA_T_0051504_g711.npy,logmel,data/subset_g711/PA_train_PA_T_0051504_g711.wav,data/subset_g711/PA_train_PA_T_0051504_g711.wav,spoof,train,g711_8khz,PA,PA_0083,BC,spoof,"[80, 400]"
data/features/mfcc/train/PA_train_PA_T_0051504_g711.npy,mfcc,data/subset_g711/PA_train_PA_T_0051504_g711.wav,data/subset_g711/PA_train_PA_T_0051504_g711.wav,spoof,train,g711_8khz,PA,PA_0083,BC,spoof,"[20, 400]"
data/features/logmel/val/PA_val_PA_T_0030047_g711.npy,logmel,data/subset_g711/PA_val_PA_T_0030047_g711.wav,data/subset_g711/PA_val_PA_T_0030047_g711.wav,spoof,val,g711_8khz,PA,PA_0082,CA,spoof,"[80, 400]"
data/features/mfcc/val/PA_val_PA_T_0030047_g711.npy,mfcc,data/subset_g711/PA_val_PA_T_0030047_g711.wav,data/subset_g711/PA_val_PA_T_0030047_g711.wav,spoof,val,g711_8khz,PA,PA_0082,CA,spoof,"[20, 400]"
data/features/logmel/val/PA_val_PA_T_0018440_g711.npy,logmel,data/subset_g711/PA_val_PA_T_0018440_g711.wav,data/subset_g711/PA_val_PA_T_0018440_g711.wav,spoof,val,g711_8khz,PA,PA_0094,AB,spoof,"[80, 400]"
data/features/mfcc/val/PA_val_PA_T_0018440_g711.npy,mfcc,data/subset_g711/PA_val_PA_T_0018440_g711.wav,data/subset_g711/PA_val_PA_T_0018440_g711.wav,spoof,val,g711_8khz,PA,PA_0094,AB,spoof,"[20, 400]"
data/features/logmel/val/PA_val_PA_T_0045944_g711.npy,logmel,data/subset_g711/PA_val_PA_T_0045944_g711.wav,data/subset_g711/PA_val_PA_T_0045944_g711.wav,spoof,val,g711_8khz,PA,PA_0081,BB,spoof,"[80, 400]"
data/features/mfcc/val/PA_val_PA_T_0045944_g711.npy,mfcc,data/subset_g711/PA_val_PA_T_0045944_g711.wav,data/subset_g711/PA_val_PA_T_0045944_g711.wav,spoof,val,g711_8khz,PA,PA_0081,BB,spoof,"[20, 400]"
data/features/logmel/train/PA_train_PA_T_0042083_g711.npy,logmel,data/subset_g711/PA_train_PA_T_0042083_g711.wav,data/subset_g711/PA_train_PA_T_0042083_g711.wav,spoof,train,g711_8khz,PA,PA_0088,BB,spoof,"[80, 400]"
data/features/mfcc/train/PA_train_PA_T_0042083_g711.npy,mfcc,data/subset_g711/PA_train_PA_T_0042083_g711.wav,data/subset_g711/PA_train_PA_T_0042083_g711.wav,spoof,train,g711_8khz,PA,PA_0088,BB,spoof,"[20, 400]"
data/features/logmel/train/PA_train_PA_T_0029473_g711.npy,logmel,data/subset_g711/PA_train_PA_T_0029473_g711.wav,data/subset_g711/PA_train_PA_T_0029473_g711.wav,spoof,train,g711_8khz,PA,PA_0093,AC,spoof,"[80, 400]"
data/features/mfcc/train/PA_train_PA_T_0029473_g711.npy,mfcc,data/subset_g711/PA_train_PA_T_0029473_g711.wav,data/subset_g711/PA_train_PA_T_0029473_g711.wav,spoof,train,g711_8khz,PA,PA_0093,AC,spoof,"[20, 400]"
data/features/logmel/train/PA_train_PA_T_0022569_g711.npy,logmel,data/subset_g711/PA_train_PA_T_0022569_g711.wav,data/subset_g711/PA_train_PA_T_0022569_g711.wav,spoof,train,g711_8khz,PA,PA_0084,AC,spoof,"[80, 400]"
data/features/mfcc/train/PA_train_PA_T_0022569_g711.npy,mfcc,data/subset_g711/PA_train_PA_T_0022569_g711.wav,data/subset_g711/PA_train_PA_T_0022569_g711.wav,spoof,train,g711_8khz,PA,PA_0084,AC,spoof,"[20, 400]"
data/features/logmel/train/PA_train_PA_T_0029792_g711.npy,logmel,data/subset_g711/PA_train_PA_T_0029792_g711.wav,data/subset_g711/PA_train_PA_T_0029792_g711.wav,spoof,train,g711_8khz,PA,PA_0090,BB,spoof,"[80, 400]"
data/features/mfcc/train/PA_train_PA_T_0029792_g711.npy,mfcc,data/subset_g711/PA_train_PA_T_0029792_g711.wav,data/subset_g711/PA_train_PA_T_0029792_g711.wav,spoof,train,g711_8khz,PA,PA_0090,BB,spoof,"[20, 400]"
data/features/logmel/train/PA_train_PA_T_0007301_g711.npy,logmel,data/subset_g711/PA_train_PA_T_0007301_g711.wav,data/subset_g711/PA_train_PA_T_0007301_g711.wav,spoof,train,g711_8khz,PA,PA_0086,AA,spoof,"[80, 400]"
data/features/mfcc/train/PA_train_PA_T_0007301_g711.npy,mfcc,data/subset_g711/PA_train_PA_T_0007301_g711.wav,data/subset_g711/PA_train_PA_T_0007301_g711.wav,spoof,train,g711_8khz,PA,PA_0086,AA,spoof,"[20, 400]"
data/features/logmel/train/PA_train_PA_T_0012121_g711.npy,logmel,data/subset_g711/PA_train_PA_T_0012121_g711.wav,data/subset_g711/PA_train_PA_T_0012121_g711.wav,spoof,train,g711_8khz,PA,PA_0084,BB,spoof,"[80, 400]"
data/features/mfcc/train/PA_train_PA_T_0012121_g711.npy,mfcc,data/subset_g711/PA_train_PA_T_0012121_g711.wav,data/subset_g711/PA_train_PA_T_0012121_g711.wav,spoof,train,g711_8khz,PA,PA_0084,BB,spoof,"[20, 400]"
data/features/logmel/val/PA_val_PA_T_0027255_g711.npy,logmel,data/subset_g711/PA_val_PA_T_0027255_g711.wav,data/subset_g711/PA_val_PA_T_0027255_g711.wav,spoof,val,g711_8khz,PA,PA_0091,AA,spoof,"[80, 400]"
data/features/mfcc/val/PA_val_PA_T_0027255_g711.npy,mfcc,data/subset_g711/PA_val_PA_T_0027255_g711.wav,data/subset_g711/PA_val_PA_T_0027255_g711.wav,spoof,val,g711_8khz,PA,PA_0091,AA,spoof,"[20, 400]"
data/features/logmel/train/PA_train_PA_T_0018316_g711.npy,logmel,data/subset_g711/PA_train_PA_T_0018316_g711.wav,data/subset_g711/PA_train_PA_T_0018316_g711.wav,spoof,train,g711_8khz,PA,PA_0084,AB,spoof,"[80, 400]"
data/features/mfcc/train/PA_train_PA_T_0018316_g711.npy,mfcc,data/subset_g711/PA_train_PA_T_0018316_g711.wav,data/subset_g711/PA_train_PA_T_0018316_g711.wav,spoof,train,g711_8khz,PA,PA_0084,AB,spoof,"[20, 400]"
data/features/logmel/train/PA_train_PA_T_0031259_g711.npy,logmel,data/subset_g711/PA_train_PA_T_0031259_g711.wav,data/subset_g711/PA_train_PA_T_0031259_g711.wav,spoof,train,g711_8khz,PA,PA_0088,BB,spoof,"[80, 400]"
data/features/mfcc/train/PA_train_PA_T_0031259_g711.npy,mfcc,data/subset_g711/PA_train_PA_T_0031259_g711.wav,data/subset_g711/PA_train_PA_T_0031259_g711.wav,spoof,train,g711_8khz,PA,PA_0088,BB,spoof,"[20, 400]"
data/features/logmel/val/PA_val_PA_T_0013106_g711.npy,logmel,data/subset_g711/PA_val_PA_T_0013106_g711.wav,data/subset_g711/PA_val_PA_T_0013106_g711.wav,spoof,val,g711_8khz,PA,PA_0081,AC,spoof,"[80, 400]"
data/features/mfcc/val/PA_val_PA_T_0013106_g711.npy,mfcc,data/subset_g711/PA_val_PA_T_0013106_g711.wav,data/subset_g711/PA_val_PA_T_0013106_g711.wav,spoof,val,g711_8khz,PA,PA_0081,AC,spoof,"[20, 400]"
data/features/logmel/train/PA_train_PA_T_0013321_g711.npy,logmel,data/subset_g711/PA_train_PA_T_0013321_g711.wav,data/subset_g711/PA_train_PA_T_0013321_g711.wav,spoof,train,g711_8khz,PA,PA_0080,BA,spoof,"[80, 400]"
data/features/mfcc/train/PA_train_PA_T_0013321_g711.npy,mfcc,data/subset_g711/PA_train_PA_T_0013321_g711.wav,data/subset_g711/PA_train_PA_T_0013321_g711.wav,spoof,train,g711_8khz,PA,PA_0080,BA,spoof,"[20, 400]"
data/features/logmel/train/PA_train_PA_T_0027229_g711.npy,logmel,data/subset_g711/PA_train_PA_T_0027229_g711.wav,data/subset_g711/PA_train_PA_T_0027229_g711.wav,spoof,train,g711_8khz,PA,PA_0089,AA,spoof,"[80, 400]"
data/features/mfcc/train/PA_train_PA_T_0027229_g711.npy,mfcc,data/subset_g711/PA_train_PA_T_0027229_g711.wav,data/subset_g711/PA_train_PA_T_0027229_g711.wav,spoof,train,g711_8khz,PA,PA_0089,AA,spoof,"[20, 400]"
data/features/logmel/test/PA_test_PA_T_0036693_g711.npy,logmel,data/subset_g711/PA_test_PA_T_0036693_g711.wav,data/subset_g711/PA_test_PA_T_0036693_g711.wav,spoof,test,g711_8khz,PA,PA_0097,BB,spoof,"[80, 400]"
data/features/mfcc/test/PA_test_PA_T_0036693_g711.npy,mfcc,data/subset_g711/PA_test_PA_T_0036693_g711.wav,data/subset_g711/PA_test_PA_T_0036693_g711.wav,spoof,test,g711_8khz,PA,PA_0097,BB,spoof,"[20, 400]"
data/features/logmel/train/PA_train_PA_T_0039182_g711.npy,logmel,data/subset_g711/PA_train_PA_T_0039182_g711.wav,data/subset_g711/PA_train_PA_T_0039182_g711.wav,spoof,train,g711_8khz,PA,PA_0090,BC,spoof,"[80, 400]"
data/features/mfcc/train/PA_train_PA_T_0039182_g711.npy,mfcc,data/subset_g711/PA_train_PA_T_0039182_g711.wav,data/subset_g711/PA_train_PA_T_0039182_g711.wav,spoof,train,g711_8khz,PA,PA_0090,BC,spoof,"[20, 400]"
data/features/logmel/train/PA_train_PA_T_0024917_g711.npy,logmel,data/subset_g711/PA_train_PA_T_0024917_g711.wav,data/subset_g711/PA_train_PA_T_0024917_g711.wav,spoof,train,g711_8khz,PA,PA_0090,CB,spoof,"[80, 400]"
data/features/mfcc/train/PA_train_PA_T_0024917_g711.npy,mfcc,data/subset_g711/PA_train_PA_T_0024917_g711.wav,data/subset_g711/PA_train_PA_T_0024917_g711.wav,spoof,train,g711_8khz,PA,PA_0090,CB,spoof,"[20, 400]"
data/features/logmel/train/PA_train_PA_T_0053347_g711.npy,logmel,data/subset_g711/PA_train_PA_T_0053347_g711.wav,data/subset_g711/PA_train_PA_T_0053347_g711.wav,spoof,train,g711_8khz,PA,PA_0090,CA,spoof,"[80, 400]"
data/features/mfcc/train/PA_train_PA_T_0053347_g711.npy,mfcc,data/subset_g711/PA_train_PA_T_0053347_g711.wav,data/subset_g711/PA_train_PA_T_0053347_g711.wav,spoof,train,g711_8khz,PA,PA_0090,CA,spoof,"[20, 400]"
data/features/logmel/train/PA_train_PA_T_0023595_g711.npy,logmel,data/subset_g711/PA_train_PA_T_0023595_g711.wav,data/subset_g711/PA_train_PA_T_0023595_g711.wav,spoof,train,g711_8khz,PA,PA_0095,AA,spoof,"[80, 400]"
data/features/mfcc/train/PA_train_PA_T_0023595_g711.npy,mfcc,data/subset_g711/PA_train_PA_T_0023595_g711.wav,data/subset_g711/PA_train_PA_T_0023595_g711.wav,spoof,train,g711_8khz,PA,PA_0095,AA,spoof,"[20, 400]"
data/features/logmel/train/PA_train_PA_T_0038983_g711.npy,logmel,data/subset_g711/PA_train_PA_T_0038983_g711.wav,data/subset_g711/PA_train_PA_T_0038983_g711.wav,spoof,train,g711_8khz,PA,PA_0092,AC,spoof,"[80, 400]"
data/features/mfcc/train/PA_train_PA_T_0038983_g711.npy,mfcc,data/subset_g711/PA_train_PA_T_0038983_g711.wav,data/subset_g711/PA_train_PA_T_0038983_g711.wav,spoof,train,g711_8khz,PA,PA_0092,AC,spoof,"[20, 400]"
data/features/logmel/train/PA_train_PA_T_0036591_g711.npy,logmel,data/subset_g711/PA_train_PA_T_0036591_g711.wav,data/subset_g711/PA_train_PA_T_0036591_g711.wav,spoof,train,g711_8khz,PA,PA_0083,BB,spoof,"[80, 400]"
data/features/mfcc/train/PA_train_PA_T_0036591_g711.npy,mfcc,data/subset_g711/PA_train_PA_T_0036591_g711.wav,data/subset_g711/PA_train_PA_T_0036591_g711.wav,spoof,train,g711_8khz,PA,PA_0083,BB,spoof,"[20, 400]"
data/features/logmel/val/PA_val_PA_T_0024300_g711.npy,logmel,data/subset_g711/PA_val_PA_T_0024300_g711.wav,data/subset_g711/PA_val_PA_T_0024300_g711.wav,spoof,val,g711_8khz,PA,PA_0082,BB,spoof,"[80, 400]"
data/features/mfcc/val/PA_val_PA_T_0024300_g711.npy,mfcc,data/subset_g711/PA_val_PA_T_0024300_g711.wav,data/subset_g711/PA_val_PA_T_0024300_g711.wav,spoof,val,g711_8khz,PA,PA_0082,BB,spoof,"[20, 400]"
data/features/logmel/train/PA_train_PA_T_0048359_g711.npy,logmel,data/subset_g711/PA_train_PA_T_0048359_g711.wav,data/subset_g711/PA_train_PA_T_0048359_g711.wav,spoof,train,g711_8khz,PA,PA_0080,CC,spoof,"[80, 400]"
data/features/mfcc/train/PA_train_PA_T_0048359_g711.npy,mfcc,data/subset_g711/PA_train_PA_T_0048359_g711.wav,data/subset_g711/PA_train_PA_T_0048359_g711.wav,spoof,train,g711_8khz,PA,PA_0080,CC,spoof,"[20, 400]"
data/features/logmel/train/PA_train_PA_T_0014804_g711.npy,logmel,data/subset_g711/PA_train_PA_T_0014804_g711.wav,data/subset_g711/PA_train_PA_T_0014804_g711.wav,spoof,train,g711_8khz,PA,PA_0092,AC,spoof,"[80, 400]"
data/features/mfcc/train/PA_train_PA_T_0014804_g711.npy,mfcc,data/subset_g711/PA_train_PA_T_0014804_g711.wav,data/subset_g711/PA_train_PA_T_0014804_g711.wav,spoof,train,g711_8khz,PA,PA_0092,AC,spoof,"[20, 400]"
data/features/logmel/val/PA_val_PA_T_0035647_g711.npy,logmel,data/subset_g711/PA_val_PA_T_0035647_g711.wav,data/subset_g711/PA_val_PA_T_0035647_g711.wav,spoof,val,g711_8khz,PA,PA_0082,CB,spoof,"[80, 400]"
data/features/mfcc/val/PA_val_PA_T_0035647_g711.npy,mfcc,data/subset_g711/PA_val_PA_T_0035647_g711.wav,data/subset_g711/PA_val_PA_T_0035647_g711.wav,spoof,val,g711_8khz,PA,PA_0082,CB,spoof,"[20, 400]"
data/features/logmel/train/PA_train_PA_T_0022177_g711.npy,logmel,data/subset_g711/PA_train_PA_T_0022177_g711.wav,data/subset_g711/PA_train_PA_T_0022177_g711.wav,spoof,train,g711_8khz,PA,PA_0085,AB,spoof,"[80, 400]"
data/features/mfcc/train/PA_train_PA_T_0022177_g711.npy,mfcc,data/subset_g711/PA_train_PA_T_0022177_g711.wav,data/subset_g711/PA_train_PA_T_0022177_g711.wav,spoof,train,g711_8khz,PA,PA_0085,AB,spoof,"[20, 400]"
data/features/logmel/test/PA_test_PA_T_0019203_g711.npy,logmel,data/subset_g711/PA_test_PA_T_0019203_g711.wav,data/subset_g711/PA_test_PA_T_0019203_g711.wav,spoof,test,g711_8khz,PA,PA_0079,BC,spoof,"[80, 400]"
data/features/mfcc/test/PA_test_PA_T_0019203_g711.npy,mfcc,data/subset_g711/PA_test_PA_T_0019203_g711.wav,data/subset_g711/PA_test_PA_T_0019203_g711.wav,spoof,test,g711_8khz,PA,PA_0079,BC,spoof,"[20, 400]"
data/features/logmel/train/PA_train_PA_T_0051914_g711.npy,logmel,data/subset_g711/PA_train_PA_T_0051914_g711.wav,data/subset_g711/PA_train_PA_T_0051914_g711.wav,spoof,train,g711_8khz,PA,PA_0088,CB,spoof,"[80, 400]"
data/features/mfcc/train/PA_train_PA_T_0051914_g711.npy,mfcc,data/subset_g711/PA_train_PA_T_0051914_g711.wav,data/subset_g711/PA_train_PA_T_0051914_g711.wav,spoof,train,g711_8khz,PA,PA_0088,CB,spoof,"[20, 400]"
data/features/logmel/train/PA_train_PA_T_0040500_g711.npy,logmel,data/subset_g711/PA_train_PA_T_0040500_g711.wav,data/subset_g711/PA_train_PA_T_0040500_g711.wav,spoof,train,g711_8khz,PA,PA_0093,BA,spoof,"[80, 400]"
data/features/mfcc/train/PA_train_PA_T_0040500_g711.npy,mfcc,data/subset_g711/PA_train_PA_T_0040500_g711.wav,data/subset_g711/PA_train_PA_T_0040500_g711.wav,spoof,train,g711_8khz,PA,PA_0093,BA,spoof,"[20, 400]"
data/features/logmel/val/PA_val_PA_T_0052262_g711.npy,logmel,data/subset_g711/PA_val_PA_T_0052262_g711.wav,data/subset_g711/PA_val_PA_T_0052262_g711.wav,spoof,val,g711_8khz,PA,PA_0091,AA,spoof,"[80, 400]"
data/features/mfcc/val/PA_val_PA_T_0052262_g711.npy,mfcc,data/subset_g711/PA_val_PA_T_0052262_g711.wav,data/subset_g711/PA_val_PA_T_0052262_g711.wav,spoof,val,g711_8khz,PA,PA_0091,AA,spoof,"[20, 400]"
data/features/logmel/train/PA_train_PA_T_0028777_g711.npy,logmel,data/subset_g711/PA_train_PA_T_0028777_g711.wav,data/subset_g711/PA_train_PA_T_0028777_g711.wav,spoof,train,g711_8khz,PA,PA_0095,CC,spoof,"[80, 400]"
data/features/mfcc/train/PA_train_PA_T_0028777_g711.npy,mfcc,data/subset_g711/PA_train_PA_T_0028777_g711.wav,data/subset_g711/PA_train_PA_T_0028777_g711.wav,spoof,train,g711_8khz,PA,PA_0095,CC,spoof,"[20, 400]"
data/features/logmel/train/PA_train_PA_T_0048822_g711.npy,logmel,data/subset_g711/PA_train_PA_T_0048822_g711.wav,data/subset_g711/PA_train_PA_T_0048822_g711.wav,spoof,train,g711_8khz,PA,PA_0089,AA,spoof,"[80, 400]"
data/features/mfcc/train/PA_train_PA_T_0048822_g711.npy,mfcc,data/subset_g711/PA_train_PA_T_0048822_g711.wav,data/subset_g711/PA_train_PA_T_0048822_g711.wav,spoof,train,g711_8khz,PA,PA_0089,AA,spoof,"[20, 400]"
data/features/logmel/train/PA_train_PA_T_0038113_g711.npy,logmel,data/subset_g711/PA_train_PA_T_0038113_g711.wav,data/subset_g711/PA_train_PA_T_0038113_g711.wav,spoof,train,g711_8khz,PA,PA_0093,AA,spoof,"[80, 400]"
data/features/mfcc/train/PA_train_PA_T_0038113_g711.npy,mfcc,data/subset_g711/PA_train_PA_T_0038113_g711.wav,data/subset_g711/PA_train_PA_T_0038113_g711.wav,spoof,train,g711_8khz,PA,PA_0093,AA,spoof,"[20, 400]"
data/features/logmel/train/PA_train_PA_T_0048590_g711.npy,logmel,data/subset_g711/PA_train_PA_T_0048590_g711.wav,data/subset_g711/PA_train_PA_T_0048590_g711.wav,spoof,train,g711_8khz,PA,PA_0098,CC,spoof,"[80, 400]"
data/features/mfcc/train/PA_train_PA_T_0048590_g711.npy,mfcc,data/subset_g711/PA_train_PA_T_0048590_g711.wav,data/subset_g711/PA_train_PA_T_0048590_g711.wav,spoof,train,g711_8khz,PA,PA_0098,CC,spoof,"[20, 400]"
data/features/logmel/val/PA_val_PA_T_0046874_g711.npy,logmel,data/subset_g711/PA_val_PA_T_0046874_g711.wav,data/subset_g711/PA_val_PA_T_0046874_g711.wav,spoof,val,g711_8khz,PA,PA_0091,AA,spoof,"[80, 400]"
data/features/mfcc/val/PA_val_PA_T_0046874_g711.npy,mfcc,data/subset_g711/PA_val_PA_T_0046874_g711.wav,data/subset_g711/PA_val_PA_T_0046874_g711.wav,spoof,val,g711_8khz,PA,PA_0091,AA,spoof,"[20, 400]"
data/features/logmel/val/PA_val_PA_T_0048674_g711.npy,logmel,data/subset_g711/PA_val_PA_T_0048674_g711.wav,data/subset_g711/PA_val_PA_T_0048674_g711.wav,spoof,val,g711_8khz,PA,PA_0082,AA,spoof,"[80, 400]"
data/features/mfcc/val/PA_val_PA_T_0048674_g711.npy,mfcc,data/subset_g711/PA_val_PA_T_0048674_g711.wav,data/subset_g711/PA_val_PA_T_0048674_g711.wav,spoof,val,g711_8khz,PA,PA_0082,AA,spoof,"[20, 400]"
data/features/logmel/train/PA_train_PA_T_0050891_g711.npy,logmel,data/subset_g711/PA_train_PA_T_0050891_g711.wav,data/subset_g711/PA_train_PA_T_0050891_g711.wav,spoof,train,g711_8khz,PA,PA_0080,AC,spoof,"[80, 400]"
data/features/mfcc/train/PA_train_PA_T_0050891_g711.npy,mfcc,data/subset_g711/PA_train_PA_T_0050891_g711.wav,data/subset_g711/PA_train_PA_T_0050891_g711.wav,spoof,train,g711_8khz,PA,PA_0080,AC,spoof,"[20, 400]"
data/features/logmel/train/PA_train_PA_T_0008612_g711.npy,logmel,data/subset_g711/PA_train_PA_T_0008612_g711.wav,data/subset_g711/PA_train_PA_T_0008612_g711.wav,spoof,train,g711_8khz,PA,PA_0080,CA,spoof,"[80, 400]"
data/features/mfcc/train/PA_train_PA_T_0008612_g711.npy,mfcc,data/subset_g711/PA_train_PA_T_0008612_g711.wav,data/subset_g711/PA_train_PA_T_0008612_g711.wav,spoof,train,g711_8khz,PA,PA_0080,CA,spoof,"[20, 400]"
data/features/logmel/val/PA_val_PA_T_0032150_g711.npy,logmel,data/subset_g711/PA_val_PA_T_0032150_g711.wav,data/subset_g711/PA_val_PA_T_0032150_g711.wav,spoof,val,g711_8khz,PA,PA_0081,CC,spoof,"[80, 400]"
data/features/mfcc/val/PA_val_PA_T_0032150_g711.npy,mfcc,data/subset_g711/PA_val_PA_T_0032150_g711.wav,data/subset_g711/PA_val_PA_T_0032150_g711.wav,spoof,val,g711_8khz,PA,PA_0081,CC,spoof,"[20, 400]"
data/features/logmel/train/PA_train_PA_T_0028402_g711.npy,logmel,data/subset_g711/PA_train_PA_T_0028402_g711.wav,data/subset_g711/PA_train_PA_T_0028402_g711.wav,spoof,train,g711_8khz,PA,PA_0080,CA,spoof,"[80, 400]"
data/features/mfcc/train/PA_train_PA_T_0028402_g711.npy,mfcc,data/subset_g711/PA_train_PA_T_0028402_g711.wav,data/subset_g711/PA_train_PA_T_0028402_g711.wav,spoof,train,g711_8khz,PA,PA_0080,CA,spoof,"[20, 400]"
data/features/logmel/train/PA_train_PA_T_0006991_g711.npy,logmel,data/subset_g711/PA_train_PA_T_0006991_g711.wav,data/subset_g711/PA_train_PA_T_0006991_g711.wav,spoof,train,g711_8khz,PA,PA_0083,CB,spoof,"[80, 400]"
data/features/mfcc/train/PA_train_PA_T_0006991_g711.npy,mfcc,data/subset_g711/PA_train_PA_T_0006991_g711.wav,data/subset_g711/PA_train_PA_T_0006991_g711.wav,spoof,train,g711_8khz,PA,PA_0083,CB,spoof,"[20, 400]"
data/features/logmel/train/PA_train_PA_T_0008127_g711.npy,logmel,data/subset_g711/PA_train_PA_T_0008127_g711.wav,data/subset_g711/PA_train_PA_T_0008127_g711.wav,spoof,train,g711_8khz,PA,PA_0090,BA,spoof,"[80, 400]"
data/features/mfcc/train/PA_train_PA_T_0008127_g711.npy,mfcc,data/subset_g711/PA_train_PA_T_0008127_g711.wav,data/subset_g711/PA_train_PA_T_0008127_g711.wav,spoof,train,g711_8khz,PA,PA_0090,BA,spoof,"[20, 400]"
data/features/logmel/train/PA_train_PA_T_0011832_g711.npy,logmel,data/subset_g711/PA_train_PA_T_0011832_g711.wav,data/subset_g711/PA_train_PA_T_0011832_g711.wav,spoof,train,g711_8khz,PA,PA_0089,AC,spoof,"[80, 400]"
data/features/mfcc/train/PA_train_PA_T_0011832_g711.npy,mfcc,data/subset_g711/PA_train_PA_T_0011832_g711.wav,data/subset_g711/PA_train_PA_T_0011832_g711.wav,spoof,train,g711_8khz,PA,PA_0089,AC,spoof,"[20, 400]"
data/features/logmel/train/PA_train_PA_T_0028818_g711.npy,logmel,data/subset_g711/PA_train_PA_T_0028818_g711.wav,data/subset_g711/PA_train_PA_T_0028818_g711.wav,spoof,train,g711_8khz,PA,PA_0080,AA,spoof,"[80, 400]"
data/features/mfcc/train/PA_train_PA_T_0028818_g711.npy,mfcc,data/subset_g711/PA_train_PA_T_0028818_g711.wav,data/subset_g711/PA_train_PA_T_0028818_g711.wav,spoof,train,g711_8khz,PA,PA_0080,AA,spoof,"[20, 400]"
data/features/logmel/train/PA_train_PA_T_0051165_g711.npy,logmel,data/subset_g711/PA_train_PA_T_0051165_g711.wav,data/subset_g711/PA_train_PA_T_0051165_g711.wav,spoof,train,g711_8khz,PA,PA_0084,BA,spoof,"[80, 400]"
data/features/mfcc/train/PA_train_PA_T_0051165_g711.npy,mfcc,data/subset_g711/PA_train_PA_T_0051165_g711.wav,data/subset_g711/PA_train_PA_T_0051165_g711.wav,spoof,train,g711_8khz,PA,PA_0084,BA,spoof,"[20, 400]"
data/features/logmel/train/PA_train_PA_T_0041201_g711.npy,logmel,data/subset_g711/PA_train_PA_T_0041201_g711.wav,data/subset_g711/PA_train_PA_T_0041201_g711.wav,spoof,train,g711_8khz,PA,PA_0096,CB,spoof,"[80, 400]"
data/features/mfcc/train/PA_train_PA_T_0041201_g711.npy,mfcc,data/subset_g711/PA_train_PA_T_0041201_g711.wav,data/subset_g711/PA_train_PA_T_0041201_g711.wav,spoof,train,g711_8khz,PA,PA_0096,CB,spoof,"[20, 400]"
data/features/logmel/train/PA_train_PA_T_0023538_g711.npy,logmel,data/subset_g711/PA_train_PA_T_0023538_g711.wav,data/subset_g711/PA_train_PA_T_0023538_g711.wav,spoof,train,g711_8khz,PA,PA_0090,AA,spoof,"[80, 400]"
data/features/mfcc/train/PA_train_PA_T_0023538_g711.npy,mfcc,data/subset_g711/PA_train_PA_T_0023538_g711.wav,data/subset_g711/PA_train_PA_T_0023538_g711.wav,spoof,train,g711_8khz,PA,PA_0090,AA,spoof,"[20, 400]"
data/features/logmel/train/PA_train_PA_T_0022838_g711.npy,logmel,data/subset_g711/PA_train_PA_T_0022838_g711.wav,data/subset_g711/PA_train_PA_T_0022838_g711.wav,spoof,train,g711_8khz,PA,PA_0096,AC,spoof,"[80, 400]"
data/features/mfcc/train/PA_train_PA_T_0022838_g711.npy,mfcc,data/subset_g711/PA_train_PA_T_0022838_g711.wav,data/subset_g711/PA_train_PA_T_0022838_g711.wav,spoof,train,g711_8khz,PA,PA_0096,AC,spoof,"[20, 400]"
data/features/logmel/train/PA_train_PA_T_0048299_g711.npy,logmel,data/subset_g711/PA_train_PA_T_0048299_g711.wav,data/subset_g711/PA_train_PA_T_0048299_g711.wav,spoof,train,g711_8khz,PA,PA_0096,CB,spoof,"[80, 400]"
data/features/mfcc/train/PA_train_PA_T_0048299_g711.npy,mfcc,data/subset_g711/PA_train_PA_T_0048299_g711.wav,data/subset_g711/PA_train_PA_T_0048299_g711.wav,spoof,train,g711_8khz,PA,PA_0096,CB,spoof,"[20, 400]"
data/features/logmel/train/PA_train_PA_T_0013759_g711.npy,logmel,data/subset_g711/PA_train_PA_T_0013759_g711.wav,data/subset_g711/PA_train_PA_T_0013759_g711.wav,spoof,train,g711_8khz,PA,PA_0098,BB,spoof,"[80, 400]"
data/features/mfcc/train/PA_train_PA_T_0013759_g711.npy,mfcc,data/subset_g711/PA_train_PA_T_0013759_g711.wav,data/subset_g711/PA_train_PA_T_0013759_g711.wav,spoof,train,g711_8khz,PA,PA_0098,BB,spoof,"[20, 400]"
data/features/logmel/train/PA_train_PA_T_0022026_g711.npy,logmel,data/subset_g711/PA_train_PA_T_0022026_g711.wav,data/subset_g711/PA_train_PA_T_0022026_g711.wav,spoof,train,g711_8khz,PA,PA_0098,AA,spoof,"[80, 400]"
data/features/mfcc/train/PA_train_PA_T_0022026_g711.npy,mfcc,data/subset_g711/PA_train_PA_T_0022026_g711.wav,data/subset_g711/PA_train_PA_T_0022026_g711.wav,spoof,train,g711_8khz,PA,PA_0098,AA,spoof,"[20, 400]"
data/features/logmel/train/PA_train_PA_T_0036311_g711.npy,logmel,data/subset_g711/PA_train_PA_T_0036311_g711.wav,data/subset_g711/PA_train_PA_T_0036311_g711.wav,spoof,train,g711_8khz,PA,PA_0086,AC,spoof,"[80, 400]"
data/features/mfcc/train/PA_train_PA_T_0036311_g711.npy,mfcc,data/subset_g711/PA_train_PA_T_0036311_g711.wav,data/subset_g711/PA_train_PA_T_0036311_g711.wav,spoof,train,g711_8khz,PA,PA_0086,AC,spoof,"[20, 400]"
data/features/logmel/test/PA_test_PA_T_0044990_g711.npy,logmel,data/subset_g711/PA_test_PA_T_0044990_g711.wav,data/subset_g711/PA_test_PA_T_0044990_g711.wav,spoof,test,g711_8khz,PA,PA_0097,CC,spoof,"[80, 400]"
data/features/mfcc/test/PA_test_PA_T_0044990_g711.npy,mfcc,data/subset_g711/PA_test_PA_T_0044990_g711.wav,data/subset_g711/PA_test_PA_T_0044990_g711.wav,spoof,test,g711_8khz,PA,PA_0097,CC,spoof,"[20, 400]"
data/features/logmel/train/PA_train_PA_T_0047363_g711.npy,logmel,data/subset_g711/PA_train_PA_T_0047363_g711.wav,data/subset_g711/PA_train_PA_T_0047363_g711.wav,spoof,train,g711_8khz,PA,PA_0098,BA,spoof,"[80, 400]"
data/features/mfcc/train/PA_train_PA_T_0047363_g711.npy,mfcc,data/subset_g711/PA_train_PA_T_0047363_g711.wav,data/subset_g711/PA_train_PA_T_0047363_g711.wav,spoof,train,g711_8khz,PA,PA_0098,BA,spoof,"[20, 400]"
data/features/logmel/val/PA_val_PA_T_0032471_g711.npy,logmel,data/subset_g711/PA_val_PA_T_0032471_g711.wav,data/subset_g711/PA_val_PA_T_0032471_g711.wav,spoof,val,g711_8khz,PA,PA_0082,AA,spoof,"[80, 400]"
data/features/mfcc/val/PA_val_PA_T_0032471_g711.npy,mfcc,data/subset_g711/PA_val_PA_T_0032471_g711.wav,data/subset_g711/PA_val_PA_T_0032471_g711.wav,spoof,val,g711_8khz,PA,PA_0082,AA,spoof,"[20, 400]"
data/features/logmel/val/PA_val_PA_T_0037847_g711.npy,logmel,data/subset_g711/PA_val_PA_T_0037847_g711.wav,data/subset_g711/PA_val_PA_T_0037847_g711.wav,spoof,val,g711_8khz,PA,PA_0081,AA,spoof,"[80, 400]"
data/features/mfcc/val/PA_val_PA_T_0037847_g711.npy,mfcc,data/subset_g711/PA_val_PA_T_0037847_g711.wav,data/subset_g711/PA_val_PA_T_0037847_g711.wav,spoof,val,g711_8khz,PA,PA_0081,AA,spoof,"[20, 400]"
data/features/logmel/train/PA_train_PA_T_0045636_g711.npy,logmel,data/subset_g711/PA_train_PA_T_0045636_g711.wav,data/subset_g711/PA_train_PA_T_0045636_g711.wav,spoof,train,g711_8khz,PA,PA_0090,AC,spoof,"[80, 400]"
data/features/mfcc/train/PA_train_PA_T_0045636_g711.npy,mfcc,data/subset_g711/PA_train_PA_T_0045636_g711.wav,data/subset_g711/PA_train_PA_T_0045636_g711.wav,spoof,train,g711_8khz,PA,PA_0090,AC,spoof,"[20, 400]"
data/features/logmel/train/PA_train_PA_T_0043501_g711.npy,logmel,data/subset_g711/PA_train_PA_T_0043501_g711.wav,data/subset_g711/PA_train_PA_T_0043501_g711.wav,spoof,train,g711_8khz,PA,PA_0093,AA,spoof,"[80, 400]"
data/features/mfcc/train/PA_train_PA_T_0043501_g711.npy,mfcc,data/subset_g711/PA_train_PA_T_0043501_g711.wav,data/subset_g711/PA_train_PA_T_0043501_g711.wav,spoof,train,g711_8khz,PA,PA_0093,AA,spoof,"[20, 400]"
data/features/logmel/test/PA_test_PA_T_0045904_g711.npy,logmel,data/subset_g711/PA_test_PA_T_0045904_g711.wav,data/subset_g711/PA_test_PA_T_0045904_g711.wav,spoof,test,g711_8khz,PA,PA_0097,BA,spoof,"[80, 400]"
data/features/mfcc/test/PA_test_PA_T_0045904_g711.npy,mfcc,data/subset_g711/PA_test_PA_T_0045904_g711.wav,data/subset_g711/PA_test_PA_T_0045904_g711.wav,spoof,test,g711_8khz,PA,PA_0097,BA,spoof,"[20, 400]"
data/features/logmel/train/PA_train_PA_T_0009189_g711.npy,logmel,data/subset_g711/PA_train_PA_T_0009189_g711.wav,data/subset_g711/PA_train_PA_T_0009189_g711.wav,spoof,train,g711_8khz,PA,PA_0088,AB,spoof,"[80, 400]"
data/features/mfcc/train/PA_train_PA_T_0009189_g711.npy,mfcc,data/subset_g711/PA_train_PA_T_0009189_g711.wav,data/subset_g711/PA_train_PA_T_0009189_g711.wav,spoof,train,g711_8khz,PA,PA_0088,AB,spoof,"[20, 400]"
data/features/logmel/train/PA_train_PA_T_0042091_g711.npy,logmel,data/subset_g711/PA_train_PA_T_0042091_g711.wav,data/subset_g711/PA_train_PA_T_0042091_g711.wav,spoof,train,g711_8khz,PA,PA_0089,BB,spoof,"[80, 400]"
data/features/mfcc/train/PA_train_PA_T_0042091_g711.npy,mfcc,data/subset_g711/PA_train_PA_T_0042091_g711.wav,data/subset_g711/PA_train_PA_T_0042091_g711.wav,spoof,train,g711_8khz,PA,PA_0089,BB,spoof,"[20, 400]"
data/features/logmel/train/PA_train_PA_T_0032258_g711.npy,logmel,data/subset_g711/PA_train_PA_T_0032258_g711.wav,data/subset_g711/PA_train_PA_T_0032258_g711.wav,spoof,train,g711_8khz,PA,PA_0089,CC,spoof,"[80, 400]"
data/features/mfcc/train/PA_train_PA_T_0032258_g711.npy,mfcc,data/subset_g711/PA_train_PA_T_0032258_g711.wav,data/subset_g711/PA_train_PA_T_0032258_g711.wav,spoof,train,g711_8khz,PA,PA_0089,CC,spoof,"[20, 400]"
data/features/logmel/train/PA_train_PA_T_0039745_g711.npy,logmel,data/subset_g711/PA_train_PA_T_0039745_g711.wav,data/subset_g711/PA_train_PA_T_0039745_g711.wav,spoof,train,g711_8khz,PA,PA_0090,AA,spoof,"[80, 400]"
data/features/mfcc/train/PA_train_PA_T_0039745_g711.npy,mfcc,data/subset_g711/PA_train_PA_T_0039745_g711.wav,data/subset_g711/PA_train_PA_T_0039745_g711.wav,spoof,train,g711_8khz,PA,PA_0090,AA,spoof,"[20, 400]"
data/features/logmel/test/PA_test_PA_T_0044016_g711.npy,logmel,data/subset_g711/PA_test_PA_T_0044016_g711.wav,data/subset_g711/PA_test_PA_T_0044016_g711.wav,spoof,test,g711_8khz,PA,PA_0097,AB,spoof,"[80, 400]"
data/features/mfcc/test/PA_test_PA_T_0044016_g711.npy,mfcc,data/subset_g711/PA_test_PA_T_0044016_g711.wav,data/subset_g711/PA_test_PA_T_0044016_g711.wav,spoof,test,g711_8khz,PA,PA_0097,AB,spoof,"[20, 400]"
data/features/logmel/train/PA_train_PA_T_0039308_g711.npy,logmel,data/subset_g711/PA_train_PA_T_0039308_g711.wav,data/subset_g711/PA_train_PA_T_0039308_g711.wav,spoof,train,g711_8khz,PA,PA_0095,CA,spoof,"[80, 400]"
data/features/mfcc/train/PA_train_PA_T_0039308_g711.npy,mfcc,data/subset_g711/PA_train_PA_T_0039308_g711.wav,data/subset_g711/PA_train_PA_T_0039308_g711.wav,spoof,train,g711_8khz,PA,PA_0095,CA,spoof,"[20, 400]"
data/features/logmel/val/PA_val_PA_T_0022097_g711.npy,logmel,data/subset_g711/PA_val_PA_T_0022097_g711.wav,data/subset_g711/PA_val_PA_T_0022097_g711.wav,spoof,val,g711_8khz,PA,PA_0082,AB,spoof,"[80, 400]"
data/features/mfcc/val/PA_val_PA_T_0022097_g711.npy,mfcc,data/subset_g711/PA_val_PA_T_0022097_g711.wav,data/subset_g711/PA_val_PA_T_0022097_g711.wav,spoof,val,g711_8khz,PA,PA_0082,AB,spoof,"[20, 400]"
data/features/logmel/val/PA_val_PA_T_0052047_g711.npy,logmel,data/subset_g711/PA_val_PA_T_0052047_g711.wav,data/subset_g711/PA_val_PA_T_0052047_g711.wav,spoof,val,g711_8khz,PA,PA_0082,CC,spoof,"[80, 400]"
data/features/mfcc/val/PA_val_PA_T_0052047_g711.npy,mfcc,data/subset_g711/PA_val_PA_T_0052047_g711.wav,data/subset_g711/PA_val_PA_T_0052047_g711.wav,spoof,val,g711_8khz,PA,PA_0082,CC,spoof,"[20, 400]"
data/features/logmel/train/PA_train_PA_T_0033633_g711.npy,logmel,data/subset_g711/PA_train_PA_T_0033633_g711.wav,data/subset_g711/PA_train_PA_T_0033633_g711.wav,spoof,train,g711_8khz,PA,PA_0096,AC,spoof,"[80, 400]"
data/features/mfcc/train/PA_train_PA_T_0033633_g711.npy,mfcc,data/subset_g711/PA_train_PA_T_0033633_g711.wav,data/subset_g711/PA_train_PA_T_0033633_g711.wav,spoof,train,g711_8khz,PA,PA_0096,AC,spoof,"[20, 400]"
data/features/logmel/train/PA_train_PA_T_0052970_g711.npy,logmel,data/subset_g711/PA_train_PA_T_0052970_g711.wav,data/subset_g711/PA_train_PA_T_0052970_g711.wav,spoof,train,g711_8khz,PA,PA_0080,BC,spoof,"[80, 400]"
data/features/mfcc/train/PA_train_PA_T_0052970_g711.npy,mfcc,data/subset_g711/PA_train_PA_T_0052970_g711.wav,data/subset_g711/PA_train_PA_T_0052970_g711.wav,spoof,train,g711_8khz,PA,PA_0080,BC,spoof,"[20, 400]"
data/features/logmel/train/PA_train_PA_T_0024048_g711.npy,logmel,data/subset_g711/PA_train_PA_T_0024048_g711.wav,data/subset_g711/PA_train_PA_T_0024048_g711.wav,spoof,train,g711_8khz,PA,PA_0093,AC,spoof,"[80, 400]"
data/features/mfcc/train/PA_train_PA_T_0024048_g711.npy,mfcc,data/subset_g711/PA_train_PA_T_0024048_g711.wav,data/subset_g711/PA_train_PA_T_0024048_g711.wav,spoof,train,g711_8khz,PA,PA_0093,AC,spoof,"[20, 400]"
data/features/logmel/test/PA_test_PA_T_0029279_g711.npy,logmel,data/subset_g711/PA_test_PA_T_0029279_g711.wav,data/subset_g711/PA_test_PA_T_0029279_g711.wav,spoof,test,g711_8khz,PA,PA_0097,AB,spoof,"[80, 400]"
data/features/mfcc/test/PA_test_PA_T_0029279_g711.npy,mfcc,data/subset_g711/PA_test_PA_T_0029279_g711.wav,data/subset_g711/PA_test_PA_T_0029279_g711.wav,spoof,test,g711_8khz,PA,PA_0097,AB,spoof,"[20, 400]"
data/features/logmel/train/PA_train_PA_T_0035675_g711.npy,logmel,data/subset_g711/PA_train_PA_T_0035675_g711.wav,data/subset_g711/PA_train_PA_T_0035675_g711.wav,spoof,train,g711_8khz,PA,PA_0085,CB,spoof,"[80, 400]"
data/features/mfcc/train/PA_train_PA_T_0035675_g711.npy,mfcc,data/subset_g711/PA_train_PA_T_0035675_g711.wav,data/subset_g711/PA_train_PA_T_0035675_g711.wav,spoof,train,g711_8khz,PA,PA_0085,CB,spoof,"[20, 400]"
data/features/logmel/val/PA_val_PA_T_0006515_g711.npy,logmel,data/subset_g711/PA_val_PA_T_0006515_g711.wav,data/subset_g711/PA_val_PA_T_0006515_g711.wav,spoof,val,g711_8khz,PA,PA_0094,AC,spoof,"[80, 400]"
data/features/mfcc/val/PA_val_PA_T_0006515_g711.npy,mfcc,data/subset_g711/PA_val_PA_T_0006515_g711.wav,data/subset_g711/PA_val_PA_T_0006515_g711.wav,spoof,val,g711_8khz,PA,PA_0094,AC,spoof,"[20, 400]"
data/features/logmel/test/PA_test_PA_T_0035336_g711.npy,logmel,data/subset_g711/PA_test_PA_T_0035336_g711.wav,data/subset_g711/PA_test_PA_T_0035336_g711.wav,spoof,test,g711_8khz,PA,PA_0087,BC,spoof,"[80, 400]"
data/features/mfcc/test/PA_test_PA_T_0035336_g711.npy,mfcc,data/subset_g711/PA_test_PA_T_0035336_g711.wav,data/subset_g711/PA_test_PA_T_0035336_g711.wav,spoof,test,g711_8khz,PA,PA_0087,BC,spoof,"[20, 400]"
data/features/logmel/val/PA_val_PA_T_0050668_g711.npy,logmel,data/subset_g711/PA_val_PA_T_0050668_g711.wav,data/subset_g711/PA_val_PA_T_0050668_g711.wav,spoof,val,g711_8khz,PA,PA_0081,AB,spoof,"[80, 400]"
data/features/mfcc/val/PA_val_PA_T_0050668_g711.npy,mfcc,data/subset_g711/PA_val_PA_T_0050668_g711.wav,data/subset_g711/PA_val_PA_T_0050668_g711.wav,spoof,val,g711_8khz,PA,PA_0081,AB,spoof,"[20, 400]"
data/features/logmel/train/PA_train_PA_T_0043345_g711.npy,logmel,data/subset_g711/PA_train_PA_T_0043345_g711.wav,data/subset_g711/PA_train_PA_T_0043345_g711.wav,spoof,train,g711_8khz,PA,PA_0085,AA,spoof,"[80, 400]"
data/features/mfcc/train/PA_train_PA_T_0043345_g711.npy,mfcc,data/subset_g711/PA_train_PA_T_0043345_g711.wav,data/subset_g711/PA_train_PA_T_0043345_g711.wav,spoof,train,g711_8khz,PA,PA_0085,AA,spoof,"[20, 400]"
data/features/logmel/train/PA_train_PA_T_0052233_g711.npy,logmel,data/subset_g711/PA_train_PA_T_0052233_g711.wav,data/subset_g711/PA_train_PA_T_0052233_g711.wav,spoof,train,g711_8khz,PA,PA_0085,AA,spoof,"[80, 400]"
data/features/mfcc/train/PA_train_PA_T_0052233_g711.npy,mfcc,data/subset_g711/PA_train_PA_T_0052233_g711.wav,data/subset_g711/PA_train_PA_T_0052233_g711.wav,spoof,train,g711_8khz,PA,PA_0085,AA,spoof,"[20, 400]"
data/features/logmel/test/PA_test_PA_T_0012695_g711.npy,logmel,data/subset_g711/PA_test_PA_T_0012695_g711.wav,data/subset_g711/PA_test_PA_T_0012695_g711.wav,spoof,test,g711_8khz,PA,PA_0087,AA,spoof,"[80, 400]"
data/features/mfcc/test/PA_test_PA_T_0012695_g711.npy,mfcc,data/subset_g711/PA_test_PA_T_0012695_g711.wav,data/subset_g711/PA_test_PA_T_0012695_g711.wav,spoof,test,g711_8khz,PA,PA_0087,AA,spoof,"[20, 400]"
data/features/logmel/train/PA_train_PA_T_0040628_g711.npy,logmel,data/subset_g711/PA_train_PA_T_0040628_g711.wav,data/subset_g711/PA_train_PA_T_0040628_g711.wav,spoof,train,g711_8khz,PA,PA_0089,BB,spoof,"[80, 400]"
data/features/mfcc/train/PA_train_PA_T_0040628_g711.npy,mfcc,data/subset_g711/PA_train_PA_T_0040628_g711.wav,data/subset_g711/PA_train_PA_T_0040628_g711.wav,spoof,train,g711_8khz,PA,PA_0089,BB,spoof,"[20, 400]"
data/features/logmel/train/PA_train_PA_T_0012523_g711.npy,logmel,data/subset_g711/PA_train_PA_T_0012523_g711.wav,data/subset_g711/PA_train_PA_T_0012523_g711.wav,spoof,train,g711_8khz,PA,PA_0085,CC,spoof,"[80, 400]"
data/features/mfcc/train/PA_train_PA_T_0012523_g711.npy,mfcc,data/subset_g711/PA_train_PA_T_0012523_g711.wav,data/subset_g711/PA_train_PA_T_0012523_g711.wav,spoof,train,g711_8khz,PA,PA_0085,CC,spoof,"[20, 400]"
data/features/logmel/train/PA_train_PA_T_0049196_g711.npy,logmel,data/subset_g711/PA_train_PA_T_0049196_g711.wav,data/subset_g711/PA_train_PA_T_0049196_g711.wav,spoof,train,g711_8khz,PA,PA_0088,AB,spoof,"[80, 400]"
data/features/mfcc/train/PA_train_PA_T_0049196_g711.npy,mfcc,data/subset_g711/PA_train_PA_T_0049196_g711.wav,data/subset_g711/PA_train_PA_T_0049196_g711.wav,spoof,train,g711_8khz,PA,PA_0088,AB,spoof,"[20, 400]"
data/features/logmel/train/PA_train_PA_T_0050272_g711.npy,logmel,data/subset_g711/PA_train_PA_T_0050272_g711.wav,data/subset_g711/PA_train_PA_T_0050272_g711.wav,spoof,train,g711_8khz,PA,PA_0084,CC,spoof,"[80, 400]"
data/features/mfcc/train/PA_train_PA_T_0050272_g711.npy,mfcc,data/subset_g711/PA_train_PA_T_0050272_g711.wav,data/subset_g711/PA_train_PA_T_0050272_g711.wav,spoof,train,g711_8khz,PA,PA_0084,CC,spoof,"[20, 400]"
data/features/logmel/train/PA_train_PA_T_0052422_g711.npy,logmel,data/subset_g711/PA_train_PA_T_0052422_g711.wav,data/subset_g711/PA_train_PA_T_0052422_g711.wav,spoof,train,g711_8khz,PA,PA_0083,AC,spoof,"[80, 400]"
data/features/mfcc/train/PA_train_PA_T_0052422_g711.npy,mfcc,data/subset_g711/PA_train_PA_T_0052422_g711.wav,data/subset_g711/PA_train_PA_T_0052422_g711.wav,spoof,train,g711_8khz,PA,PA_0083,AC,spoof,"[20, 400]"
data/features/logmel/train/PA_train_PA_T_0025938_g711.npy,logmel,data/subset_g711/PA_train_PA_T_0025938_g711.wav,data/subset_g711/PA_train_PA_T_0025938_g711.wav,spoof,train,g711_8khz,PA,PA_0098,BB,spoof,"[80, 400]"
data/features/mfcc/train/PA_train_PA_T_0025938_g711.npy,mfcc,data/subset_g711/PA_train_PA_T_0025938_g711.wav,data/subset_g711/PA_train_PA_T_0025938_g711.wav,spoof,train,g711_8khz,PA,PA_0098,BB,spoof,"[20, 400]"
data/features/logmel/train/PA_train_PA_T_0026598_g711.npy,logmel,data/subset_g711/PA_train_PA_T_0026598_g711.wav,data/subset_g711/PA_train_PA_T_0026598_g711.wav,spoof,train,g711_8khz,PA,PA_0092,CB,spoof,"[80, 400]"
data/features/mfcc/train/PA_train_PA_T_0026598_g711.npy,mfcc,data/subset_g711/PA_train_PA_T_0026598_g711.wav,data/subset_g711/PA_train_PA_T_0026598_g711.wav,spoof,train,g711_8khz,PA,PA_0092,CB,spoof,"[20, 400]"
data/features/logmel/train/PA_train_PA_T_0034685_g711.npy,logmel,data/subset_g711/PA_train_PA_T_0034685_g711.wav,data/subset_g711/PA_train_PA_T_0034685_g711.wav,spoof,train,g711_8khz,PA,PA_0095,AB,spoof,"[80, 400]"
data/features/mfcc/train/PA_train_PA_T_0034685_g711.npy,mfcc,data/subset_g711/PA_train_PA_T_0034685_g711.wav,data/subset_g711/PA_train_PA_T_0034685_g711.wav,spoof,train,g711_8khz,PA,PA_0095,AB,spoof,"[20, 400]"
data/features/logmel/train/PA_train_PA_T_0021066_g711.npy,logmel,data/subset_g711/PA_train_PA_T_0021066_g711.wav,data/subset_g711/PA_train_PA_T_0021066_g711.wav,spoof,train,g711_8khz,PA,PA_0080,CB,spoof,"[80, 400]"
data/features/mfcc/train/PA_train_PA_T_0021066_g711.npy,mfcc,data/subset_g711/PA_train_PA_T_0021066_g711.wav,data/subset_g711/PA_train_PA_T_0021066_g711.wav,spoof,train,g711_8khz,PA,PA_0080,CB,spoof,"[20, 400]"
data/features/logmel/train/PA_train_PA_T_0046201_g711.npy,logmel,data/subset_g711/PA_train_PA_T_0046201_g711.wav,data/subset_g711/PA_train_PA_T_0046201_g711.wav,spoof,train,g711_8khz,PA,PA_0090,BC,spoof,"[80, 400]"
data/features/mfcc/train/PA_train_PA_T_0046201_g711.npy,mfcc,data/subset_g711/PA_train_PA_T_0046201_g711.wav,data/subset_g711/PA_train_PA_T_0046201_g711.wav,spoof,train,g711_8khz,PA,PA_0090,BC,spoof,"[20, 400]"
data/features/logmel/train/PA_train_PA_T_0052701_g711.npy,logmel,data/subset_g711/PA_train_PA_T_0052701_g711.wav,data/subset_g711/PA_train_PA_T_0052701_g711.wav,spoof,train,g711_8khz,PA,PA_0096,BA,spoof,"[80, 400]"
data/features/mfcc/train/PA_train_PA_T_0052701_g711.npy,mfcc,data/subset_g711/PA_train_PA_T_0052701_g711.wav,data/subset_g711/PA_train_PA_T_0052701_g711.wav,spoof,train,g711_8khz,PA,PA_0096,BA,spoof,"[20, 400]"
data/features/logmel/train/PA_train_PA_T_0016284_g711.npy,logmel,data/subset_g711/PA_train_PA_T_0016284_g711.wav,data/subset_g711/PA_train_PA_T_0016284_g711.wav,spoof,train,g711_8khz,PA,PA_0083,AA,spoof,"[80, 400]"
data/features/mfcc/train/PA_train_PA_T_0016284_g711.npy,mfcc,data/subset_g711/PA_train_PA_T_0016284_g711.wav,data/subset_g711/PA_train_PA_T_0016284_g711.wav,spoof,train,g711_8khz,PA,PA_0083,AA,spoof,"[20, 400]"
data/features/logmel/train/PA_train_PA_T_0033717_g711.npy,logmel,data/subset_g711/PA_train_PA_T_0033717_g711.wav,data/subset_g711/PA_train_PA_T_0033717_g711.wav,spoof,train,g711_8khz,PA,PA_0086,BB,spoof,"[80, 400]"
data/features/mfcc/train/PA_train_PA_T_0033717_g711.npy,mfcc,data/subset_g711/PA_train_PA_T_0033717_g711.wav,data/subset_g711/PA_train_PA_T_0033717_g711.wav,spoof,train,g711_8khz,PA,PA_0086,BB,spoof,"[20, 400]"
data/features/logmel/train/PA_train_PA_T_0023296_g711.npy,logmel,data/subset_g711/PA_train_PA_T_0023296_g711.wav,data/subset_g711/PA_train_PA_T_0023296_g711.wav,spoof,train,g711_8khz,PA,PA_0080,CC,spoof,"[80, 400]"
data/features/mfcc/train/PA_train_PA_T_0023296_g711.npy,mfcc,data/subset_g711/PA_train_PA_T_0023296_g711.wav,data/subset_g711/PA_train_PA_T_0023296_g711.wav,spoof,train,g711_8khz,PA,PA_0080,CC,spoof,"[20, 400]"
data/features/logmel/train/PA_train_PA_T_0026532_g711.npy,logmel,data/subset_g711/PA_train_PA_T_0026532_g711.wav,data/subset_g711/PA_train_PA_T_0026532_g711.wav,spoof,train,g711_8khz,PA,PA_0088,CB,spoof,"[80, 400]"
data/features/mfcc/train/PA_train_PA_T_0026532_g711.npy,mfcc,data/subset_g711/PA_train_PA_T_0026532_g711.wav,data/subset_g711/PA_train_PA_T_0026532_g711.wav,spoof,train,g711_8khz,PA,PA_0088,CB,spoof,"[20, 400]"
data/features/logmel/train/PA_train_PA_T_0031844_g711.npy,logmel,data/subset_g711/PA_train_PA_T_0031844_g711.wav,data/subset_g711/PA_train_PA_T_0031844_g711.wav,spoof,train,g711_8khz,PA,PA_0080,CB,spoof,"[80, 400]"
data/features/mfcc/train/PA_train_PA_T_0031844_g711.npy,mfcc,data/subset_g711/PA_train_PA_T_0031844_g711.wav,data/subset_g711/PA_train_PA_T_0031844_g711.wav,spoof,train,g711_8khz,PA,PA_0080,CB,spoof,"[20, 400]"
data/features/logmel/test/PA_test_PA_T_0047781_g711.npy,logmel,data/subset_g711/PA_test_PA_T_0047781_g711.wav,data/subset_g711/PA_test_PA_T_0047781_g711.wav,spoof,test,g711_8khz,PA,PA_0097,BC,spoof,"[80, 400]"
data/features/mfcc/test/PA_test_PA_T_0047781_g711.npy,mfcc,data/subset_g711/PA_test_PA_T_0047781_g711.wav,data/subset_g711/PA_test_PA_T_0047781_g711.wav,spoof,test,g711_8khz,PA,PA_0097,BC,spoof,"[20, 400]"
data/features/logmel/train/PA_train_PA_T_0040371_g711.npy,logmel,data/subset_g711/PA_train_PA_T_0040371_g711.wav,data/subset_g711/PA_train_PA_T_0040371_g711.wav,spoof,train,g711_8khz,PA,PA_0098,AC,spoof,"[80, 400]"
data/features/mfcc/train/PA_train_PA_T_0040371_g711.npy,mfcc,data/subset_g711/PA_train_PA_T_0040371_g711.wav,data/subset_g711/PA_train_PA_T_0040371_g711.wav,spoof,train,g711_8khz,PA,PA_0098,AC,spoof,"[20, 400]"
data/features/logmel/train/PA_train_PA_T_0053991_g711.npy,logmel,data/subset_g711/PA_train_PA_T_0053991_g711.wav,data/subset_g711/PA_train_PA_T_0053991_g711.wav,spoof,train,g711_8khz,PA,PA_0098,CC,spoof,"[80, 400]"
data/features/mfcc/train/PA_train_PA_T_0053991_g711.npy,mfcc,data/subset_g711/PA_train_PA_T_0053991_g711.wav,data/subset_g711/PA_train_PA_T_0053991_g711.wav,spoof,train,g711_8khz,PA,PA_0098,CC,spoof,"[20, 400]"
data/features/logmel/train/PA_train_PA_T_0022160_g711.npy,logmel,data/subset_g711/PA_train_PA_T_0022160_g711.wav,data/subset_g711/PA_train_PA_T_0022160_g711.wav,spoof,train,g711_8khz,PA,PA_0085,AB,spoof,"[80, 400]"
data/features/mfcc/train/PA_train_PA_T_0022160_g711.npy,mfcc,data/subset_g711/PA_train_PA_T_0022160_g711.wav,data/subset_g711/PA_train_PA_T_0022160_g711.wav,spoof,train,g711_8khz,PA,PA_0085,AB,spoof,"[20, 400]"
data/features/logmel/train/PA_train_PA_T_0011204_g711.npy,logmel,data/subset_g711/PA_train_PA_T_0011204_g711.wav,data/subset_g711/PA_train_PA_T_0011204_g711.wav,spoof,train,g711_8khz,PA,PA_0098,AA,spoof,"[80, 400]"
data/features/mfcc/train/PA_train_PA_T_0011204_g711.npy,mfcc,data/subset_g711/PA_train_PA_T_0011204_g711.wav,data/subset_g711/PA_train_PA_T_0011204_g711.wav,spoof,train,g711_8khz,PA,PA_0098,AA,spoof,"[20, 400]"
