filename,chunk_index,speaker_id,label,label_name,attack_id,split,spectral_flatness_mean,spectral_flatness_std,spectral_rolloff_mean,spectral_rolloff_std,reverb_proxy_decay_ratio,spectral_centroid_mean,spectral_centroid_std,spectral_bandwidth_mean,spectral_bandwidth_std,zero_crossing_rate_mean,zero_crossing_rate_std,rms_energy_mean,rms_energy_std
PA_test_PA_T_0000009.flac,0,PA_0079,0,bonafide,-,test,0.05751263350248337,0.08563750237226486,4472.96630859375,1499.16064453125,0.776471734046936,2396.052490234375,990.69921875,1812.2496337890625,506.9100036621094,0.195932537317276,0.14845363795757294,0.047978200018405914,0.05368068814277649
PA_test_PA_T_0000009.flac,1,PA_0079,0,bonafide,-,test,0.037337563931941986,0.07368585467338562,3203.125,1943.9696044921875,0.4439500570297241,1826.7716064453125,1168.409423828125,1455.6646728515625,509.0829772949219,0.1536923348903656,0.14470776915550232,0.0631556436419487,0.06308851391077042
PA_test_PA_T_0000009.flac,2,PA_0079,0,bonafide,-,test,0.6928405165672302,0.446516215801239,1393.6011962890625,2102.9580078125,1.8397351503372192,610.6478881835938,885.8560180664062,669.9116821289062,970.86962890625,0.030118428170681,0.05430980026721954,0.0005024030688218772,0.0016114696627482772
PA_test_PA_T_0001189.flac,0,PA_0097,0,bonafide,-,test,0.03469003364443779,0.04867050051689148,4581.10107421875,1258.9765625,0.6829912066459656,2106.792724609375,1072.37451171875,2071.948974609375,339.80584716796875,0.1277281790971756,0.13392043113708496,0.050986360758543015,0.0835500955581665
PA_test_PA_T_0001189.flac,1,PA_0097,0,bonafide,-,test,0.0031579481437802315,0.0064375088550150394,1966.0218505859375,1019.8707275390625,1.1098568439483643,1005.5599975585938,377.4895324707031,1196.359619140625,407.9179992675781,0.0554005466401577,0.0329919159412384,0.19361017644405365,0.12322647124528885
PA_test_PA_T_0001189.flac,2,PA_0097,0,bonafide,-,test,0.27031075954437256,0.42640751600265503,2422.866943359375,1804.172119140625,0.2744976580142975,1063.5152587890625,745.8248901367188,1411.52978515625,864.6253051757812,0.0442088283598423,0.03974638879299164,0.0026790446136146784,0.003967221360653639
PA_test_PA_T_0001601.flac,0,PA_0079,0,bonafide,-,test,0.03473838046193123,0.025018170475959778,4101.9345703125,721.9447631835938,0.7509426474571228,1961.732177734375,333.38409423828125,1853.768798828125,326.6050720214844,0.1450272798538208,0.07950763404369354,0.05488608777523041,0.07685592025518417
PA_test_PA_T_0001601.flac,1,PA_0079,0,bonafide,-,test,0.31103718280792236,0.42303985357284546,3301.33935546875,1999.5628662109375,0.8242979645729065,1566.155029296875,972.7314453125,1417.308837890625,862.5790405273438,0.0949745774269104,0.08254192769527435,0.022182460874319077,0.03616431728005409
PA_test_PA_T_0001783.flac,0,PA_0097,0,bonafide,-,test,0.017158351838588715,0.0122459065169096,3270.33740234375,1204.567626953125,1.011736273765564,1425.644287109375,417.65093994140625,1766.37646484375,436.4857177734375,0.0705760195851326,0.027588021010160446,0.06984347105026245,0.13270793855190277
PA_test_PA_T_0001783.flac,1,PA_0097,0,bonafide,-,test,0.010741258971393108,0.014438657090067863,3022.321533203125,1369.95068359375,1.404989242553711,1488.0087890625,533.7913818359375,1539.052490234375,486.94549560546875,0.0957806333899498,0.03375040367245674,0.09281046688556671,0.05574258789420128
PA_test_PA_T_0001783.flac,2,PA_0097,0,bonafide,-,test,0.10730595141649246,0.2897537350654602,3229.414794921875,1432.1978759765625,0.8115700483322144,1291.260986328125,486.8275451660156,1807.96875,593.4602661132812,0.0420386902987957,0.02918216399848461,0.0009949220111593604,0.0012201728532090783
PA_test_PA_T_0002803.flac,0,PA_0079,0,bonafide,-,test,0.027412893250584602,0.04409768804907799,4101.9345703125,948.3779296875,0.538600742816925,1946.5460205078125,547.5612182617188,1753.2471923828125,412.22039794921875,0.1508866548538208,0.08701108396053314,0.07815803587436676,0.11080600321292877
PA_test_PA_T_0002803.flac,1,PA_0079,0,bonafide,-,test,0.737618088722229,0.4178229868412018,1600.9425048828125,2534.254638671875,0.1978408843278885,704.7830200195312,1168.3470458984375,703.713623046875,1079.7998046875,0.0359313003718853,0.09433256834745407,0.0001867866376414895,0.0005343869561329484
PA_test_PA_T_0002982.flac,0,PA_0097,0,bonafide,-,test,0.03590084984898567,0.06412037461996078,4180.0595703125,1229.51611328125,5.929124746728576e-09,1788.7301025390625,779.146728515625,2078.666259765625,259.85186767578125,0.0914713516831398,0.11139391362667084,0.016202528029680252,0.057657040655612946
PA_test_PA_T_0002982.flac,1,PA_0097,0,bonafide,-,test,0.0032589975744485855,0.0068854158744215965,1960.5654296875,1793.531982421875,1.1722428798675537,997.251220703125,597.3858032226562,1285.46142578125,600.7724609375,0.0496651791036129,0.028494752943515778,0.25644832849502563,0.11460033059120178
PA_test_PA_T_0002982.flac,2,PA_0097,0,bonafide,-,test,0.006460325792431831,0.006667254958301783,2846.72607421875,1279.3941650390625,0.8027973771095276,1218.879150390625,362.7005920410156,1672.2049560546875,487.1472473144531,0.0447978675365448,0.018439289182424545,0.06657525151968002,0.11038138717412949
PA_test_PA_T_0002982.flac,3,PA_0097,0,bonafide,-,test,0.864953339099884,0.3321368098258972,541.4186401367188,1381.257080078125,0.2580542266368866,222.23013305664062,560.7752685546875,290.9931640625,716.4718017578125,0.0019996280316263437,0.005462070927023888,1.3188344382797368e-05,4.313224781071767e-05
PA_test_PA_T_0003608.flac,0,PA_0079,0,bonafide,-,test,0.06094922125339508,0.0927819088101387,3649.3056640625,1840.70361328125,0.25514501333236694,1983.551025390625,1070.03173828125,1612.18505859375,497.9927978515625,0.1689298152923584,0.13829141855239868,0.05956427752971649,0.07674725353717804
PA_test_PA_T_0003608.flac,1,PA_0079,0,bonafide,-,test,0.045642029494047165,0.0853540301322937,3696.924560546875,1933.30029296875,0.7829144597053528,2078.298828125,1357.819091796875,1550.078857421875,511.0330505371094,0.191142737865448,0.18512757122516632,0.05919443443417549,0.0435384176671505
PA_test_PA_T_0003608.flac,2,PA_0079,0,bonafide,-,test,0.907802939414978,0.2841786742210388,416.6666564941406,1288.2208251953125,0.4647097885608673,164.71087646484375,510.14813232421875,202.94464111328125,626.1315307617188,0.0036272320430725813,0.012939698994159698,2.36204778047977e-05,8.224263729061931e-05
PA_test_PA_T_0004487.flac,0,PA_0087,0,bonafide,-,test,0.018828660249710083,0.04067365452647209,2738.59130859375,1605.8404541015625,0.9491333961486816,1369.2957763671875,864.8319091796875,1534.1685791015625,496.8069152832031,0.0837053582072258,0.1010979637503624,0.17348217964172363,0.17290914058685303
PA_test_PA_T_0004487.flac,1,PA_0087,0,bonafide,-,test,0.12849479913711548,0.26178184151649475,3713.789794921875,1923.4517822265625,0.7908827066421509,2002.8740234375,1232.2957763671875,1647.38330078125,613.7083740234375,0.1767888218164444,0.14997301995754242,0.08813762664794922,0.08068639039993286
PA_test_PA_T_0005405.flac,0,PA_0079,1,spoof,AA,test,0.039871927350759506,0.046977926045656204,4155.505859375,1632.3011474609375,0.4294097423553467,2291.760986328125,1268.87744140625,1677.3851318359375,498.0044250488281,0.2015904039144516,0.18913818895816803,0.05356248840689659,0.06945811212062836
PA_test_PA_T_0005405.flac,1,PA_0079,1,spoof,AA,test,0.7520169615745544,0.4252346158027649,713.7896728515625,1445.03076171875,0.5146289467811584,349.2752685546875,640.3604125976562,420.0658874511719,755.8762817382812,0.0155474953353405,0.029919244349002838,0.003102704882621765,0.00914531946182251
PA_test_PA_T_0012695.flac,0,PA_0087,1,spoof,AA,test,0.017988841980695724,0.020639024674892426,3781.994140625,1159.9456787109375,0.8511123657226562,1605.018310546875,449.0152282714844,1808.9444580078125,415.017822265625,0.0875186026096344,0.043040357530117035,0.1045905277132988,0.10615342855453491
PA_test_PA_T_0012695.flac,1,PA_0087,1,spoof,AA,test,0.42372867465019226,0.4823454022407532,2310.763916015625,2148.1474609375,0.9285574555397034,1000.3422241210938,944.2939453125,1141.590576171875,986.7454223632812,0.0435887910425663,0.05635320767760277,0.02779194340109825,0.0444505400955677
PA_test_PA_T_0018252.flac,0,PA_0079,1,spoof,AB,test,0.023951806128025055,0.0273982472717762,3565.228271484375,1074.2578125,1.3477541208267212,1889.29443359375,718.8448486328125,1534.578125,420.8699645996094,0.1548394113779068,0.10190737247467041,0.09203198552131653,0.08799618482589722
PA_test_PA_T_0018252.flac,1,PA_0079,1,spoof,AB,test,0.008090042509138584,0.015281973406672478,2489.831298828125,1148.8837890625,1.3374899625778198,1222.3184814453125,392.0538330078125,1390.985107421875,384.6435852050781,0.0693359375,0.02975114807486534,0.05726747587323189,0.061261653900146484
PA_test_PA_T_0018252.flac,2,PA_0079,1,spoof,AB,test,0.974090576171875,0.14309844374656677,232.14285278320312,1038.588623046875,0.9573360681533813,108.67479705810547,486.16876220703125,103.77843475341797,464.15234375,0.00012400794366840273,0.0005898529780097306,2.267037331193933e-07,1.0641391554599977e-06
PA_test_PA_T_0019203.flac,0,PA_0079,1,spoof,BC,test,0.08862543106079102,0.10400380194187164,4494.79150390625,1120.5648193359375,1.913038969039917,2784.8427734375,753.4254150390625,1554.18017578125,369.6206359863281,0.3155691921710968,0.09920886904001236,0.10131663084030151,0.09876187890768051
PA_test_PA_T_0019203.flac,1,PA_0079,1,spoof,BC,test,0.0755574032664299,0.19504287838935852,3885.168701171875,997.482421875,1.1275005340576172,2056.1904296875,520.0355224609375,1605.744384765625,397.85443115234375,0.1500186026096344,0.05829028785228729,0.0578317753970623,0.0710122361779213
PA_test_PA_T_0019203.flac,2,PA_0079,1,spoof,BC,test,0.9999988079071045,1.1920928955078125e-07,0.0,0.0,0.0,0.0,0.0,0.0,0.0,0.0,0.0,0.0,0.0
PA_test_PA_T_0023874.flac,0,PA_0079,1,spoof,AC,test,0.0960368812084198,0.11792609840631485,4671.130859375,709.3853149414062,0.13387548923492432,3026.36279296875,519.2989501953125,1509.7288818359375,315.5740661621094,0.334433913230896,0.0706460177898407,0.03872067853808403,0.06140502914786339
PA_test_PA_T_0023874.flac,1,PA_0079,1,spoof,AC,test,0.6436898112297058,0.44089293479919434,1851.4384765625,2269.708251953125,0.812027633190155,1152.419921875,1407.8839111328125,645.458740234375,799.95751953125,0.1130487322807312,0.14544279873371124,0.0034309024922549725,0.007589752785861492
PA_test_PA_T_0034587.flac,0,PA_0087,1,spoof,AB,test,0.02502918615937233,0.03194329887628555,3820.6845703125,1014.3931884765625,1.5744550228118896,1768.9732666015625,629.2401733398438,1709.2669677734375,287.3934020996094,0.1125527024269104,0.0828651636838913,0.14306078851222992,0.1383492648601532
PA_test_PA_T_0034587.flac,1,PA_0087,1,spoof,AB,test,0.002231376012787223,0.0032573691569268703,2031.001953125,1512.919921875,1.1549888849258423,944.9697875976562,501.49981689453125,1262.04638671875,408.4716491699219,0.0366133414208889,0.01847240887582302,0.09548008441925049,0.07762060314416885
PA_test_PA_T_0034587.flac,2,PA_0087,1,spoof,AB,test,0.829513669013977,0.3709189295768738,733.8789672851562,1660.453857421875,0.3611130118370056,296.0192565917969,666.2567138671875,376.2721862792969,821.4700317382812,0.0033482143189758062,0.0076216659508645535,2.3336329832090996e-05,6.992115231696516e-05
PA_test_PA_T_0044016.flac,0,PA_0097,1,spoof,AB,test,0.07230430841445923,0.059372756630182266,4825.14892578125,1182.3026123046875,2.4548916233158025e-09,2322.31982421875,692.5089721679688,2128.8974609375,317.42022705078125,0.1535063236951828,0.06566163897514343,0.022821160033345222,0.09375286847352982
PA_test_PA_T_0044016.flac,1,PA_0097,1,spoof,AB,test,0.008366182446479797,0.026582706719636917,1914.1865234375,1969.8359375,0.8032571077346802,1165.39306640625,981.8930053710938,1206.0565185546875,597.6248168945312,0.0902777761220932,0.0941067785024643,0.1082085445523262,0.06838113069534302
PA_test_PA_T_0044016.flac,2,PA_0097,1,spoof,AB,test,0.12059960514307022,0.23733630776405334,4016.369140625,2010.5177001953125,0.9283742308616638,1957.814453125,860.1583251953125,1794.809326171875,723.3615112304688,0.1220548078417778,0.06020953506231308,0.01942967064678669,0.04110574349761009
PA_test_PA_T_0044016.flac,3,PA_0097,1,spoof,AB,test,0.9999988079071045,1.1920928955078125e-07,0.0,0.0,0.0,0.0,0.0,0.0,0.0,0.0,0.0,0.0,0.0
PA_test_PA_T_0044990.flac,0,PA_0097,1,spoof,CC,test,0.1326369345188141,0.08516906946897507,5636.40869140625,1140.9263916015625,1.1806426048278809,3320.564208984375,690.0205688476562,2035.362060546875,308.9300231933594,0.3650173544883728,0.10396803170442581,0.033612288534641266,0.043775979429483414
PA_test_PA_T_0044990.flac,1,PA_0097,1,spoof,CC,test,0.06359118968248367,0.06233559921383858,4915.1787109375,1737.280029296875,0.36452341079711914,3011.416015625,1231.645751953125,1753.4093017578125,351.9844665527344,0.3243737518787384,0.17416979372501373,0.0872620940208435,0.0735229030251503
PA_test_PA_T_0044990.flac,2,PA_0097,1,spoof,CC,test,0.5681828260421753,0.38915666937828064,3410.46630859375,2959.2177734375,1.5298888683319092,1870.6510009765625,1625.8074951171875,1248.3726806640625,1082.407958984375,0.1918402761220932,0.1790727972984314,0.00035875735920853913,0.0003732169570866972
PA_test_PA_T_0051297.flac,0,PA_0079,1,spoof,BB,test,0.035573091357946396,0.04195351153612137,4191.46826171875,1698.639892578125,0.7848138809204102,2175.773681640625,917.2134399414062,1761.056640625,618.6718139648438,0.1948164701461792,0.1344163864850998,0.0772986188530922,0.07723654806613922
PA_test_PA_T_0051297.flac,1,PA_0079,1,spoof,BB,test,0.37678566575050354,0.4756506383419037,1218.2540283203125,1456.203125,0.8846803903579712,648.2610473632812,606.911865234375,842.6808471679688,754.784423828125,0.0274522565305233,0.02625419571995735,0.00928880088031292,0.018722033128142357
PA_train_PA_T_0000241.flac,0,PA_0083,0,bonafide,-,train,0.023663919419050217,0.038312118500471115,3393.353271484375,1352.0889892578125,0.880988597869873,1674.9765625,752.8524780273438,1673.674560546875,467.82916259765625,0.1021205335855484,0.08301350474357605,0.04563082754611969,0.08194174617528915
PA_train_PA_T_0000241.flac,1,PA_0083,0,bonafide,-,train,0.17513062059879303,0.34122878313064575,2692.956298828125,2163.67431640625,0.6640364527702332,1529.3431396484375,1482.4705810546875,1244.7904052734375,687.44873046875,0.1357731968164444,0.19918599724769592,0.051830776035785675,0.06000548228621483
PA_train_PA_T_0000298.flac,0,PA_0088,0,bonafide,-,train,0.0781535878777504,0.0618417002260685,5380.70458984375,1248.4405517578125,0.4370357394218445,2554.06787109375,874.82958984375,2274.5595703125,431.3699645996094,0.1613653302192688,0.13008105754852295,0.024447107687592506,0.06100945919752121
PA_train_PA_T_0000298.flac,1,PA_0088,0,bonafide,-,train,0.26105165481567383,0.4141674339771271,2670.138916015625,1874.8616943359375,0.8640540838241577,1282.8818359375,844.744140625,1219.456298828125,828.2544555664062,0.0886346697807312,0.07622843235731125,0.04684796556830406,0.07660266757011414
PA_train_PA_T_0000417.flac,0,PA_0080,0,bonafide,-,train,0.025116611272096634,0.04587391018867493,3486.359130859375,1360.43505859375,0.696655809879303,1654.90185546875,734.3900146484375,1706.85498046875,470.13623046875,0.1036551371216774,0.09646311402320862,0.07358267903327942,0.09304855763912201
PA_train_PA_T_0000417.flac,1,PA_0080,0,bonafide,-,train,0.6064526438713074,0.4724782407283783,1563.2440185546875,2148.82080078125,0.4326218068599701,812.0326538085938,1219.3948974609375,707.3636474609375,899.8683471679688,0.0652901753783226,0.13414345681667328,0.01611056737601757,0.029901057481765747
PA_train_PA_T_0000473.flac,0,PA_0086,0,bonafide,-,train,0.017634855583310127,0.05461524799466133,3003.72021484375,1331.4390869140625,0.4850369989871979,1354.6439208984375,584.8709716796875,1860.2855224609375,349.3636779785156,0.0620814748108387,0.06338903307914734,0.051695361733436584,0.08737281709909439
PA_train_PA_T_0000473.flac,1,PA_0086,0,bonafide,-,train,0.7039563655853271,0.4508439600467682,742.3115234375,1384.660888671875,0.18243350088596344,351.3673400878906,596.688720703125,449.8363342285156,743.0866088867188,0.014818948693573475,0.02812778763473034,0.035519666969776154,0.11426621675491333
PA_train_PA_T_0000777.flac,0,PA_0096,0,bonafide,-,train,0.025496594607830048,0.040020618587732315,3377.480224609375,968.934814453125,0.7808732390403748,1656.6221923828125,576.8654174804688,1626.478759765625,319.8099365234375,0.1231398805975914,0.06808372586965561,0.06850742548704147,0.0631105974316597
PA_train_PA_T_0000777.flac,1,PA_0096,0,bonafide,-,train,0.01753673516213894,0.028232913464307785,2945.4365234375,1242.327880859375,0.7728422284126282,1538.5015869140625,824.81787109375,1450.043701171875,359.718017578125,0.1190011128783226,0.12312863767147064,0.0723663866519928,0.063116654753685
PA_train_PA_T_0000777.flac,2,PA_0096,0,bonafide,-,train,0.9496358036994934,0.20344512164592743,318.94842529296875,1227.846923828125,0.46893152594566345,145.8748016357422,573.2220458984375,141.0312042236328,542.0259399414062,0.0014260913012549281,0.0068631768226623535,1.134952754000551e-06,5.004389549867483e-06
PA_train_PA_T_0000912.flac,0,PA_0090,0,bonafide,-,train,0.017495812848210335,0.020962277427315712,3634.176513671875,1206.5284423828125,1.1233035326004028,1757.5789794921875,666.2566528320312,1717.3360595703125,432.3629150390625,0.1069413423538208,0.06201733276247978,0.12819340825080872,0.1185101568698883
PA_train_PA_T_0000912.flac,1,PA_0090,0,bonafide,-,train,0.054572418332099915,0.06332338601350784,4213.04541015625,2164.659423828125,0.9321502447128296,2154.712158203125,1037.11474609375,1910.2723388671875,661.1314697265625,0.1695033460855484,0.10351806879043579,0.09534208476543427,0.06475537270307541
PA_train_PA_T_0000912.flac,2,PA_0090,0,bonafide,-,train,0.7541980147361755,0.42135292291641235,1274.5535888671875,2120.016845703125,0.2459937334060669,500.0355224609375,835.6480712890625,595.2227172851562,982.8154296875,0.0184306800365448,0.03473062068223953,0.0001457625039620325,0.0004391751135699451
PA_train_PA_T_0000997.flac,0,PA_0098,0,bonafide,-,train,0.029494257643818855,0.03166194632649422,4306.79541015625,1180.6641845703125,0.7089709639549255,2009.57568359375,592.84521484375,1935.8804931640625,487.9964294433594,0.1281777024269104,0.07039059698581696,0.06163613870739937,0.07201554626226425
PA_train_PA_T_0000997.flac,1,PA_0098,0,bonafide,-,train,0.4576393663883209,0.4711534082889557,2977.678466796875,2835.843017578125,0.47960522770881653,1573.1781005859375,1769.482666015625,1219.9228515625,1091.42529296875,0.1531032919883728,0.2440803200006485,0.01083624828606844,0.021015387028455734
PA_train_PA_T_0001095.flac,0,PA_0088,0,bonafide,-,train,0.011369263753294945,0.0136191351339221,3334.077392578125,1405.0684814453125,1.0874581336975098,1466.8807373046875,631.920166015625,1654.7724609375,535.7484741210938,0.0774739608168602,0.0429130494594574,0.15265652537345886,0.13482128083705902
PA_train_PA_T_0001095.flac,1,PA_0088,0,bonafide,-,train,0.25290578603744507,0.40235915780067444,2678.323486328125,1754.9481201171875,0.4443105161190033,1226.5882568359375,780.9913330078125,1412.798583984375,816.5943603515625,0.0660032257437706,0.06196208670735359,0.010931923985481262,0.027745192870497704
PA_train_PA_T_0001514.flac,0,PA_0090,0,bonafide,-,train,0.011357462033629417,0.017298882827162743,2844.989990234375,1657.838623046875,1.2389369010925293,1384.0048828125,707.2400512695312,1704.5450439453125,490.3848876953125,0.064608134329319,0.060203682631254196,0.11067621409893036,0.11662402749061584
PA_train_PA_T_0001514.flac,1,PA_0090,0,bonafide,-,train,0.2912907004356384,0.4483640193939209,1804.0675048828125,1767.5341796875,0.9247502088546753,800.2900390625,665.8624877929688,1237.6123046875,824.9336547851562,0.02193390391767025,0.02992507442831993,0.007056831382215023,0.011919219046831131
PA_train_PA_T_0001731.flac,0,PA_0092,0,bonafide,-,train,0.035766758024692535,0.045741476118564606,4273.8095703125,1686.502685546875,1.1851953268051147,1928.4029541015625,877.8477783203125,2059.725830078125,468.5893859863281,0.1230623796582222,0.11279788613319397,0.07556009292602539,0.09447158128023148
PA_train_PA_T_0001731.flac,1,PA_0092,0,bonafide,-,train,0.19119760394096375,0.37383797764778137,2352.1826171875,1872.0086669921875,1.0887949466705322,1123.2484130859375,711.3831176757812,1324.39208984375,811.0740356445312,0.0552300363779068,0.046915922313928604,0.04953639954328537,0.08364055305719376
PA_train_PA_T_0001733.flac,0,PA_0092,0,bonafide,-,train,0.026037592440843582,0.03682974353432655,4062.251953125,1020.2694091796875,1.3580492734909058,1708.72119140625,502.89886474609375,2039.091552734375,235.12745666503906,0.0817367285490036,0.058676525950431824,0.049432575702667236,0.08496035635471344
PA_train_PA_T_0001733.flac,1,PA_0092,0,bonafide,-,train,0.0163015965372324,0.03324655443429947,2358.135009765625,1605.420654296875,1.0920045375823975,1220.647705078125,643.18115234375,1533.1839599609375,471.4794921875,0.0741257444024086,0.05791179835796356,0.06719113886356354,0.06390462815761566
PA_train_PA_T_0001733.flac,2,PA_0092,0,bonafide,-,train,0.8921273946762085,0.3053249418735504,427.0833435058594,1210.3072509765625,0.4672434329986572,166.65548706054688,472.7388610839844,229.10289001464844,648.0703735351562,0.0007750496151857078,0.0023612442892044783,3.524444309732644e-06,1.115636587201152e-05
PA_train_PA_T_0001880.flac,0,PA_0086,0,bonafide,-,train,0.029019393026828766,0.04404831305146217,3592.261962890625,1406.557861328125,0.8989195227622986,1708.9293212890625,967.1705932617188,1805.5118408203125,415.13787841796875,0.1045696958899498,0.11530520021915436,0.04450710490345955,0.06767847388982773
PA_train_PA_T_0001880.flac,1,PA_0086,0,bonafide,-,train,0.46821513772010803,0.4917162358760834,1478.670654296875,2035.0987548828125,1.0235159397125244,817.0928955078125,1338.7291259765625,790.6626586914062,805.3328247070312,0.0620659738779068,0.15714377164840698,0.031147895380854607,0.042149338871240616
PA_train_PA_T_0002105.flac,0,PA_0089,0,bonafide,-,train,0.022805018350481987,0.023980582132935524,3907.986083984375,1393.9000244140625,1.0088626146316528,1659.3843994140625,537.189208984375,1946.6884765625,429.5169677734375,0.073288694024086,0.04791571572422981,0.08499511331319809,0.13337630033493042
PA_train_PA_T_0002105.flac,1,PA_0089,0,bonafide,-,train,0.056105636060237885,0.09280551224946976,3300.59521484375,1940.900634765625,0.8768598437309265,1906.197998046875,1302.183837890625,1558.5836181640625,446.4237060546875,0.1597222238779068,0.16102203726768494,0.10193397849798203,0.09066350013017654
PA_train_PA_T_0002105.flac,2,PA_0089,0,bonafide,-,train,0.7780618667602539,0.3978395164012909,898.0654907226562,1743.8837890625,0.08066011220216751,474.5645751953125,935.2130126953125,428.90850830078125,776.9884643554688,0.0318700410425663,0.07430992275476456,0.0011158614652231336,0.0035269083455204964
PA_train_PA_T_0002108.flac,0,PA_0089,0,bonafide,-,train,0.05452908203005791,0.07610823959112167,4143.35302734375,1343.63623046875,0.34393468499183655,1920.71142578125,781.7059936523438,1896.48974609375,420.079833984375,0.1218843013048172,0.10142018646001816,0.03891804814338684,0.06705540418624878
PA_train_PA_T_0002108.flac,1,PA_0089,0,bonafide,-,train,0.04823266714811325,0.09657081216573715,3004.46435546875,1820.4669189453125,0.83922278881073,1673.7301025390625,1196.04443359375,1540.1607666015625,400.5150451660156,0.1274646520614624,0.1509273499250412,0.08804523944854736,0.06467268615961075
PA_train_PA_T_0002108.flac,2,PA_0089,0,bonafide,-,train,0.7231143712997437,0.4390965700149536,819.6924438476562,1673.9998779296875,0.17812563478946686,376.138427734375,718.1832885742188,473.2140808105469,803.374267578125,0.0197017602622509,0.04689745232462883,0.010399297811090946,0.027729058638215065
PA_train_PA_T_0002246.flac,0,PA_0083,0,bonafide,-,train,0.03657970950007439,0.05531996861100197,3648.0654296875,1471.2672119140625,0.07362691313028336,1821.0035400390625,940.845703125,1688.2120361328125,510.8731689453125,0.1271081417798996,0.09154607355594635,0.04256240651011467,0.080277219414711
PA_train_PA_T_0002246.flac,1,PA_0083,0,bonafide,-,train,0.06299629807472229,0.09465813636779785,3195.9326171875,2044.4697265625,0.6130175590515137,1823.9078369140625,1261.8836669921875,1432.0904541015625,573.9454345703125,0.1793464720249176,0.15589143335819244,0.026467779651284218,0.019000262022018433
PA_train_PA_T_0002246.flac,2,PA_0083,0,bonafide,-,train,0.7570604681968689,0.41754668951034546,1209.8214111328125,2088.6923828125,0.6566448211669922,476.472412109375,830.24072265625,567.5784301757812,976.3347778320312,0.01509796641767025,0.034507326781749725,5.211065581534058e-05,0.00010916320024989545
PA_train_PA_T_0002373.flac,0,PA_0096,0,bonafide,-,train,0.02086762525141239,0.02255236543715,4034.97021484375,1242.5831298828125,1.2985718250274658,1703.3260498046875,554.3950805664062,1917.5025634765625,500.803955078125,0.076373390853405,0.05599178746342659,0.04680892080068588,0.08393584936857224
PA_train_PA_T_0002373.flac,1,PA_0096,0,bonafide,-,train,0.6058262586593628,0.4860101044178009,996.03173828125,1552.4002685546875,0.5356785655021667,439.5774230957031,620.2974243164062,557.7853393554688,775.6046752929688,0.01520647294819355,0.023017611354589462,0.023622795939445496,0.04865875095129013
PA_train_PA_T_0002536.flac,0,PA_0092,0,bonafide,-,train,0.02228269726037979,0.04429137706756592,3929.3154296875,1269.697998046875,0.7592911124229431,1692.0736083984375,668.7748413085938,1994.01611328125,330.9891357421875,0.0830078125,0.07439740747213364,0.05238177254796028,0.08702350407838821
PA_train_PA_T_0002536.flac,1,PA_0092,0,bonafide,-,train,0.036000899970531464,0.05307389050722122,3353.174560546875,1722.1591796875,1.0225517749786377,1885.9063720703125,1136.6988525390625,1583.3809814453125,386.895751953125,0.1513826847076416,0.1266157627105713,0.10590876638889313,0.05770215019583702
PA_train_PA_T_0002536.flac,2,PA_0092,0,bonafide,-,train,0.5210813879966736,0.48718544840812683,1765.873046875,1974.7218017578125,0.5507393479347229,838.4935913085938,979.696044921875,879.1805419921875,897.5578002929688,0.0353577621281147,0.06188031658530235,0.016061866655945778,0.03955063968896866
PA_train_PA_T_0002997.flac,0,PA_0098,0,bonafide,-,train,0.024751713499426842,0.03194623067975044,4219.24609375,1182.168701171875,0.99208003282547,1903.8865966796875,618.17333984375,1942.2845458984375,477.468505859375,0.1179005429148674,0.07875782251358032,0.09398446977138519,0.11568498611450195
PA_train_PA_T_0002997.flac,1,PA_0098,0,bonafide,-,train,0.4727935492992401,0.473971962928772,2634.176513671875,2775.00732421875,0.8053493499755859,1460.2056884765625,1787.8480224609375,1140.226806640625,1056.15966796875,0.1414620578289032,0.23969639837741852,0.014478662982583046,0.027025524526834488
PA_train_PA_T_0003048.flac,0,PA_0083,0,bonafide,-,train,0.027714159339666367,0.036161672323942184,3075.644775390625,965.5734252929688,1.1502318382263184,1673.042724609375,608.0203857421875,1521.716552734375,312.8682556152344,0.1282087117433548,0.0798514187335968,0.07967397570610046,0.11600597947835922
PA_train_PA_T_0003048.flac,1,PA_0083,0,bonafide,-,train,0.03363555669784546,0.05798214673995972,3288.9384765625,1543.711181640625,0.8889588713645935,1657.813232421875,878.1395263671875,1608.4163818359375,465.9438781738281,0.1234498992562294,0.09471747279167175,0.0978822261095047,0.06665947288274765
PA_train_PA_T_0003048.flac,2,PA_0083,0,bonafide,-,train,0.5415446162223816,0.4550880491733551,2900.545654296875,2790.03271484375,0.4624944031238556,1394.819091796875,1421.372802734375,1199.37255859375,1149.1710205078125,0.0885261669754982,0.10093802958726883,0.002958788303658366,0.00713575491681695
PA_train_PA_T_0003218.flac,0,PA_0080,0,bonafide,-,train,0.027343658730387688,0.04139023274183273,3925.59521484375,1135.954833984375,0.7062380313873291,1779.610595703125,570.1676025390625,1880.8388671875,348.32537841796875,0.0931609645485878,0.06119854375720024,0.08414368331432343,0.0949133038520813
PA_train_PA_T_0003218.flac,1,PA_0080,0,bonafide,-,train,0.7401829361915588,0.4285794496536255,1064.9801025390625,1844.4859619140625,0.2843119502067566,441.537841796875,769.3411865234375,527.4932250976562,883.8930053710938,0.011966765858232975,0.024501003324985504,0.000325146596878767,0.0009279369260184467
PA_train_PA_T_0003244.flac,0,PA_0083,0,bonafide,-,train,0.04525648429989815,0.05755016952753067,3977.1826171875,1672.2744140625,1.1676851511001587,2020.904052734375,901.0611572265625,1833.9456787109375,556.8624877929688,0.1274336576461792,0.07480523735284805,0.07604123651981354,0.09149058163166046
PA_train_PA_T_0003244.flac,1,PA_0083,0,bonafide,-,train,0.021015988662838936,0.033046673983335495,2794.642822265625,1742.8101806640625,1.263622760772705,1352.1771240234375,629.0440063476562,1610.390869140625,504.08447265625,0.0759858638048172,0.046208515763282776,0.06228671222925186,0.06988721340894699
PA_train_PA_T_0003244.flac,2,PA_0083,0,bonafide,-,train,0.9213729500770569,0.2677965462207794,299.1071472167969,1037.334228515625,0.6669631004333496,113.38064575195312,390.50927734375,166.154296875,567.2999267578125,0.00012400794366840273,0.0005360743962228298,2.423630576231517e-06,8.48334912006976e-06
PA_train_PA_T_0003251.flac,0,PA_0084,0,bonafide,-,train,0.01794593222439289,0.021339472383260727,2931.547607421875,975.3854370117188,5.29314725383756e-09,1401.5164794921875,354.8934326171875,1656.069580078125,299.8381652832031,0.0764508917927742,0.041667185723781586,0.024987712502479553,0.07362853735685349
PA_train_PA_T_0003251.flac,1,PA_0084,0,bonafide,-,train,0.012855385430157185,0.018582789227366447,3752.232177734375,1512.6468505859375,0.8685559630393982,1708.2723388671875,692.8471069335938,1830.166015625,431.0848693847656,0.0928664430975914,0.06153751164674759,0.11881081759929657,0.04989383742213249
PA_train_PA_T_0003251.flac,2,PA_0084,0,bonafide,-,train,0.26916083693504333,0.4266431927680969,3319.196533203125,2204.208740234375,1.6985766887664795,1358.39794921875,890.7236328125,1583.240966796875,948.0764770507812,0.0551370270550251,0.05292858928442001,0.01768009178340435,0.03441046550869942
PA_train_PA_T_0003258.flac,0,PA_0084,0,bonafide,-,train,0.014462337829172611,0.020344555377960205,3754.71240234375,758.6852416992188,0.5600008964538574,1554.8651123046875,452.30548095703125,1956.95068359375,219.88426208496094,0.0611514151096344,0.051336970180273056,0.0499875433743,0.10492056608200073
PA_train_PA_T_0003258.flac,1,PA_0084,0,bonafide,-,train,0.016992056742310524,0.02749105915427208,3307.78759765625,1641.3408203125,0.7079272866249084,1641.0382080078125,777.263916015625,1676.035400390625,482.50982666015625,0.0938895121216774,0.06815442442893982,0.18313594162464142,0.0901263952255249
PA_train_PA_T_0003258.flac,2,PA_0084,0,bonafide,-,train,0.5277376770973206,0.4956074357032776,1060.515869140625,1310.0751953125,0.7458463311195374,470.52264404296875,543.6840209960938,649.0413818359375,766.4623413085938,0.0175936259329319,0.024436987936496735,0.006089567206799984,0.014304272830486298
PA_train_PA_T_0003448.flac,0,PA_0083,0,bonafide,-,train,0.028373820707201958,0.03449853137135506,3072.420654296875,993.59033203125,1.4998085498809814,1737.310791015625,595.3427124023438,1489.3094482421875,300.86260986328125,0.1546688973903656,0.08459863811731339,0.07963740080595016,0.11238137632608414
PA_train_PA_T_0003448.flac,1,PA_0083,0,bonafide,-,train,0.016375679522752762,0.025597255676984787,3291.170654296875,1287.069091796875,0.851999819278717,1535.14501953125,581.531494140625,1646.7296142578125,426.6627197265625,0.0926959291100502,0.05232786014676094,0.11178550124168396,0.05807065963745117
PA_train_PA_T_0003448.flac,2,PA_0083,0,bonafide,-,train,0.5232338309288025,0.4768035113811493,2721.97412109375,2699.150390625,0.8581541776657104,1175.115234375,1229.5391845703125,1166.527099609375,1154.3236083984375,0.0624689981341362,0.07489828765392303,0.006544115953147411,0.013461334630846977
PA_train_PA_T_0003471.flac,0,PA_0086,0,bonafide,-,train,0.02059617079794407,0.039382755756378174,3198.90869140625,1663.467041015625,0.731346845626831,1514.02490234375,807.3372192382812,1678.0994873046875,554.0856323242188,0.0810236856341362,0.07491728663444519,0.10558047890663147,0.12062007188796997
PA_train_PA_T_0003471.flac,1,PA_0086,0,bonafide,-,train,0.010488353669643402,0.01546495035290718,2603.422607421875,1550.5831298828125,1.3264062404632568,1269.43505859375,557.5866088867188,1491.09228515625,472.68511962890625,0.0700954869389534,0.03288724645972252,0.13348625600337982,0.10019088536500931
PA_train_PA_T_0003471.flac,2,PA_0086,0,bonafide,-,train,0.6534669995307922,0.473100483417511,727.1825561523438,1280.350830078125,0.5018501281738281,345.1327819824219,524.5728149414062,536.7426147460938,780.503662109375,0.0076884920708835125,0.012058078311383724,0.0006934020202606916,0.0018485699547454715
PA_train_PA_T_0003494.flac,0,PA_0088,0,bonafide,-,train,0.0338519923388958,0.04455261304974556,4352.9267578125,1451.0650634765625,1.2404495477676392,2189.50244140625,1026.9249267578125,1883.5855712890625,489.93890380859375,0.161799356341362,0.14261579513549805,0.07753827422857285,0.07160568982362747
PA_train_PA_T_0003494.flac,1,PA_0088,0,bonafide,-,train,0.040781863033771515,0.04350542277097702,4248.51171875,1481.6187744140625,0.6142893433570862,1986.99462890625,722.0262451171875,1980.01806640625,445.0610046386719,0.1434926837682724,0.09636184573173523,0.04745057597756386,0.06852869689464569
PA_train_PA_T_0003494.flac,2,PA_0088,0,bonafide,-,train,0.5489963293075562,0.4740044176578522,2096.478271484375,2221.37109375,1.6639328002929688,893.73779296875,949.807861328125,991.2235717773438,1042.7252197265625,0.0372333824634552,0.05555163323879242,0.00021037060650996864,0.00036410416942089796
PA_train_PA_T_0003502.flac,0,PA_0089,0,bonafide,-,train,0.023720650002360344,0.03983208164572716,3254.960205078125,1172.933837890625,1.267745018005371,1500.4718017578125,455.086669921875,1764.1884765625,344.8216552734375,0.076326884329319,0.06246928125619888,0.06307519972324371,0.07347863912582397
PA_train_PA_T_0003502.flac,1,PA_0089,0,bonafide,-,train,0.008426880463957787,0.010388732887804508,2323.90869140625,957.1243286132812,0.8834621906280518,1220.43701171875,341.6668395996094,1409.62548828125,323.97802734375,0.0716610848903656,0.023059474304318428,0.11439082771539688,0.09232518076896667
PA_train_PA_T_0003502.flac,2,PA_0089,0,bonafide,-,train,0.21071326732635498,0.38758283853530884,1920.386962890625,1561.817138671875,0.803482174873352,1037.7275390625,742.4539184570312,1158.5164794921875,691.133056640625,0.0661272332072258,0.05916564166545868,0.039191488176584244,0.04688003286719322
PA_train_PA_T_0003772.flac,0,PA_0096,0,bonafide,-,train,0.029285172000527382,0.0465385727584362,3381.448486328125,1564.360595703125,1.1006882190704346,1564.2882080078125,823.9302978515625,1587.752685546875,563.1926879882812,0.100632444024086,0.09310130774974823,0.13572347164154053,0.13193969428539276
PA_train_PA_T_0003772.flac,1,PA_0096,0,bonafide,-,train,0.6378382444381714,0.46304845809936523,1441.22021484375,2092.525634765625,0.9188433289527893,714.2750244140625,1093.5269775390625,652.7236938476562,909.587890625,0.0510292649269104,0.11176536977291107,0.023346317932009697,0.054569363594055176
PA_train_PA_T_0003820.flac,0,PA_0080,0,bonafide,-,train,0.024559402838349342,0.042930345982313156,3930.0595703125,940.08349609375,0.6124208569526672,1718.546875,476.6767272949219,1917.4520263671875,353.6513977050781,0.0788380429148674,0.05633867532014847,0.035656921565532684,0.06712606549263
PA_train_PA_T_0003820.flac,1,PA_0080,0,bonafide,-,train,0.847510814666748,0.3512052893638611,602.6785888671875,1433.701171875,0.29638251662254333,272.10400390625,638.818115234375,302.312255859375,707.8862915039062,0.012958829291164875,0.03387035056948662,0.0003347415185999125,0.001077443128451705
PA_train_PA_T_0003947.flac,0,PA_0093,0,bonafide,-,train,0.031342703849077225,0.03941548243165016,3160.71435546875,1384.90869140625,0.7841801047325134,1633.1376953125,821.3259887695312,1482.941650390625,476.6018371582031,0.1141493022441864,0.0956999808549881,0.068731889128685,0.07406877726316452
PA_train_PA_T_0003947.flac,1,PA_0093,0,bonafide,-,train,0.7246266603469849,0.43559563159942627,1348.7103271484375,2171.352783203125,1.472771167755127,555.3359985351562,902.7000732421875,638.560791015625,1012.4632568359375,0.01981026865541935,0.03627244010567665,0.00013306432811077684,0.00023440626682713628
PA_train_PA_T_0003948.flac,0,PA_0093,0,bonafide,-,train,0.040679868310689926,0.06710770726203918,3657.241943359375,1418.9130859375,0.7822896838188171,1699.7286376953125,629.270751953125,1747.9256591796875,513.702392578125,0.1031126007437706,0.07337973266839981,0.06540294736623764,0.09971851110458374
PA_train_PA_T_0003948.flac,1,PA_0093,0,bonafide,-,train,0.41439908742904663,0.4610397219657898,2510.416748046875,2269.119384765625,1.8993895053863525,1316.7874755859375,1341.703857421875,1101.277099609375,928.981689453125,0.103050597012043,0.147439107298851,0.018848305568099022,0.03525219485163689
PA_train_PA_T_0003976.flac,0,PA_0096,0,bonafide,-,train,0.02552712894976139,0.025896824896335602,3867.5595703125,1316.57666015625,0.7904337048530579,1665.09423828125,497.4093322753906,1824.6845703125,530.834716796875,0.0812406986951828,0.042333394289016724,0.07875619828701019,0.10474531352519989
PA_train_PA_T_0003976.flac,1,PA_0096,0,bonafide,-,train,0.023500362411141396,0.05130215361714363,2780.010009765625,1557.9256591796875,0.7332865595817566,1362.1678466796875,757.2547607421875,1347.5556640625,563.6922607421875,0.0827442929148674,0.08340926468372345,0.09352704882621765,0.07239784300327301
PA_train_PA_T_0003976.flac,2,PA_0096,0,bonafide,-,train,0.8953709006309509,0.29621392488479614,565.4761962890625,1610.427734375,0.6502881050109863,224.11587524414062,638.7185668945312,255.74160766601562,725.377685546875,0.0067894347012043,0.02124020643532276,0.00012245209654793143,0.0003856825060211122
PA_train_PA_T_0004255.flac,0,PA_0084,0,bonafide,-,train,0.01985820382833481,0.03679310902953148,3765.12890625,888.71484375,0.5773422718048096,1540.2593994140625,385.8130798339844,1925.0787353515625,306.5464172363281,0.075861856341362,0.05697128176689148,0.03795664384961128,0.08769113570451736
PA_train_PA_T_0004255.flac,1,PA_0084,0,bonafide,-,train,0.01722824014723301,0.023579753935337067,3640.873046875,1819.8240966796875,0.6321474313735962,1793.5025634765625,924.9560546875,1770.6634521484375,545.7669067382812,0.107375368475914,0.06665708124637604,0.12506045401096344,0.09534815698862076
PA_train_PA_T_0004255.flac,2,PA_0084,0,bonafide,-,train,0.5245448350906372,0.4971238374710083,1172.123046875,1623.6531982421875,0.32958003878593445,514.88671875,616.7182006835938,827.7640380859375,889.0105590820312,0.011501736007630825,0.016381211578845978,0.011339308694005013,0.028213609009981155
PA_train_PA_T_0004520.flac,0,PA_0090,0,bonafide,-,train,0.029515666887164116,0.03812132775783539,4289.9306640625,1347.0675048828125,0.7163636684417725,1974.1749267578125,944.8341674804688,2039.2279052734375,370.7173767089844,0.1203962042927742,0.12957802414894104,0.06037693843245506,0.08416147530078888
PA_train_PA_T_0004520.flac,1,PA_0090,0,bonafide,-,train,0.21485720574855804,0.31558290123939514,4236.111328125,2476.742919921875,1.0491167306900024,2273.800537109375,1398.2108154296875,1764.4012451171875,862.3847045898438,0.2019779235124588,0.1577143371105194,0.07477792352437973,0.07619665563106537
PA_train_PA_T_0004567.flac,0,PA_0095,0,bonafide,-,train,0.026531465351581573,0.03796818479895592,3285.21826171875,1413.61328125,0.9320991039276123,1589.4306640625,806.50390625,1696.9722900390625,426.9492492675781,0.1012214794754982,0.07790616154670715,0.07816839218139648,0.0914502963423729
PA_train_PA_T_0004567.flac,1,PA_0095,0,bonafide,-,train,0.6315474510192871,0.47029805183410645,1420.138916015625,1948.408203125,1.7041370868682861,723.5512084960938,1167.3109130859375,665.8998413085938,858.1033325195312,0.0535404272377491,0.12095172703266144,0.018854865804314613,0.04613030329346657
PA_train_PA_T_0004747.flac,0,PA_0093,0,bonafide,-,train,0.03484484925866127,0.041141681373119354,3242.8076171875,1283.42236328125,0.8342763185501099,1683.412841796875,669.1455078125,1504.71044921875,478.4385070800781,0.1343470960855484,0.06933183968067169,0.0746365413069725,0.07646746188402176
PA_train_PA_T_0004747.flac,1,PA_0093,0,bonafide,-,train,0.5926214456558228,0.47290411591529846,1982.638916015625,2340.5849609375,1.2310835123062134,808.8596801757812,978.85302734375,949.34326171875,1098.965087890625,0.02864583395421505,0.04535749554634094,0.0001301734591834247,0.000196329434402287
PA_train_PA_T_0005150.flac,0,PA_0093,0,bonafide,-,train,0.004299771972000599,0.004100972320884466,2510.416748046875,825.2162475585938,1.3541719913482666,1174.568115234375,223.45880126953125,1435.4755859375,405.9782409667969,0.0627635195851326,0.031015250831842422,0.09768587350845337,0.10965921729803085
PA_train_PA_T_0005150.flac,1,PA_0093,0,bonafide,-,train,0.00291845272295177,0.0034520714543759823,2505.952392578125,1220.3370361328125,0.7031106352806091,1042.098388671875,315.28717041015625,1685.5416259765625,435.2503967285156,0.02901785634458065,0.016919415444135666,0.007429338991641998,0.013312838040292263
PA_train_PA_T_0005150.flac,2,PA_0093,0,bonafide,-,train,0.6841222643852234,0.4632010757923126,719.7420654296875,1414.7994384765625,0.9550549983978271,324.2203369140625,535.9248046875,575.4509887695312,864.0191650390625,0.0031001984607428312,0.004647868685424328,0.00014519527030643076,0.00030746424454264343
PA_train_PA_T_0005300.flac,0,PA_0088,0,bonafide,-,train,0.055245622992515564,0.049560703337192535,4271.8251953125,1605.49609375,0.828650176525116,2179.80908203125,938.122802734375,1934.205322265625,427.00628662109375,0.1641245037317276,0.10517797619104385,0.07787580788135529,0.08666994422674179
PA_train_PA_T_0005300.flac,1,PA_0088,0,bonafide,-,train,0.20036903023719788,0.3198416233062744,3777.28173828125,2081.13720703125,1.1466044187545776,1921.7293701171875,1047.935546875,1682.884521484375,768.0513305664062,0.1402374804019928,0.1105135902762413,0.014342313632369041,0.019995074719190598
PA_train_PA_T_0005303.flac,0,PA_0089,0,bonafide,-,train,0.023375380784273148,0.03130736202001572,3367.0634765625,1175.445556640625,1.242165446281433,1515.1353759765625,492.4783630371094,1836.8802490234375,326.2432556152344,0.0772569477558136,0.048231445252895355,0.05069063603878021,0.08224480599164963
PA_train_PA_T_0005303.flac,1,PA_0089,0,bonafide,-,train,0.025048410519957542,0.03992952033877373,3221.72607421875,1599.06103515625,1.1197962760925293,1624.1708984375,785.4525756835938,1694.6297607421875,425.4383850097656,0.1043681800365448,0.07170045375823975,0.09241317212581635,0.07690729200839996
PA_train_PA_T_0005303.flac,2,PA_0089,0,bonafide,-,train,0.6416124701499939,0.47280606627464294,1253.96826171875,1820.78955078125,0.25550583004951477,512.2271118164062,713.4974365234375,700.1336669921875,948.057373046875,0.009099082089960575,0.014400729909539223,0.00017646975175011903,0.0005073178908787668
PA_train_PA_T_0005370.flac,0,PA_0095,0,bonafide,-,train,0.019376171752810478,0.02197391167283058,3111.607177734375,1327.699951171875,1.2091089487075806,1486.5654296875,713.0885620117188,1606.20166015625,411.2044372558594,0.1011439710855484,0.07081827521324158,0.156062513589859,0.12850478291511536
PA_train_PA_T_0005370.flac,1,PA_0095,0,bonafide,-,train,0.25653547048568726,0.4337867498397827,1608.3829345703125,1149.8740234375,0.4401283860206604,716.736572265625,455.1240539550781,1205.56982421875,731.7394409179688,0.02112785167992115,0.01946393772959709,0.010647322982549667,0.023322809487581253
PA_train_PA_T_0005548.flac,0,PA_0086,1,spoof,AA,train,0.04489647224545479,0.06750587373971939,4401.28955078125,1506.22314453125,0.9992927312850952,2083.677490234375,908.56494140625,2038.517578125,400.1163024902344,0.1233413964509964,0.11186658591032028,0.03823474422097206,0.05796431005001068
PA_train_PA_T_0005548.flac,1,PA_0086,1,spoof,AA,train,0.025354713201522827,0.05126798897981644,2870.28759765625,2090.967529296875,1.030648946762085,1628.38720703125,1285.89013671875,1485.130615234375,481.5320129394531,0.1253410279750824,0.13195331394672394,0.12563417851924896,0.07792170345783234
PA_train_PA_T_0005548.flac,2,PA_0086,1,spoof,AA,train,0.8946039080619812,0.2992135286331177,438.4920654296875,1246.8955078125,0.043416351079940796,170.73236083984375,485.1009216308594,230.6602325439453,653.3036499023438,0.003193204291164875,0.011823182925581932,5.677536682924256e-05,0.00022839927987661213
PA_train_PA_T_0006991.flac,0,PA_0083,1,spoof,CB,train,0.026651175692677498,0.02410011738538742,4002.480224609375,1043.633544921875,0.2811184525489807,2165.251708984375,752.5520629882812,1659.736083984375,370.794189453125,0.1754557341337204,0.09504427760839462,0.04787345230579376,0.09229457378387451
PA_train_PA_T_0006991.flac,1,PA_0083,1,spoof,CB,train,0.18993481993675232,0.37347427010536194,2915.674560546875,2017.0203857421875,0.29603004455566406,1683.1044921875,1480.1790771484375,1191.4752197265625,628.37109375,0.152297243475914,0.1985515058040619,0.06523443013429642,0.08677409589290619
PA_train_PA_T_0008612.flac,0,PA_0080,1,spoof,CA,train,0.021381612867116928,0.02812165394425392,3826.388916015625,1479.486572265625,1.2302860021591187,1771.2740478515625,687.1430053710938,1831.0802001953125,456.0732727050781,0.120272196829319,0.07949284464120865,0.1222488135099411,0.12989036738872528
PA_train_PA_T_0008612.flac,1,PA_0080,1,spoof,CA,train,0.7314521074295044,0.44176676869392395,434.2757873535156,950.5953979492188,0.7635330557823181,225.9576416015625,425.682861328125,361.013916015625,642.255615234375,0.008138020522892475,0.017041167244315147,0.01769391819834709,0.05183554068207741
PA_train_PA_T_0010105.flac,0,PA_0086,1,spoof,CA,train,0.012414024211466312,0.019738242030143738,3331.34912109375,1396.072509765625,1.0113203525543213,1549.296630859375,784.6656494140625,1780.7215576171875,433.78515625,0.103004090487957,0.11468024551868439,0.06926532089710236,0.09279125183820724
PA_train_PA_T_0010105.flac,1,PA_0086,1,spoof,CA,train,0.3691083788871765,0.47860515117645264,1474.702392578125,1961.752685546875,1.2039682865142822,809.1439819335938,1189.7982177734375,940.7625732421875,829.9900512695312,0.0469525046646595,0.11281435936689377,0.05793173611164093,0.0718517079949379
PA_train_PA_T_0011204.flac,0,PA_0098,1,spoof,AA,train,0.012643901631236076,0.016934586688876152,3878.22412109375,1588.5067138671875,1.1037824153900146,1740.8363037109375,846.771484375,2002.5689697265625,449.903564453125,0.0986173078417778,0.09891602396965027,0.10325141251087189,0.10753468424081802
PA_train_PA_T_0011204.flac,1,PA_0098,1,spoof,AA,train,0.6706083416938782,0.4661283791065216,589.78173828125,1129.1053466796875,0.47185006737709045,289.3135070800781,472.79925537109375,479.0248107910156,719.8637084960938,0.00731646828353405,0.012334095314145088,0.001867562998086214,0.005149852950125933
PA_train_PA_T_0011832.flac,0,PA_0089,1,spoof,AC,train,0.028416655957698822,0.03136524185538292,3771.825439453125,956.5181884765625,1.268459677696228,1765.1815185546875,550.5704345703125,1744.90185546875,260.3312072753906,0.1149553582072258,0.07552332431077957,0.09967193752527237,0.12552058696746826
PA_train_PA_T_0011832.flac,1,PA_0089,1,spoof,AC,train,0.005077518057078123,0.005383760668337345,2553.8193359375,1074.987060546875,1.553916573524475,1251.261962890625,427.80426025390625,1393.2945556640625,286.82574462890625,0.076326884329319,0.03991436958312988,0.12656369805335999,0.07553558796644211
PA_train_PA_T_0011832.flac,2,PA_0089,1,spoof,AC,train,0.16260020434856415,0.3505503237247467,2308.53173828125,1751.0869140625,1.3804038763046265,1202.6451416015625,828.2180786132812,1267.97802734375,650.7257080078125,0.071242555975914,0.0755816325545311,0.050450149923563004,0.05425012484192848
PA_train_PA_T_0012121.flac,0,PA_0084,1,spoof,BB,train,0.00949073489755392,0.015310434624552727,3193.452392578125,1694.456298828125,0.9157766699790955,1426.130859375,595.7817993164062,1979.460205078125,417.8447570800781,0.0579427070915699,0.04103481397032738,0.0521954782307148,0.10854489356279373
PA_train_PA_T_0012121.flac,1,PA_0084,1,spoof,BB,train,0.0024686793331056833,0.005119554232805967,3044.394775390625,2110.048583984375,1.074841022491455,1277.1129150390625,644.0838623046875,1693.574462890625,701.7532958984375,0.0502852164208889,0.0357230119407177,0.23061934113502502,0.12147168070077896
PA_train_PA_T_0012121.flac,2,PA_0084,1,spoof,BB,train,0.5837772488594055,0.4815520644187927,2225.6943359375,2612.265380859375,0.22663718461990356,902.04736328125,1090.2547607421875,999.0424194335938,1160.5743408203125,0.0328621044754982,0.05385129526257515,0.003391050500795245,0.010610072873532772
PA_train_PA_T_0014804.flac,0,PA_0092,1,spoof,AC,train,0.12688840925693512,0.09190268069505692,5321.9248046875,927.1566772460938,1.5001815557479858,3107.34375,671.6121826171875,1934.370361328125,296.55059814453125,0.3443855345249176,0.1074906438589096,0.06335361301898956,0.09129123389720917
PA_train_PA_T_0014804.flac,1,PA_0092,1,spoof,AC,train,0.0518510527908802,0.04777940362691879,4481.39892578125,1423.385009765625,1.0098344087600708,2688.0703125,1092.799560546875,1724.8419189453125,287.1518249511719,0.2785218358039856,0.15808358788490295,0.10586564242839813,0.05288458615541458
PA_train_PA_T_0014804.flac,2,PA_0092,1,spoof,AC,train,0.6705678105354309,0.4346250593662262,1487.84716796875,2198.33349609375,0.7040959596633911,877.0621948242188,1237.6942138671875,638.0812377929688,872.7394409179688,0.0744357630610466,0.11615999042987823,0.01706157810986042,0.04823889583349228
PA_train_PA_T_0016284.flac,0,PA_0083,1,spoof,AA,train,0.021615944802761078,0.02594028227031231,3184.52392578125,1369.119140625,1.6305257081985474,1623.0966796875,704.2010498046875,1656.4447021484375,411.6736755371094,0.1013919860124588,0.07498385012149811,0.0996740534901619,0.11405029147863388
PA_train_PA_T_0016284.flac,1,PA_0083,1,spoof,AA,train,0.0034880528692156076,0.005626090802252293,1996.03173828125,1190.8564453125,1.7525428533554077,997.697021484375,317.5911560058594,1410.7867431640625,376.4399108886719,0.0498666912317276,0.021619845181703568,0.20793220400810242,0.06520241498947144
PA_train_PA_T_0016284.flac,2,PA_0083,1,spoof,AA,train,0.3380163311958313,0.4683077335357666,1168.15478515625,1670.196533203125,0.6981829404830933,598.079833984375,616.2884521484375,967.66064453125,817.0374145507812,0.015625,0.012610969133675098,0.006961256265640259,0.014234808273613453
PA_train_PA_T_0022026.flac,0,PA_0098,1,spoof,AA,train,0.038394033908843994,0.0849057137966156,4085.5654296875,1402.8946533203125,1.0040870904922485,1749.6978759765625,722.7034301757812,1949.567626953125,431.6989440917969,0.0888671875,0.09062233567237854,0.06546496599912643,0.09953875839710236
PA_train_PA_T_0022026.flac,1,PA_0098,1,spoof,AA,train,0.44402873516082764,0.4827689230442047,1952.876953125,2147.34716796875,1.1870715618133545,1055.032958984375,1338.01611328125,948.9945678710938,861.6888427734375,0.0823102667927742,0.15208512544631958,0.029381219297647476,0.04313286393880844
PA_train_PA_T_0022160.flac,0,PA_0085,1,spoof,AB,train,0.13998784124851227,0.10656016319990158,5567.46044921875,1695.314697265625,1.437923789024353,3076.286865234375,1175.1395263671875,2200.875732421875,452.9450378417969,0.3192894458770752,0.15146255493164062,0.05199302360415459,0.10711393505334854
PA_train_PA_T_0022160.flac,1,PA_0085,1,spoof,AB,train,0.6165698766708374,0.43488532304763794,2375.991943359375,2833.688720703125,0.7218897938728333,1336.692626953125,1652.4425048828125,936.0825805664062,1062.5316162109375,0.1275111585855484,0.18196524679660797,0.022372784093022346,0.051527220755815506
PA_train_PA_T_0022561.flac,0,PA_0083,1,spoof,AC,train,0.21459300816059113,0.1659635305404663,5635.41650390625,1388.3031005859375,1.0081610679626465,3537.862060546875,1061.3575439453125,1969.0318603515625,371.5758056640625,0.4055679440498352,0.16561180353164673,0.05730174481868744,0.08674851804971695
PA_train_PA_T_0022561.flac,1,PA_0083,1,spoof,AC,train,0.10248386859893799,0.19149702787399292,4106.39892578125,1695.48388671875,0.4827960729598999,2401.724609375,1193.70751953125,1644.7225341796875,443.27496337890625,0.220439612865448,0.15621717274188995,0.06019490584731102,0.058265428990125656
PA_train_PA_T_0022561.flac,2,PA_0083,1,spoof,AC,train,0.9999988079071045,1.1920928955078125e-07,0.0,0.0,0.0,0.0,0.0,0.0,0.0,0.0,0.0,0.0,0.0
PA_train_PA_T_0022838.flac,0,PA_0096,1,spoof,AC,train,0.025211742147803307,0.027548624202609062,3787.202392578125,818.7593994140625,0.625555157661438,2005.0474853515625,731.375,1589.17822265625,304.7923583984375,0.165752112865448,0.09104849398136139,0.07035014778375626,0.07207091152667999
PA_train_PA_T_0022838.flac,1,PA_0096,1,spoof,AC,train,0.08830559998750687,0.21947523951530457,3620.039794921875,1440.32470703125,1.126707673072815,2085.765625,1116.494140625,1447.160888671875,472.6642761230469,0.1775483638048172,0.14473354816436768,0.05423932895064354,0.05147762969136238
PA_train_PA_T_0022838.flac,2,PA_0096,1,spoof,AC,train,0.9999988079071045,1.1920928955078125e-07,0.0,0.0,0.0,0.0,0.0,0.0,0.0,0.0,0.0,0.0,0.0
PA_train_PA_T_0024048.flac,0,PA_0093,1,spoof,AC,train,0.11722754687070847,0.108111672103405,5106.89501953125,1419.7249755859375,1.0453596115112305,3173.691650390625,1052.720703125,1891.0587158203125,342.25628662109375,0.319785475730896,0.14305327832698822,0.05852994695305824,0.0723641887307167
PA_train_PA_T_0024048.flac,1,PA_0093,1,spoof,AC,train,0.6542083621025085,0.4319841265678406,2165.426513671875,2758.421875,0.730147123336792,1282.829345703125,1610.8800048828125,763.9109497070312,969.1450805664062,0.1311538964509964,0.1722274273633957,0.004590530414134264,0.010660240426659584
PA_train_PA_T_0024917.flac,0,PA_0090,1,spoof,CB,train,0.06951989978551865,0.05675801262259483,4861.111328125,1178.9127197265625,0.8574720621109009,2393.403564453125,578.4014282226562,2089.123291015625,420.146728515625,0.1787419468164444,0.05992361903190613,0.01942422240972519,0.05193554610013962
PA_train_PA_T_0024917.flac,1,PA_0090,1,spoof,CB,train,0.03334857150912285,0.059781838208436966,3422.619140625,1913.2191162109375,0.6084092259407043,1865.886474609375,1247.90966796875,1569.2545166015625,477.6216735839844,0.1560484915971756,0.15437662601470947,0.15085098147392273,0.08851134032011032
PA_train_PA_T_0024917.flac,2,PA_0090,1,spoof,CB,train,0.4241788983345032,0.4831834137439728,2058.77978515625,2020.4991455078125,1.2926439046859741,962.8389892578125,960.0850830078125,975.9700317382812,899.654296875,0.0592912957072258,0.06883348524570465,0.08316180855035782,0.1333705484867096
PA_train_PA_T_0025804.flac,0,PA_0080,1,spoof,BB,train,0.06700388342142105,0.057089634239673615,4555.8037109375,1066.1727294921875,0.9482143521308899,2273.5087890625,566.2606201171875,1937.671142578125,346.7751159667969,0.187143474817276,0.06896286457777023,0.03979294002056122,0.07503630220890045
PA_train_PA_T_0025804.flac,1,PA_0080,1,spoof,BB,train,0.8427574634552002,0.3545302152633667,693.9484252929688,1540.765625,0.2760547399520874,334.26165771484375,735.1050415039062,332.0520935058594,730.760498046875,0.0185856893658638,0.04705774039030075,0.00031306606251746416,0.0009609704138711095
PA_train_PA_T_0026598.flac,0,PA_0092,1,spoof,CB,train,0.001935175503604114,0.0024705028627067804,2822.172607421875,1414.576416015625,0.9642496109008789,1206.2947998046875,401.9367980957031,1913.6175537109375,390.2510070800781,0.0280877985060215,0.01752958633005619,0.07997967302799225,0.1375640332698822
PA_train_PA_T_0026598.flac,1,PA_0092,1,spoof,CB,train,0.17219482362270355,0.36033302545547485,3140.12890625,2260.495361328125,0.7905875444412231,1674.664794921875,1399.5404052734375,1565.561767578125,789.3084106445312,0.1185825914144516,0.1446644812822342,0.08099048584699631,0.08852102607488632
PA_train_PA_T_0028777.flac,0,PA_0095,1,spoof,CC,train,0.08162848651409149,0.07611646503210068,4443.4521484375,1069.5103759765625,1.2696795463562012,2642.730224609375,635.0911254882812,1722.5418701171875,272.60369873046875,0.2753286063671112,0.08168226480484009,0.08527854084968567,0.07784205675125122
PA_train_PA_T_0028777.flac,1,PA_0095,1,spoof,CC,train,0.06647790223360062,0.06099683791399002,4431.79541015625,1062.541259765625,0.978268563747406,2511.472412109375,862.0020751953125,1750.893310546875,239.58026123046875,0.2414279580116272,0.12474657595157623,0.08184381574392319,0.06267479807138443
PA_train_PA_T_0028777.flac,2,PA_0095,1,spoof,CC,train,0.7744736075401306,0.36047986149787903,1639.136962890625,2532.70361328125,0.2404169738292694,912.3429565429688,1412.143798828125,613.4973754882812,937.6257934570312,0.0783730149269104,0.13437990844249725,0.0002234947751276195,0.00055259361397475
PA_train_PA_T_0028818.flac,0,PA_0080,1,spoof,AA,train,0.02296520210802555,0.03797248750925064,3456.10107421875,1305.2813720703125,0.6746295690536499,1642.1490478515625,666.720458984375,1699.5914306640625,457.76910400390625,0.1037481427192688,0.07371523976325989,0.0772765576839447,0.09722226858139038
PA_train_PA_T_0028818.flac,1,PA_0080,1,spoof,AA,train,0.5154322981834412,0.4861023724079132,1910.9622802734375,2208.26953125,0.8285809755325317,935.1845092773438,1148.2470703125,921.2510375976562,948.1002197265625,0.0546254962682724,0.10272157192230225,0.019408604130148888,0.03462463989853859
PA_train_PA_T_0029473.flac,0,PA_0093,1,spoof,AC,train,0.14931915700435638,0.13484583795070648,4944.9404296875,1658.6905517578125,0.8829147815704346,2969.325439453125,966.1727905273438,1784.2130126953125,503.1538391113281,0.331581711769104,0.13634975254535675,0.05168909206986427,0.06513675302267075
PA_train_PA_T_0029473.flac,1,PA_0093,1,spoof,AC,train,0.47913792729377747,0.4102415144443512,3419.394775390625,2802.33251953125,0.9815077781677246,1933.985107421875,1583.0843505859375,1306.62646484375,997.1240234375,0.176494300365448,0.16693630814552307,0.008970202878117561,0.014747596345841885
PA_train_PA_T_0031259.flac,0,PA_0088,1,spoof,BB,train,0.03636409342288971,0.039932284504175186,4130.9521484375,1904.7398681640625,1.0238231420516968,2021.599609375,863.150634765625,1863.955810546875,632.1790161132812,0.160202756524086,0.09991837292909622,0.07384908199310303,0.09192080050706863
PA_train_PA_T_0031259.flac,1,PA_0088,1,spoof,BB,train,0.13827161490917206,0.25711724162101746,3828.869140625,1987.0738525390625,1.5949692726135254,1837.5482177734375,812.6103515625,1720.5029296875,695.60009765625,0.1274336576461792,0.08112308382987976,0.017966168001294136,0.028006594628095627
PA_train_PA_T_0031259.flac,2,PA_0088,1,spoof,BB,train,0.9999988079071045,1.1920928955078125e-07,0.0,0.0,0.0,0.0,0.0,0.0,0.0,0.0,0.0,0.0,0.0
PA_train_PA_T_0031844.flac,0,PA_0080,1,spoof,CB,train,0.03206668794155121,0.029369104653596878,4244.0478515625,951.0162963867188,1.2830510139465332,2191.54345703125,727.35205078125,1749.9185791015625,338.0411376953125,0.192646324634552,0.11759771406650543,0.13245633244514465,0.1365790069103241
PA_train_PA_T_0031844.flac,1,PA_0080,1,spoof,CB,train,0.8189225196838379,0.36067336797714233,1040.674560546875,2005.3262939453125,0.17394708096981049,623.3091430664062,1189.2056884765625,405.58843994140625,769.6399536132812,0.0528428815305233,0.1115008294582367,0.00032142800046131015,0.0011133415391668677
PA_train_PA_T_0034685.flac,0,PA_0095,1,spoof,AB,train,0.011300529353320599,0.012174570932984352,2800.59521484375,1157.6759033203125,0.982081413269043,1348.3760986328125,326.239990234375,1647.995849609375,384.9146423339844,0.0790395587682724,0.023939063772559166,0.13011807203292847,0.12698696553707123
PA_train_PA_T_0034685.flac,1,PA_0095,1,spoof,AB,train,0.015031631104648113,0.0273994542658329,2557.291748046875,1784.744873046875,1.2881007194519043,1291.2642822265625,749.588623046875,1442.4072265625,594.5628051757812,0.0919363871216774,0.056979525834321976,0.09465669840574265,0.08646859973669052
PA_train_PA_T_0034685.flac,2,PA_0095,1,spoof,AB,train,0.7202247977256775,0.44281619787216187,872.2718505859375,1541.107421875,0.6346905827522278,373.81951904296875,626.9345092773438,539.537353515625,867.6008911132812,0.004681299440562725,0.00912480615079403,3.308266605017707e-05,7.692498184042051e-05
PA_train_PA_T_0035675.flac,0,PA_0085,1,spoof,CB,train,0.03592677041888237,0.0301466416567564,4115.5751953125,1272.2825927734375,1.157456398010254,1901.439697265625,495.4095458984375,1909.7066650390625,368.59393310546875,0.1105220764875412,0.03834382817149162,0.09246839582920074,0.1563159078359604
PA_train_PA_T_0035675.flac,1,PA_0085,1,spoof,CB,train,0.1977059543132782,0.3750326633453369,3105.90283203125,1801.2303466796875,1.1078076362609863,1357.757568359375,845.2530517578125,1500.5758056640625,758.9835815429688,0.0565631203353405,0.039738044142723083,0.05589567497372627,0.08319392800331116
PA_train_PA_T_0035675.flac,2,PA_0085,1,spoof,CB,train,0.9999988079071045,1.1920928955078125e-07,0.0,0.0,0.0,0.0,0.0,0.0,0.0,0.0,0.0,0.0,0.0
PA_train_PA_T_0036861.flac,0,PA_0098,1,spoof,BC,train,0.09276524186134338,0.08827510476112366,4837.3017578125,1150.9613037109375,1.766169548034668,2664.818603515625,668.0391845703125,1880.095703125,314.23773193359375,0.2518446147441864,0.10980308800935745,0.08788976818323135,0.09070529043674469
PA_train_PA_T_0036861.flac,1,PA_0098,1,spoof,BC,train,0.13609261810779572,0.26305723190307617,4128.22412109375,1275.92822265625,1.2383110523223877,2226.329833984375,705.8606567382812,1699.197509765625,494.06414794921875,0.1828031986951828,0.09425225108861923,0.051522836089134216,0.06931374967098236
PA_train_PA_T_0036861.flac,2,PA_0098,1,spoof,BC,train,0.9999988079071045,1.1920928955078125e-07,0.0,0.0,0.0,0.0,0.0,0.0,0.0,0.0,0.0,0.0,0.0
PA_train_PA_T_0037438.flac,0,PA_0095,1,spoof,CB,train,0.04568767920136452,0.04864245653152466,4510.16845703125,1157.6875,1.407328486442566,2041.34228515625,545.1846313476562,2031.2950439453125,332.8932800292969,0.1367032527923584,0.07246571034193039,0.12293112277984619,0.12248170375823975
PA_train_PA_T_0037438.flac,1,PA_0095,1,spoof,CB,train,0.01985589973628521,0.019737040624022484,3500.744140625,1604.757080078125,1.1607297658920288,1693.5406494140625,663.98583984375,1846.3726806640625,407.3943176269531,0.1026475727558136,0.04940786585211754,0.13953526318073273,0.0864117369055748
PA_train_PA_T_0037438.flac,2,PA_0095,1,spoof,CB,train,0.3133273720741272,0.45142507553100586,2254.21630859375,1692.20166015625,0.8676124811172485,998.3265380859375,678.0040893554688,1323.8634033203125,860.88037109375,0.0339626744389534,0.030428025871515274,0.0015517869032919407,0.0030284589156508446
PA_train_PA_T_0037707.flac,0,PA_0092,1,spoof,CC,train,0.1847486048936844,0.1119215115904808,5558.28369140625,882.4319458007812,1.1119405031204224,3231.59765625,591.3212890625,2035.132568359375,210.45323181152344,0.3500744104385376,0.09990373998880386,0.06993760168552399,0.09468679130077362
PA_train_PA_T_0037707.flac,1,PA_0092,1,spoof,CC,train,0.21588224172592163,0.31241700053215027,4242.8076171875,2012.11962890625,1.4107271432876587,2243.685302734375,1092.8824462890625,1727.2891845703125,727.3737182617188,0.1801835298538208,0.12706157565116882,0.04705825075507164,0.06150218844413757
PA_train_PA_T_0037707.flac,2,PA_0092,1,spoof,CC,train,0.9999988079071045,1.1920928955078125e-07,0.0,0.0,0.0,0.0,0.0,0.0,0.0,0.0,0.0,0.0,0.0
PA_train_PA_T_0038113.flac,0,PA_0093,1,spoof,AA,train,0.0390748456120491,0.05586977303028107,3753.22412109375,1398.4798583984375,1.1772243976593018,1824.413818359375,890.129150390625,1723.200439453125,494.8789367675781,0.1182880699634552,0.11991903930902481,0.050178755074739456,0.0754597932100296
PA_train_PA_T_0038113.flac,1,PA_0093,1,spoof,AA,train,0.6989619135856628,0.4490029513835907,1300.0992431640625,1938.955810546875,1.10664963722229,505.9410400390625,752.972412109375,672.7821655273438,989.9212646484375,0.01311383955180645,0.02452925033867359,0.0002029492607107386,0.0003566295199561864
PA_train_PA_T_0038983.flac,0,PA_0092,1,spoof,AC,train,0.17716890573501587,0.13212116062641144,5206.10107421875,1169.3702392578125,0.9640688300132751,2875.45556640625,777.7850952148438,1979.4918212890625,328.1795654296875,0.2825055718421936,0.10866329818964005,0.029975004494190216,0.05016351491212845
PA_train_PA_T_0038983.flac,1,PA_0092,1,spoof,AC,train,0.5768383145332336,0.4285424053668976,2653.02587890625,2713.955322265625,0.24718329310417175,1613.4190673828125,1661.4051513671875,935.5779418945312,960.7532348632812,0.1646515429019928,0.17530952394008636,0.028732262551784515,0.0648564025759697
PA_train_PA_T_0039182.flac,0,PA_0090,1,spoof,BC,train,0.19137679040431976,0.13220150768756866,5856.15087890625,1390.0916748046875,1.4776089191436768,3808.279541015625,1153.0791015625,1889.9654541015625,270.8147277832031,0.4279668927192688,0.1840345561504364,0.04360726848244667,0.06270509958267212
PA_train_PA_T_0039182.flac,1,PA_0090,1,spoof,BC,train,0.365035742521286,0.3882690966129303,4191.46826171875,2560.0185546875,1.2584753036499023,2507.146728515625,1618.144287109375,1474.153076171875,886.00244140625,0.252139151096344,0.19394336640834808,0.023654554039239883,0.03238706290721893
PA_train_PA_T_0040371.flac,0,PA_0098,1,spoof,AC,train,0.07766562700271606,0.0637749582529068,5509.92041015625,1325.04833984375,1.0202276706695557,3523.489990234375,1130.3468017578125,1775.3505859375,275.1448059082031,0.3981584906578064,0.15581093728542328,0.050142042338848114,0.05808217450976372
PA_train_PA_T_0040371.flac,1,PA_0098,1,spoof,AC,train,0.7070950269699097,0.4191102087497711,1834.5733642578125,2660.0224609375,1.2836309671401978,1188.8515625,1727.2203369140625,628.27685546875,906.4393310546875,0.1213727667927742,0.18757203221321106,0.010328310541808605,0.030793314799666405
PA_train_PA_T_0040500.flac,0,PA_0093,1,spoof,BA,train,0.0008655785350129008,0.0026114494539797306,925.84326171875,805.1982421875,1.2092852592468262,518.5079956054688,304.65478515625,912.6154174804688,367.48876953125,0.02477058582007885,0.01835602894425392,0.15342003107070923,0.16228492558002472
PA_train_PA_T_0040500.flac,1,PA_0093,1,spoof,BA,train,0.0005706638912670314,0.0027955102268606424,334.3254089355469,477.794189453125,0.1311003714799881,367.5111999511719,213.30796813964844,1015.7163696289062,328.1233215332031,0.0126953125,0.006812646519392729,0.01334577240049839,0.03324062004685402
PA_train_PA_T_0040628.flac,0,PA_0089,1,spoof,BB,train,0.013955737464129925,0.01820283755660057,3045.138916015625,1534.0240478515625,0.691032350063324,1295.0458984375,560.304443359375,1700.7509765625,463.89312744140625,0.0641896054148674,0.044272955507040024,0.046867720782756805,0.07620210945606232
PA_train_PA_T_0040628.flac,1,PA_0089,1,spoof,BB,train,0.030453069135546684,0.05563901364803314,2646.577392578125,2042.8895263671875,0.7461434602737427,1511.567138671875,1243.7210693359375,1379.4134521484375,538.6189575195312,0.1205357164144516,0.1376705914735794,0.09968768060207367,0.12377956509590149
PA_train_PA_T_0040628.flac,2,PA_0089,1,spoof,BB,train,0.7241334319114685,0.4365387558937073,825.8928833007812,1655.2877197265625,0.047891467809677124,429.3550720214844,849.9863891601562,442.28497314453125,757.0308837890625,0.0236545130610466,0.05239006131887436,0.0011281652841717005,0.0028518836479634047
PA_train_PA_T_0041201.flac,0,PA_0096,1,spoof,CB,train,0.02951890602707863,0.0348825678229332,4093.75,1828.937744140625,0.8043493628501892,1852.4940185546875,752.912109375,1910.98681640625,612.184326171875,0.1105840802192688,0.06766466051340103,0.055581606924533844,0.06858239322900772
PA_train_PA_T_0041201.flac,1,PA_0096,1,spoof,CB,train,0.5873898863792419,0.479805052280426,1990.8233642578125,2558.462890625,1.032393217086792,840.0392456054688,1044.3995361328125,899.3765258789062,1113.7464599609375,0.0345827117562294,0.05173591151833534,0.011556372977793217,0.02831074595451355
PA_train_PA_T_0042083.flac,0,PA_0088,1,spoof,BB,train,0.08709847182035446,0.06467778235673904,5896.5771484375,1553.2999267578125,0.07993798702955246,2835.132568359375,995.531494140625,2410.77685546875,519.2212524414062,0.1990947425365448,0.14900267124176025,0.03257692605257034,0.08279548585414886
PA_train_PA_T_0042083.flac,1,PA_0088,1,spoof,BB,train,0.26308900117874146,0.41286978125572205,2891.864990234375,2191.894775390625,0.7563573718070984,1349.35107421875,892.1901245117188,1275.420166015625,913.8461303710938,0.090308777987957,0.06903034448623657,0.06676284968852997,0.1157570332288742
PA_train_PA_T_0042091.flac,0,PA_0089,1,spoof,BB,train,0.03702373802661896,0.026757676154375076,4185.763671875,698.4334716796875,1.2161409854888916,2333.496826171875,584.1509399414062,1726.1319580078125,247.52462768554688,0.2169983834028244,0.0934654101729393,0.051698606461286545,0.07315593957901001
PA_train_PA_T_0042091.flac,1,PA_0089,1,spoof,BB,train,0.40025660395622253,0.46641698479652405,2581.34912109375,2221.005615234375,0.9529125094413757,1477.9893798828125,1380.9708251953125,1076.50341796875,848.4046630859375,0.127309650182724,0.15178082883358002,0.024139508605003357,0.03275076672434807
PA_train_PA_T_0043345.flac,0,PA_0085,1,spoof,AA,train,0.034347984939813614,0.034665290266275406,4129.96044921875,838.1594848632812,0.03205735981464386,1862.8624267578125,575.8235473632812,1954.904296875,297.8251647949219,0.1107390895485878,0.09217151999473572,0.002162330085411668,0.003592205001041293
PA_train_PA_T_0043345.flac,1,PA_0085,1,spoof,AA,train,0.016950970515608788,0.043568167835474014,2697.420654296875,1901.1656494140625,1.313037395477295,1414.4195556640625,986.1834716796875,1521.4130859375,597.1495361328125,0.0946955606341362,0.08692406862974167,0.17656822502613068,0.1254955232143402
PA_train_PA_T_0043345.flac,2,PA_0085,1,spoof,AA,train,0.7740877270698547,0.39036524295806885,1167.65869140625,2056.80517578125,0.1533413529396057,613.493408203125,1089.8057861328125,495.4187927246094,859.8463134765625,0.0400545634329319,0.08303406834602356,0.0006012156372889876,0.00161729974206537
PA_train_PA_T_0043501.flac,0,PA_0093,1,spoof,AA,train,0.04007281735539436,0.077722929418087,3557.291748046875,1322.9810791015625,0.8850272297859192,1621.406005859375,560.8880615234375,1681.054931640625,529.7155151367188,0.0958891361951828,0.0656796246767044,0.05658772215247154,0.07927341014146805
PA_train_PA_T_0043501.flac,1,PA_0093,1,spoof,AA,train,0.616705596446991,0.4744342863559723,1812.251953125,2199.50390625,0.9981748461723328,699.0509033203125,872.1920776367188,888.1946411132812,1063.9072265625,0.012896825559437275,0.01787628047168255,0.0001921803632285446,0.00030730542493984103
PA_train_PA_T_0044738.flac,0,PA_0086,1,spoof,CB,train,0.016114406287670135,0.0151298139244318,4151.28955078125,1732.61865234375,1.5163980722427368,1808.4207763671875,573.8287963867188,2112.40576171875,433.8611755371094,0.0906808003783226,0.058147132396698,0.041697852313518524,0.064665287733078
PA_train_PA_T_0044738.flac,1,PA_0086,1,spoof,CB,train,0.02101518027484417,0.037115249782800674,3268.60107421875,1729.7601318359375,1.0037492513656616,1649.6641845703125,758.1836547851562,1694.7578125,524.0404663085938,0.1085069477558136,0.053254853934049606,0.11336491256952286,0.07119498401880264
PA_train_PA_T_0044738.flac,2,PA_0086,1,spoof,CB,train,0.2992382347583771,0.4285910427570343,2539.4345703125,2309.6591796875,0.8914440274238586,1157.7567138671875,1000.4656982421875,1309.3726806640625,924.0843505859375,0.0541139617562294,0.07795209437608719,0.04050782695412636,0.06788225471973419
PA_train_PA_T_0047363.flac,0,PA_0098,1,spoof,BA,train,0.008526979945600033,0.01900031417608261,2423.859130859375,1582.9674072265625,0.7995896935462952,1212.498046875,640.4658813476562,1583.94580078125,376.75396728515625,0.0590897835791111,0.06615018844604492,0.1454668492078781,0.13344110548496246
PA_train_PA_T_0047363.flac,1,PA_0098,1,spoof,BA,train,0.007074196822941303,0.011783070862293243,1949.9007568359375,1729.202880859375,1.0789393186569214,914.6735229492188,727.26123046875,1230.6116943359375,518.5961303710938,0.0490296371281147,0.05492866039276123,0.08185254037380219,0.11095228791236877
PA_train_PA_T_0047363.flac,2,PA_0098,1,spoof,BA,train,0.9367421269416809,0.24294333159923553,123.75991821289062,535.2781372070312,0.08053026348352432,55.22771453857422,223.05873107910156,107.45387268066406,416.35931396484375,3.100198591710068e-05,0.000171214051079005,4.507910034590168e-06,1.974380029423628e-05
PA_train_PA_T_0048359.flac,0,PA_0080,1,spoof,CC,train,0.11075211316347122,0.09083187580108643,5201.388671875,1075.4820556640625,0.6134758591651917,3203.73046875,744.2968139648438,1832.91845703125,317.584716796875,0.358661949634552,0.11415359377861023,0.052677083760499954,0.07516726106405258
PA_train_PA_T_0048359.flac,1,PA_0080,1,spoof,CC,train,0.4005889594554901,0.43261948227882385,3595.486083984375,2658.434814453125,1.1575496196746826,2137.068359375,1592.620849609375,1292.94677734375,928.98779296875,0.216440349817276,0.18753933906555176,0.020760441198945045,0.0333329513669014
PA_train_PA_T_0048590.flac,0,PA_0098,1,spoof,CC,train,0.06902556866407394,0.07567773014307022,4613.34326171875,1041.807861328125,0.8345720767974854,2629.187744140625,663.2031860351562,1780.615234375,290.3382873535156,0.2685236930847168,0.11364547163248062,0.08433005213737488,0.08061645925045013
PA_train_PA_T_0048590.flac,1,PA_0098,1,spoof,CC,train,0.07953575253486633,0.06574393808841705,4994.29541015625,1319.2801513671875,1.5014573335647583,3200.021728515625,1016.4034423828125,1803.0496826171875,305.44610595703125,0.3776816725730896,0.16112196445465088,0.06452532857656479,0.05868614837527275
PA_train_PA_T_0048590.flac,2,PA_0098,1,spoof,CC,train,0.5707836747169495,0.4523472785949707,2307.291748046875,2471.774658203125,1.693353533744812,1095.9373779296875,1192.9835205078125,1014.8203735351562,1069.1356201171875,0.0726531520485878,0.1092798113822937,0.00012345639697741717,0.00020524200226645917
PA_train_PA_T_0048949.flac,0,PA_0096,1,spoof,AA,train,0.02463637664914131,0.03357277438044548,3379.71240234375,1447.9425048828125,0.9912775158882141,1529.05517578125,722.9942626953125,1603.6427001953125,534.9343872070312,0.0915488600730896,0.08229397237300873,0.13497112691402435,0.12833459675312042
PA_train_PA_T_0048949.flac,1,PA_0096,1,spoof,AA,train,0.4208298623561859,0.45641282200813293,2755.208251953125,2374.8369140625,0.7674399018287659,1362.271728515625,1185.9271240234375,1197.1871337890625,995.1364135742188,0.0944630429148674,0.11189548671245575,0.022894613444805145,0.051148541271686554
PA_train_PA_T_0050891.flac,0,PA_0080,1,spoof,AC,train,0.14802181720733643,0.13901667296886444,4885.66455078125,1385.6063232421875,0.9309865832328796,2851.890380859375,857.1563720703125,1726.35546875,332.1967468261719,0.2934802770614624,0.12281597405672073,0.05006791651248932,0.06303688883781433
PA_train_PA_T_0050891.flac,1,PA_0080,1,spoof,AC,train,0.6981846690177917,0.43137773871421814,1475.6944580078125,2088.273193359375,0.3984554409980774,835.1807861328125,1162.750732421875,591.7512817382812,823.7332153320312,0.0582682304084301,0.08953522145748138,0.00034076152951456606,0.0009532852564007044
PA_train_PA_T_0051504.flac,0,PA_0083,1,spoof,BC,train,0.07933825254440308,0.06160227581858635,4557.78759765625,1079.3289794921875,1.080499529838562,2457.19140625,659.7418823242188,1803.7022705078125,390.0850830078125,0.2476593554019928,0.09332527220249176,0.05841930955648422,0.10500036925077438
PA_train_PA_T_0051504.flac,1,PA_0083,1,spoof,BC,train,0.0192317683249712,0.01909060962498188,3546.37890625,871.3206176757812,0.49463680386543274,1867.009765625,502.115478515625,1592.3031005859375,287.1924743652344,0.154203861951828,0.062319714576005936,0.1081245169043541,0.07023359835147858
PA_train_PA_T_0051504.flac,2,PA_0083,1,spoof,BC,train,0.03120030276477337,0.034467972815036774,4263.39306640625,1315.743408203125,1.2639240026474,2238.71337890625,857.34228515625,1879.1448974609375,435.5506286621094,0.1888640820980072,0.11267650872468948,0.04319491237401962,0.038347966969013214
PA_train_PA_T_0051504.flac,3,PA_0083,1,spoof,BC,train,0.9691194891929626,0.15350010991096497,277.28173828125,1248.278076171875,0.814144492149353,139.559326171875,639.4981079101562,109.91165161132812,491.6553039550781,0.0008680555620230734,0.004480618052184582,5.175413093638781e-07,2.4841087906679604e-06
PA_train_PA_T_0051914.flac,0,PA_0088,1,spoof,CB,train,0.023698652163147926,0.02859002724289894,3670.386962890625,1724.3297119140625,1.193841576576233,1795.3385009765625,835.702880859375,1734.81884765625,596.1192016601562,0.1356646865606308,0.10128074884414673,0.13953116536140442,0.11987684667110443
PA_train_PA_T_0051914.flac,1,PA_0088,1,spoof,CB,train,0.032468151301145554,0.02857145480811596,4361.111328125,2128.68994140625,1.5136611461639404,2486.92236328125,1644.7952880859375,2022.9263916015625,445.0960693359375,0.2279110848903656,0.24643443524837494,0.03639424592256546,0.0462706983089447
PA_train_PA_T_0051914.flac,2,PA_0088,1,spoof,CB,train,0.8934610486030579,0.30173319578170776,433.7797546386719,1227.212646484375,0.6547717452049255,170.21290588378906,481.6844482421875,229.80862426757812,650.0108032226562,0.0006510416860692203,0.001960860099643469,2.4364403543586377e-06,7.49654054743587e-06
PA_train_PA_T_0052233.flac,0,PA_0085,1,spoof,AA,train,0.008321274071931839,0.010291175916790962,2359.623046875,1406.245849609375,2.20141339302063,1211.9383544921875,667.1007080078125,1605.6461181640625,372.917236328125,0.0655071958899498,0.0645090714097023,0.042069125920534134,0.07530852407217026
PA_train_PA_T_0052233.flac,1,PA_0085,1,spoof,AA,train,0.022065281867980957,0.022742701694369316,3743.0556640625,1163.958984375,1.254101037979126,1718.01123046875,477.9296875,1771.27490234375,296.33795166015625,0.1057322695851326,0.049254465848207474,0.09177375584840775,0.08561813086271286
PA_train_PA_T_0052233.flac,2,PA_0085,1,spoof,AA,train,0.3044370710849762,0.4572167992591858,1068.9483642578125,1261.0733642578125,1.4436804056167603,531.4312744140625,435.6383361816406,1093.9212646484375,751.7989501953125,0.00437127985060215,0.005407558288425207,0.000520698435138911,0.0007043232908472419
PA_train_PA_T_0052422.flac,0,PA_0083,1,spoof,AC,train,0.11650706827640533,0.12154160439968109,4500.744140625,1318.3814697265625,0.7793665528297424,2697.33056640625,855.3579711914062,1695.1727294921875,378.6199645996094,0.2761346697807312,0.11270447075366974,0.06247147545218468,0.08573420345783234
PA_train_PA_T_0052422.flac,1,PA_0083,1,spoof,AC,train,0.07689173519611359,0.06745436787605286,4510.91259765625,1199.6256103515625,1.047539234161377,2536.721435546875,774.97705078125,1821.1590576171875,343.499267578125,0.2498604953289032,0.11133177578449249,0.04231244698166847,0.02344510890543461
PA_train_PA_T_0052422.flac,2,PA_0083,1,spoof,AC,train,0.6449993848800659,0.40647581219673157,2484.375,2713.275390625,0.5817919969558716,1344.6187744140625,1474.5076904296875,929.8140869140625,1013.0851440429688,0.1034846231341362,0.13223187625408173,0.0004929565475322306,0.0012260769726708531
PA_train_PA_T_0052422.flac,3,PA_0083,1,spoof,AC,train,0.9999988079071045,1.1920928955078125e-07,0.0,0.0,0.0,0.0,0.0,0.0,0.0,0.0,0.0,0.0,0.0
PA_train_PA_T_0052701.flac,0,PA_0096,1,spoof,BA,train,0.006944391410797834,0.008971449919044971,2840.02978515625,1450.995849609375,1.4320412874221802,1188.4229736328125,448.85369873046875,1545.6727294921875,645.3159790039062,0.0472625233232975,0.02630455791950226,0.14771147072315216,0.14026205241680145
PA_train_PA_T_0052701.flac,1,PA_0096,1,spoof,BA,train,0.020940275862812996,0.019083721563220024,3149.801513671875,1361.656982421875,1.3451844453811646,1489.6029052734375,496.63037109375,1583.45556640625,542.2245483398438,0.0882936492562294,0.04223558306694031,0.07784781605005264,0.08681530505418777
PA_train_PA_T_0052701.flac,2,PA_0096,1,spoof,BA,train,0.5727445483207703,0.4933784008026123,792.1627197265625,1118.9786376953125,0.407610148191452,372.0129699707031,464.3191833496094,723.4378051757812,847.4300537109375,0.0030691963620483875,0.005305824335664511,0.00034502631751820445,0.0007215402438305318
PA_val_PA_T_0000024.flac,0,PA_0081,0,bonafide,-,val,0.01798412576317787,0.022203287109732628,3794.642822265625,1277.1993408203125,1.0490487813949585,1733.56884765625,761.515869140625,1775.025634765625,481.7198181152344,0.104957215487957,0.09955721348524094,0.10236523300409317,0.11927493661642075
PA_val_PA_T_0000024.flac,1,PA_0081,0,bonafide,-,val,0.03089970164000988,0.064621202647686,3297.619140625,1557.590087890625,0.7580294609069824,1577.491943359375,842.3040771484375,1571.99267578125,505.7578430175781,0.106290303170681,0.10331101715564728,0.08061870187520981,0.08448941260576248
PA_val_PA_T_0000024.flac,2,PA_0081,0,bonafide,-,val,0.9374522566795349,0.24022416770458221,196.42857360839844,767.97607421875,0.003863472258672118,78.40838623046875,305.838134765625,121.42632293701172,466.89288330078125,0.0009300595265813172,0.0048918831162154675,2.844228220055811e-05,0.00014265913341660053
PA_val_PA_T_0000034.flac,0,PA_0082,0,bonafide,-,val,0.02071314863860607,0.029966728761792183,3840.77392578125,1384.01416015625,0.8225622177124023,1657.8702392578125,742.528076171875,1875.1549072265625,423.13360595703125,0.0886966735124588,0.08423661440610886,0.07417159527540207,0.123441182076931
PA_val_PA_T_0000034.flac,1,PA_0082,0,bonafide,-,val,0.0361463725566864,0.057347364723682404,3805.803466796875,1597.710205078125,0.8268901109695435,1921.1739501953125,1087.7027587890625,1697.6607666015625,368.5914306640625,0.1668526828289032,0.13700111210346222,0.09146353602409363,0.07616734504699707
PA_val_PA_T_0000034.flac,2,PA_0082,0,bonafide,-,val,0.8443586826324463,0.35845261812210083,542.90673828125,1338.528564453125,0.24192671477794647,222.5518341064453,534.8253784179688,294.9666748046875,693.7527465820312,0.00539434514939785,0.015552029944956303,0.00021104386541992426,0.000695673399604857
PA_val_PA_T_0001323.flac,0,PA_0091,0,bonafide,-,val,0.01391249056905508,0.01933102309703827,3226.6865234375,1154.9417724609375,1.301608920097351,1401.23583984375,446.22381591796875,1691.1678466796875,424.4914855957031,0.0613839291036129,0.036324333399534225,0.1315997987985611,0.16777408123016357
PA_val_PA_T_0001323.flac,1,PA_0091,0,bonafide,-,val,0.018962278962135315,0.12493064254522324,2586.8056640625,2165.1455078125,1.3043925762176514,1140.485595703125,645.92919921875,1622.50146484375,670.7517700195312,0.035001240670681,0.016478655859827995,0.11276822537183762,0.13643798232078552
PA_val_PA_T_0001823.flac,0,PA_0081,0,bonafide,-,val,0.027632033452391624,0.06260230392217636,3891.12109375,1598.41650390625,0.813935399055481,1751.1859130859375,848.4974365234375,1791.64404296875,557.0193481445312,0.1058562770485878,0.12012135237455368,0.09565208852291107,0.09697841107845306
PA_val_PA_T_0001823.flac,1,PA_0081,0,bonafide,-,val,0.040872104465961456,0.05529513955116272,4400.79345703125,1524.0587158203125,1.1115950345993042,2208.415771484375,1167.659423828125,1859.1156005859375,488.9371643066406,0.1791759729385376,0.1930374950170517,0.037385642528533936,0.04062141850590706
PA_val_PA_T_0001823.flac,2,PA_0081,0,bonafide,-,val,0.926034688949585,0.25256404280662537,400.0495910644531,1363.809326171875,0.008305678144097328,158.7192840576172,547.2984619140625,183.2914276123047,624.38916015625,0.0035342262126505375,0.013984334655106068,2.1765245037386194e-05,9.718832734506577e-05
PA_val_PA_T_0002437.flac,0,PA_0082,0,bonafide,-,val,0.028890464454889297,0.04221712797880173,3770.585205078125,1098.126953125,0.36926886439323425,1737.04443359375,720.9187622070312,1805.6075439453125,321.13409423828125,0.0959356427192688,0.07784484326839447,0.053255386650562286,0.08825057744979858
PA_val_PA_T_0002437.flac,1,PA_0082,0,bonafide,-,val,0.015016579069197178,0.028302587568759918,3005.704345703125,1677.6846923828125,1.1664162874221802,1525.2698974609375,1021.9089965820312,1541.79443359375,450.1749572753906,0.117497518658638,0.11116167902946472,0.10510886460542679,0.04780741035938263
PA_val_PA_T_0002437.flac,2,PA_0082,0,bonafide,-,val,0.513712465763092,0.4941428303718567,1605.65478515625,1831.0399169921875,0.5648958683013916,718.251220703125,871.0603637695312,848.7203979492188,891.97021484375,0.0388919897377491,0.07138392329216003,0.023154856637120247,0.04580581933259964
PA_val_PA_T_0002823.flac,0,PA_0081,0,bonafide,-,val,0.013362416997551918,0.02097645215690136,3856.15087890625,1357.8736572265625,0.5869426727294922,1706.6280517578125,573.7359008789062,1816.4500732421875,524.9761962890625,0.0903242826461792,0.057493407279253006,0.09705524891614914,0.10052744299173355
PA_val_PA_T_0002823.flac,1,PA_0081,0,bonafide,-,val,0.05222795158624649,0.063006691634655,4664.6826171875,1371.844970703125,1.2907381057739258,2334.625,929.7591552734375,1965.382568359375,474.42626953125,0.1979476660490036,0.15723870694637299,0.0402257926762104,0.040536802262067795
PA_val_PA_T_0002823.flac,2,PA_0081,0,bonafide,-,val,0.8325282335281372,0.3641577959060669,842.5099487304688,1839.2535400390625,0.3349141776561737,348.4547119140625,761.8003540039062,394.34716796875,858.34326171875,0.00933159701526165,0.02202763594686985,3.864290192723274e-05,0.00012034484097966924
PA_val_PA_T_0003439.flac,0,PA_0082,0,bonafide,-,val,0.026052584871649742,0.03596542775630951,3405.505859375,1333.7181396484375,1.0548206567764282,1572.7518310546875,561.9057006835938,1680.7877197265625,451.9440612792969,0.0944630429148674,0.05105867609381676,0.09890689700841904,0.10375770926475525
PA_val_PA_T_0003439.flac,1,PA_0082,0,bonafide,-,val,0.03250042721629143,0.042274441570043564,3730.40673828125,1369.8297119140625,1.1558226346969604,1837.1343994140625,859.676025390625,1720.819580078125,452.989013671875,0.140268474817276,0.11399569362401962,0.10280713438987732,0.061091888695955276
PA_val_PA_T_0003439.flac,2,PA_0082,0,bonafide,-,val,0.7465627193450928,0.41731491684913635,1319.6925048828125,2089.926025390625,0.24379663169384003,663.5698852539062,1083.235595703125,606.8551025390625,960.6725463867188,0.0433252714574337,0.09801603108644485,7.15546848368831e-05,0.0002056254743365571
PA_val_PA_T_0004129.flac,0,PA_0091,0,bonafide,-,val,0.05232034996151924,0.0635250061750412,4422.123046875,1603.6363525390625,0.7746534943580627,2255.552001953125,1156.8720703125,1903.2391357421875,456.020751953125,0.1692243367433548,0.14317657053470612,0.08704082667827606,0.10241077095270157
PA_val_PA_T_0004129.flac,1,PA_0091,0,bonafide,-,val,0.36066073179244995,0.4686446189880371,2375.0,2182.7666015625,0.6041749715805054,1215.1329345703125,1420.8521728515625,1107.224853515625,863.8502807617188,0.0918743833899498,0.1717294603586197,0.0404663123190403,0.05844810977578163
PA_val_PA_T_0004721.flac,0,PA_0091,0,bonafide,-,val,0.01701090857386589,0.017740989103913307,3533.978271484375,1071.3680419921875,1.257002592086792,1631.7547607421875,283.2386779785156,1685.5694580078125,453.849365234375,0.0995783731341362,0.04183308035135269,0.08802575618028641,0.10732685774564743
PA_val_PA_T_0004721.flac,1,PA_0091,0,bonafide,-,val,0.026406235992908478,0.040722887963056564,4277.77783203125,2276.03466796875,1.0543413162231445,2373.917236328125,1749.6910400390625,1861.4188232421875,592.4229125976562,0.219106525182724,0.2604377269744873,0.06617875397205353,0.052787698805332184
PA_val_PA_T_0004721.flac,2,PA_0091,0,bonafide,-,val,0.8885596990585327,0.3098328709602356,493.55157470703125,1295.4971923828125,0.40827760100364685,185.67845153808594,488.00054931640625,265.7654113769531,696.9468994140625,0.0013020833721384406,0.00407319376245141,6.750875400030054e-06,2.1287913114065304e-05
PA_val_PA_T_0004924.flac,0,PA_0091,0,bonafide,-,val,0.0629437193274498,0.0808665007352829,4507.4404296875,1249.18701171875,1.2968846559524536,2200.949951171875,755.2169189453125,1947.7564697265625,381.0701599121094,0.1554284542798996,0.09731341898441315,0.14993174374103546,0.11950959265232086
PA_val_PA_T_0004924.flac,1,PA_0091,0,bonafide,-,val,0.062095966190099716,0.21103861927986145,3131.696533203125,1486.9735107421875,0.8545997738838196,1407.260986328125,740.2678833007812,1732.82177734375,536.910888671875,0.0664992555975914,0.08149800449609756,0.03750084713101387,0.05418975278735161
PA_val_PA_T_0004956.flac,0,PA_0094,0,bonafide,-,val,0.04278738051652908,0.052987582981586456,3947.916748046875,1270.1409912109375,0.836685061454773,1882.0535888671875,788.8456420898438,1829.38525390625,407.7342529296875,0.1341300904750824,0.11309604346752167,0.09293735027313232,0.08593102544546127
PA_val_PA_T_0004956.flac,1,PA_0094,0,bonafide,-,val,0.5992134213447571,0.45000818371772766,2302.827392578125,2609.144775390625,0.3144056499004364,1257.8052978515625,1508.7418212890625,970.8973388671875,1086.9305419921875,0.1162729412317276,0.1751679629087448,0.002014490542933345,0.005807759240269661
PA_val_PA_T_0004959.flac,0,PA_0094,0,bonafide,-,val,0.044198933988809586,0.07234486192464828,3782.489990234375,1389.562255859375,0.6738940477371216,1745.9219970703125,685.2720947265625,1821.047119140625,446.9896240234375,0.1078714057803154,0.08797013014554977,0.06358161568641663,0.08758023381233215
PA_val_PA_T_0004959.flac,1,PA_0094,0,bonafide,-,val,0.6879876852035522,0.43013429641723633,1626.2401123046875,2262.506103515625,0.3735387921333313,795.082763671875,1100.58056640625,714.0866088867188,982.8273315429688,0.0385819710791111,0.06201733276247978,0.0002729884290602058,0.000729150720871985
PA_val_PA_T_0005032.flac,0,PA_0082,0,bonafide,-,val,0.037512075155973434,0.0444098524749279,3726.9345703125,923.3256225585938,0.9683098793029785,1780.1744384765625,541.8461303710938,1834.5328369140625,276.3477783203125,0.1139322891831398,0.07251676917076111,0.062464162707328796,0.10035642981529236
PA_val_PA_T_0005032.flac,1,PA_0082,0,bonafide,-,val,0.012180461548268795,0.020590046420693398,2870.28759765625,1294.76708984375,0.7772642970085144,1350.66259765625,589.2766723632812,1592.3106689453125,392.8481750488281,0.075241819024086,0.05803496763110161,0.13528376817703247,0.08738993853330612
PA_val_PA_T_0005032.flac,2,PA_0082,0,bonafide,-,val,0.6693598031997681,0.4676501452922821,861.111083984375,1396.9991455078125,0.4677436053752899,377.8302307128906,574.085205078125,586.8533325195312,828.903564453125,0.00632440485060215,0.009620160795748234,0.00025281053967773914,0.0006194832967594266
PA_val_PA_T_0005866.flac,0,PA_0082,1,spoof,AB,val,0.056369684636592865,0.04788884148001671,4417.41064453125,682.6716918945312,1.269914150238037,2333.336181640625,681.2760620117188,1811.4271240234375,272.41876220703125,0.2054501473903656,0.10173948109149933,0.037678640335798264,0.057934168726205826
PA_val_PA_T_0005866.flac,1,PA_0082,1,spoof,AB,val,0.017632074654102325,0.0263983067125082,3851.4384765625,1041.2010498046875,0.8668660521507263,2172.912841796875,1036.1591796875,1494.2662353515625,265.6911926269531,0.2112630158662796,0.13807609677314758,0.07636334747076035,0.03987657651305199
PA_val_PA_T_0005866.flac,2,PA_0082,1,spoof,AB,val,0.6693413257598877,0.45193570852279663,1661.706298828125,2282.024658203125,0.03979090601205826,908.9879760742188,1315.8389892578125,645.1820068359375,912.4611206054688,0.0707000270485878,0.12723380327224731,0.00223912438377738,0.008548271842300892
PA_val_PA_T_0013795.flac,0,PA_0081,1,spoof,BC,val,0.004341767635196447,0.006401476450264454,2218.005859375,1002.521240234375,0.692918062210083,1126.2957763671875,338.9093017578125,1395.14013671875,432.144775390625,0.063523069024086,0.029232438653707504,0.0794629156589508,0.10409664362668991
PA_val_PA_T_0013795.flac,1,PA_0081,1,spoof,BC,val,0.004680375102907419,0.00413420470431447,2355.65478515625,975.8909912109375,0.9446534514427185,1097.90869140625,233.1707000732422,1565.49365234375,447.1579895019531,0.053044393658638,0.020559657365083694,0.021845819428563118,0.03634420782327652
PA_val_PA_T_0013795.flac,2,PA_0081,1,spoof,BC,val,0.9232625961303711,0.2614800035953522,338.0456237792969,1157.4803466796875,0.222965806722641,133.60887145996094,459.6223449707031,168.38101196289062,573.7903442382812,0.0008680555620230734,0.0032041717786341906,3.0891540063748835e-06,1.2119827260903548e-05
PA_val_PA_T_0019347.flac,0,PA_0091,1,spoof,BC,val,0.11660145223140717,0.06879076361656189,6039.6826171875,1060.2064208984375,1.1888177394866943,3777.678466796875,738.8154907226562,2021.081787109375,324.7223205566406,0.44318887591362,0.12692755460739136,0.10078808665275574,0.07730145752429962
PA_val_PA_T_0019347.flac,1,PA_0091,1,spoof,BC,val,0.09883981943130493,0.16166521608829498,5021.08154296875,1561.4310302734375,1.4945062398910522,2560.477294921875,1091.1478271484375,2106.380126953125,408.8988037109375,0.1896701455116272,0.194468155503273,0.02769671566784382,0.03325057402253151
PA_val_PA_T_0019347.flac,2,PA_0091,1,spoof,BC,val,0.9999988079071045,1.1920928955078125e-07,0.0,0.0,0.0,0.0,0.0,0.0,0.0,0.0,0.0,0.0,0.0
PA_val_PA_T_0021501.flac,0,PA_0091,1,spoof,CC,val,0.08383823931217194,0.07308679074048996,4773.0654296875,1019.4044189453125,1.4074068069458008,2608.5224609375,437.70184326171875,1821.4725341796875,366.65185546875,0.2724454402923584,0.05389999598264694,0.06884881854057312,0.09512278437614441
PA_val_PA_T_0021501.flac,1,PA_0091,1,spoof,CC,val,0.08556520193815231,0.15878427028656006,5757.4404296875,1349.9385986328125,0.9733481407165527,3171.245849609375,701.324462890625,2232.583740234375,460.12548828125,0.3148561418056488,0.11995338648557663,0.03530827909708023,0.04441987723112106
PA_val_PA_T_0021501.flac,2,PA_0091,1,spoof,CC,val,0.9999988079071045,1.1920928955078125e-07,0.0,0.0,0.0,0.0,0.0,0.0,0.0,0.0,0.0,0.0,0.0
PA_val_PA_T_0022097.flac,0,PA_0082,1,spoof,AB,val,0.023741940036416054,0.03187812864780426,3817.708251953125,1047.520751953125,0.7096807360649109,1692.6171875,704.8102416992188,1821.6619873046875,359.23577880859375,0.095238097012043,0.08810339868068695,0.06828515976667404,0.11556505411863327
PA_val_PA_T_0022097.flac,1,PA_0082,1,spoof,AB,val,0.037158023566007614,0.058376066386699677,3775.793701171875,1350.9810791015625,1.0340983867645264,1971.75341796875,1036.0640869140625,1638.841552734375,308.21533203125,0.1756727397441864,0.12921778857707977,0.0834546610713005,0.0660359337925911
PA_val_PA_T_0022097.flac,2,PA_0082,1,spoof,AB,val,0.8557516932487488,0.34445449709892273,558.77978515625,1342.90966796875,0.21568752825260162,236.1168212890625,564.3814086914062,287.285400390625,672.7529296875,0.00635540671646595,0.017786050215363503,0.00020026980200782418,0.0006564079667441547
PA_val_PA_T_0030047.flac,0,PA_0082,1,spoof,CA,val,0.024617791175842285,0.02862221747636795,3462.549560546875,1315.824951171875,0.7273648977279663,1532.69677734375,564.2489013671875,1875.5230712890625,313.0792236328125,0.0843873992562294,0.06219763681292534,0.022462859749794006,0.05306125432252884
PA_val_PA_T_0030047.flac,1,PA_0082,1,spoof,CA,val,0.008456663228571415,0.013977471739053726,2760.664794921875,818.7802124023438,1.2482281923294067,1307.736572265625,301.7142639160156,1426.7073974609375,284.4730224609375,0.092153400182724,0.03448120504617691,0.14464452862739563,0.062416501343250275
PA_val_PA_T_0030047.flac,2,PA_0082,1,spoof,CA,val,0.29219886660575867,0.4311373233795166,2566.71630859375,1921.0758056640625,1.10427987575531,1357.9185791015625,1146.5455322265625,1347.3658447265625,836.943115234375,0.103314109146595,0.14034658670425415,0.00995664857327938,0.01900983788073063
PA_val_PA_T_0032150.flac,0,PA_0081,1,spoof,CC,val,0.1250450760126114,0.12363947182893753,5297.37109375,1356.305419921875,0.7668995261192322,3011.101806640625,813.1583862304688,1896.876708984375,438.71185302734375,0.315786212682724,0.11742446571588516,0.07338855415582657,0.08854494243860245
PA_val_PA_T_0032150.flac,1,PA_0081,1,spoof,CC,val,0.09538833051919937,0.11745354533195496,4688.4921875,1287.859375,0.9698845744132996,2752.62744140625,800.7503662109375,1691.81103515625,404.8882141113281,0.2906900942325592,0.10712680965662003,0.05405861511826515,0.059964779764413834
PA_val_PA_T_0032150.flac,2,PA_0081,1,spoof,CC,val,0.8948293924331665,0.24588759243488312,1093.998046875,2383.589111328125,0.23994040489196777,595.6430053710938,1305.3045654296875,394.51556396484375,858.1954956054688,0.0383029505610466,0.10054121911525726,1.7836051483755e-05,5.821044396725483e-05
PA_val_PA_T_0032471.flac,0,PA_0082,1,spoof,AA,val,0.035799164324998856,0.05626372620463371,3426.09130859375,1320.1021728515625,0.9756199717521667,1563.9598388671875,590.6961059570312,1683.4281005859375,444.60516357421875,0.0941375270485878,0.05644238367676735,0.09360513836145401,0.09535105526447296
PA_val_PA_T_0032471.flac,1,PA_0082,1,spoof,AA,val,0.03106437623500824,0.041059330105781555,3707.83740234375,1399.21533203125,0.943444013595581,1809.0228271484375,851.7708740234375,1701.8345947265625,448.91473388671875,0.1434461772441864,0.10644468665122986,0.08972698450088501,0.05520870164036751
PA_val_PA_T_0032471.flac,2,PA_0082,1,spoof,AA,val,0.5862215757369995,0.46499043703079224,2379.71240234375,2701.1044921875,0.6833861470222473,1275.131591796875,1485.5528564453125,993.5387573242188,1119.1763916015625,0.1049417182803154,0.15526138246059418,0.00020699025481007993,0.00045655068242922425
PA_val_PA_T_0037847.flac,0,PA_0081,1,spoof,AA,val,0.0290458332747221,0.060798678547143936,3978.670654296875,1626.4761962890625,0.7715383172035217,1786.681396484375,854.4078369140625,1806.166748046875,571.9651489257812,0.1092354878783226,0.1219075471162796,0.08656985312700272,0.08620699495077133
PA_val_PA_T_0037847.flac,1,PA_0081,1,spoof,AA,val,0.04717462509870529,0.059691037982702255,4473.46240234375,1539.2808837890625,1.6730024814605713,2224.509765625,1156.8179931640625,1877.55859375,496.8579406738281,0.17911396920681,0.19136454164981842,0.03558605909347534,0.0384925901889801
PA_val_PA_T_0037847.flac,2,PA_0081,1,spoof,AA,val,0.9127520322799683,0.2694880962371826,519.8412475585938,1608.82763671875,0.012642729096114635,207.7281494140625,647.9888916015625,229.21920776367188,706.963134765625,0.0048983134329319,0.016775712370872498,1.7978463802137412e-05,7.824543718015775e-05
PA_val_PA_T_0041073.flac,0,PA_0082,1,spoof,CB,val,0.02651841938495636,0.05071399733424187,3719.989990234375,1473.8184814453125,1.4888396263122559,1726.9954833984375,750.2777709960938,1846.5831298828125,408.3953857421875,0.1070808544754982,0.08648116141557693,0.04861430823802948,0.07989252358675003
PA_val_PA_T_0041073.flac,1,PA_0082,1,spoof,CB,val,0.010906023904681206,0.020192399621009827,2929.0673828125,1901.2523193359375,0.8552217483520508,1553.568115234375,1113.2735595703125,1538.4913330078125,579.3663940429688,0.112661212682724,0.11020314693450928,0.10618364065885544,0.07314443588256836
PA_val_PA_T_0041073.flac,2,PA_0082,1,spoof,CB,val,0.5774367451667786,0.48812931776046753,1207.34130859375,1722.31591796875,0.7177163362503052,649.8966674804688,976.6088256835938,683.6951904296875,834.8683471679688,0.0495566725730896,0.0972408652305603,0.021086832508444786,0.04578125849366188
PA_val_PA_T_0041647.flac,0,PA_0082,1,spoof,AC,val,0.14979836344718933,0.12996582686901093,4919.64306640625,1191.441650390625,1.22633695602417,2969.964111328125,848.9052124023438,1742.4073486328125,300.73822021484375,0.3327597975730896,0.12048304080963135,0.047563519328832626,0.07533383369445801
PA_val_PA_T_0041647.flac,1,PA_0082,1,spoof,AC,val,0.8778380751609802,0.3001481890678406,738.09521484375,1812.0567626953125,0.974271297454834,397.7720947265625,975.5294189453125,275.0984191894531,675.5578002929688,0.0315135158598423,0.08367978781461716,7.741353329038247e-05,0.00021982409816700965
PA_val_PA_T_0042856.flac,0,PA_0091,1,spoof,CB,val,0.07414540648460388,0.07116752862930298,5708.08544921875,1703.4169921875,0.7829915285110474,3372.072509765625,1381.15625,2085.750732421875,458.32183837890625,0.3465401828289032,0.20452886819839478,0.11229078471660614,0.10385586321353912
PA_val_PA_T_0042856.flac,1,PA_0091,1,spoof,CB,val,0.03994987532496452,0.049798741936683655,5445.1884765625,2062.189697265625,0.8058788776397705,3440.58935546875,1963.464599609375,1905.6805419921875,527.9838256835938,0.3588944673538208,0.28850820660591125,0.07209117710590363,0.06134982779622078
PA_val_PA_T_0042856.flac,2,PA_0091,1,spoof,CB,val,0.9999988079071045,1.1920928955078125e-07,0.0,0.0,0.0,0.0,0.0,0.0,0.0,0.0,0.0,0.0,0.0
PA_val_PA_T_0045944.flac,0,PA_0081,1,spoof,BB,val,0.06114184111356735,0.06127271056175232,4850.1982421875,2173.5126953125,1.0886698961257935,2478.196044921875,1142.991455078125,2082.662353515625,592.43994140625,0.2103949636220932,0.1381259560585022,0.05079489201307297,0.08446893095970154
PA_val_PA_T_0045944.flac,1,PA_0081,1,spoof,BB,val,0.706299901008606,0.4058351218700409,2370.78369140625,3252.502197265625,0.6297882199287415,1169.9534912109375,1622.98193359375,927.0147705078125,1269.398681640625,0.092153400182724,0.13946260511875153,6.785535515518859e-05,0.0001231330243172124
PA_val_PA_T_0047834.flac,0,PA_0081,1,spoof,CA,val,0.017905445769429207,0.025216154754161835,3451.636962890625,1339.56103515625,0.8734955191612244,1540.198486328125,453.1130676269531,1793.6124267578125,419.3026123046875,0.0841703861951828,0.04584674537181854,0.07872850447893143,0.10013851523399353
PA_val_PA_T_0047834.flac,1,PA_0081,1,spoof,CA,val,0.20877766609191895,0.36570730805397034,3791.666748046875,2468.21142578125,0.9607371091842651,1708.0716552734375,1279.96240234375,1803.449462890625,893.4014892578125,0.1138702854514122,0.1687859296798706,0.003242344595491886,0.00708616292104125
PA_val_PA_T_0048674.flac,0,PA_0082,1,spoof,AA,val,0.01501449104398489,0.01940016821026802,3232.638916015625,1390.6964111328125,1.1901994943618774,1361.810791015625,527.1183471679688,1745.7900390625,473.70013427734375,0.0660652294754982,0.03604080155491829,0.10765500366687775,0.13942645490169525
PA_val_PA_T_0048674.flac,1,PA_0082,1,spoof,AA,val,0.032491933554410934,0.17521223425865173,622.7678833007812,656.626953125,0.6875507831573486,433.8520202636719,268.09600830078125,941.16455078125,280.2712707519531,0.0165705606341362,0.020242931321263313,0.03079165332019329,0.05766477435827255
PA_val_PA_T_0048674.flac,2,PA_0082,1,spoof,AA,val,0.9999988079071045,1.1920928955078125e-07,0.0,0.0,0.0,0.0,0.0,0.0,0.0,0.0,0.0,0.0,0.0
PA_val_PA_T_0049319.flac,0,PA_0094,1,spoof,AB,val,0.05068979784846306,0.0750303640961647,3995.78369140625,1496.2730712890625,0.8698788285255432,1945.559814453125,822.1807861328125,1856.3680419921875,475.493408203125,0.1420975923538208,0.11774124205112457,0.04837467148900032,0.06254471093416214
PA_val_PA_T_0049319.flac,1,PA_0094,1,spoof,AB,val,0.021599283441901207,0.0378744900226593,2848.710205078125,1269.0599365234375,0.8258573412895203,1494.2393798828125,617.22900390625,1548.06103515625,431.1895446777344,0.0985398069024086,0.050346165895462036,0.058206263929605484,0.03988436609506607
PA_val_PA_T_0049319.flac,2,PA_0094,1,spoof,AB,val,0.6784446835517883,0.45629292726516724,1268.8492431640625,1925.9149169921875,0.5331934690475464,556.5343017578125,831.0650634765625,666.6763916015625,955.34033203125,0.01037016324698925,0.01732783578336239,0.0001280975848203525,0.00032576025114394724
PA_val_PA_T_0049893.flac,0,PA_0081,1,spoof,CA,val,0.020288851112127304,0.03495097905397415,3591.517822265625,1050.6932373046875,1.0093995332717896,1621.4036865234375,545.1087036132812,1790.4490966796875,366.6989440917969,0.0949125736951828,0.06913749128580093,0.1331496685743332,0.13280604779720306
PA_val_PA_T_0049893.flac,1,PA_0081,1,spoof,CA,val,0.008481514640152454,0.006410128436982632,3166.666748046875,737.2637329101562,1.080214023590088,1372.6868896484375,256.4833068847656,1656.635009765625,245.88595581054688,0.068405881524086,0.03337883576750755,0.07799120992422104,0.09334882348775864
PA_val_PA_T_0049893.flac,2,PA_0081,1,spoof,CA,val,0.2725527286529541,0.44224363565444946,1340.7738037109375,1218.622314453125,1.504507303237915,631.2278442382812,452.34381103515625,1209.2225341796875,761.3621826171875,0.007967510260641575,0.010821801610291004,0.00024303696409333497,0.00027235207380726933
