filepath,dataset,speaker_id,attack_id,attack_category,label,split,subset_filepath,channel
data/raw/LA/LA/ASVspoof2019_LA_train/flac/LA_T_3891170.flac,LA,LA_0085,-,bonafide,bonafide,train,data/subset_raw/LA_train_LA_T_3891170.flac,clean
data/raw/LA/LA/ASVspoof2019_LA_train/flac/LA_T_2948101.flac,LA,LA_0097,-,bonafide,bonafide,test,data/subset_raw/LA_test_LA_T_2948101.flac,clean
data/raw/LA/LA/ASVspoof2019_LA_train/flac/LA_T_8919107.flac,LA,LA_0084,-,bonafide,bonafide,train,data/subset_raw/LA_train_LA_T_8919107.flac,clean
data/raw/LA/LA/ASVspoof2019_LA_train/flac/LA_T_6650735.flac,LA,LA_0081,-,bonafide,bonafide,train,data/subset_raw/LA_train_LA_T_6650735.flac,clean
data/raw/LA/LA/ASVspoof2019_LA_train/flac/LA_T_5362691.flac,LA,LA_0086,-,bonafide,bonafide,test,data/subset_raw/LA_test_LA_T_5362691.flac,clean
data/raw/LA/LA/ASVspoof2019_LA_train/flac/LA_T_9132181.flac,LA,LA_0098,-,bonafide,bonafide,train,data/subset_raw/LA_train_LA_T_9132181.flac,clean
data/raw/LA/LA/ASVspoof2019_LA_train/flac/LA_T_3517700.flac,LA,LA_0098,-,bonafide,bonafide,train,data/subset_raw/LA_train_LA_T_3517700.flac,clean
data/raw/LA/LA/ASVspoof2019_LA_train/flac/LA_T_2502033.flac,LA,LA_0092,-,bonafide,bonafide,train,data/subset_raw/LA_train_LA_T_2502033.flac,clean
data/raw/LA/LA/ASVspoof2019_LA_train/flac/LA_T_8234497.flac,LA,LA_0090,-,bonafide,bonafide,train,data/subset_raw/LA_train_LA_T_8234497.flac,clean
data/raw/LA/LA/ASVspoof2019_LA_train/flac/LA_T_8847275.flac,LA,LA_0094,-,bonafide,bonafide,train,data/subset_raw/LA_train_LA_T_8847275.flac,clean
data/raw/LA/LA/ASVspoof2019_LA_train/flac/LA_T_6175341.flac,LA,LA_0097,-,bonafide,bonafide,test,data/subset_raw/LA_test_LA_T_6175341.flac,clean
data/raw/LA/LA/ASVspoof2019_LA_train/flac/LA_T_3324661.flac,LA,LA_0087,-,bonafide,bonafide,train,data/subset_raw/LA_train_LA_T_3324661.flac,clean
data/raw/LA/LA/ASVspoof2019_LA_train/flac/LA_T_6636159.flac,LA,LA_0092,-,bonafide,bonafide,train,data/subset_raw/LA_train_LA_T_6636159.flac,clean
data/raw/LA/LA/ASVspoof2019_LA_train/flac/LA_T_1744427.flac,LA,LA_0091,-,bonafide,bonafide,train,data/subset_raw/LA_train_LA_T_1744427.flac,clean
data/raw/LA/LA/ASVspoof2019_LA_train/flac/LA_T_5314492.flac,LA,LA_0088,-,bonafide,bonafide,train,data/subset_raw/LA_train_LA_T_5314492.flac,clean
data/raw/LA/LA/ASVspoof2019_LA_train/flac/LA_T_1933449.flac,LA,LA_0083,-,bonafide,bonafide,train,data/subset_raw/LA_train_LA_T_1933449.flac,clean
data/raw/LA/LA/ASVspoof2019_LA_train/flac/LA_T_4400269.flac,LA,LA_0081,-,bonafide,bonafide,train,data/subset_raw/LA_train_LA_T_4400269.flac,clean
data/raw/LA/LA/ASVspoof2019_LA_train/flac/LA_T_1897758.flac,LA,LA_0096,-,bonafide,bonafide,train,data/subset_raw/LA_train_LA_T_1897758.flac,clean
data/raw/LA/LA/ASVspoof2019_LA_train/flac/LA_T_9074017.flac,LA,LA_0096,-,bonafide,bonafide,train,data/subset_raw/LA_train_LA_T_9074017.flac,clean
data/raw/LA/LA/ASVspoof2019_LA_train/flac/LA_T_8874328.flac,LA,LA_0087,-,bonafide,bonafide,train,data/subset_raw/LA_train_LA_T_8874328.flac,clean
data/raw/LA/LA/ASVspoof2019_LA_train/flac/LA_T_8388870.flac,LA,LA_0081,-,bonafide,bonafide,train,data/subset_raw/LA_train_LA_T_8388870.flac,clean
data/raw/LA/LA/ASVspoof2019_LA_train/flac/LA_T_4290789.flac,LA,LA_0089,-,bonafide,bonafide,val,data/subset_raw/LA_val_LA_T_4290789.flac,clean
data/raw/LA/LA/ASVspoof2019_LA_train/flac/LA_T_9506168.flac,LA,LA_0097,-,bonafide,bonafide,test,data/subset_raw/LA_test_LA_T_9506168.flac,clean
data/raw/LA/LA/ASVspoof2019_LA_train/flac/LA_T_4606578.flac,LA,LA_0084,-,bonafide,bonafide,train,data/subset_raw/LA_train_LA_T_4606578.flac,clean
data/raw/LA/LA/ASVspoof2019_LA_train/flac/LA_T_9863654.flac,LA,LA_0087,-,bonafide,bonafide,train,data/subset_raw/LA_train_LA_T_9863654.flac,clean
data/raw/LA/LA/ASVspoof2019_LA_train/flac/LA_T_2439075.flac,LA,LA_0096,-,bonafide,bonafide,train,data/subset_raw/LA_train_LA_T_2439075.flac,clean
data/raw/LA/LA/ASVspoof2019_LA_train/flac/LA_T_5954195.flac,LA,LA_0079,-,bonafide,bonafide,train,data/subset_raw/LA_train_LA_T_5954195.flac,clean
data/raw/LA/LA/ASVspoof2019_LA_train/flac/LA_T_4362109.flac,LA,LA_0079,-,bonafide,bonafide,train,data/subset_raw/LA_train_LA_T_4362109.flac,clean
data/raw/LA/LA/ASVspoof2019_LA_train/flac/LA_T_5326363.flac,LA,LA_0091,-,bonafide,bonafide,train,data/subset_raw/LA_train_LA_T_5326363.flac,clean
data/raw/LA/LA/ASVspoof2019_LA_train/flac/LA_T_1611587.flac,LA,LA_0086,-,bonafide,bonafide,test,data/subset_raw/LA_test_LA_T_1611587.flac,clean
data/raw/LA/LA/ASVspoof2019_LA_train/flac/LA_T_8052308.flac,LA,LA_0084,-,bonafide,bonafide,train,data/subset_raw/LA_train_LA_T_8052308.flac,clean
data/raw/LA/LA/ASVspoof2019_LA_train/flac/LA_T_6015645.flac,LA,LA_0087,-,bonafide,bonafide,train,data/subset_raw/LA_train_LA_T_6015645.flac,clean
data/raw/LA/LA/ASVspoof2019_LA_train/flac/LA_T_5065316.flac,LA,LA_0092,-,bonafide,bonafide,train,data/subset_raw/LA_train_LA_T_5065316.flac,clean
data/raw/LA/LA/ASVspoof2019_LA_train/flac/LA_T_5374473.flac,LA,LA_0091,-,bonafide,bonafide,train,data/subset_raw/LA_train_LA_T_5374473.flac,clean
data/raw/LA/LA/ASVspoof2019_LA_train/flac/LA_T_4176612.flac,LA,LA_0080,-,bonafide,bonafide,train,data/subset_raw/LA_train_LA_T_4176612.flac,clean
data/raw/LA/LA/ASVspoof2019_LA_train/flac/LA_T_9593260.flac,LA,LA_0084,-,bonafide,bonafide,train,data/subset_raw/LA_train_LA_T_9593260.flac,clean
data/raw/LA/LA/ASVspoof2019_LA_train/flac/LA_T_3154528.flac,LA,LA_0084,-,bonafide,bonafide,train,data/subset_raw/LA_train_LA_T_3154528.flac,clean
data/raw/LA/LA/ASVspoof2019_LA_train/flac/LA_T_5669661.flac,LA,LA_0089,-,bonafide,bonafide,val,data/subset_raw/LA_val_LA_T_5669661.flac,clean
data/raw/LA/LA/ASVspoof2019_LA_train/flac/LA_T_3995089.flac,LA,LA_0079,-,bonafide,bonafide,train,data/subset_raw/LA_train_LA_T_3995089.flac,clean
data/raw/LA/LA/ASVspoof2019_LA_train/flac/LA_T_2345808.flac,LA,LA_0091,-,bonafide,bonafide,train,data/subset_raw/LA_train_LA_T_2345808.flac,clean
data/raw/LA/LA/ASVspoof2019_LA_train/flac/LA_T_7075102.flac,LA,LA_0081,-,bonafide,bonafide,train,data/subset_raw/LA_train_LA_T_7075102.flac,clean
data/raw/LA/LA/ASVspoof2019_LA_train/flac/LA_T_7974459.flac,LA,LA_0083,-,bonafide,bonafide,train,data/subset_raw/LA_train_LA_T_7974459.flac,clean
data/raw/LA/LA/ASVspoof2019_LA_train/flac/LA_T_4105004.flac,LA,LA_0080,-,bonafide,bonafide,train,data/subset_raw/LA_train_LA_T_4105004.flac,clean
data/raw/LA/LA/ASVspoof2019_LA_train/flac/LA_T_3485288.flac,LA,LA_0092,-,bonafide,bonafide,train,data/subset_raw/LA_train_LA_T_3485288.flac,clean
data/raw/LA/LA/ASVspoof2019_LA_train/flac/LA_T_7208401.flac,LA,LA_0094,-,bonafide,bonafide,train,data/subset_raw/LA_train_LA_T_7208401.flac,clean
data/raw/LA/LA/ASVspoof2019_LA_train/flac/LA_T_4436477.flac,LA,LA_0089,-,bonafide,bonafide,val,data/subset_raw/LA_val_LA_T_4436477.flac,clean
data/raw/LA/LA/ASVspoof2019_LA_train/flac/LA_T_8208951.flac,LA,LA_0096,-,bonafide,bonafide,train,data/subset_raw/LA_train_LA_T_8208951.flac,clean
data/raw/LA/LA/ASVspoof2019_LA_train/flac/LA_T_8651978.flac,LA,LA_0087,-,bonafide,bonafide,train,data/subset_raw/LA_train_LA_T_8651978.flac,clean
data/raw/LA/LA/ASVspoof2019_LA_train/flac/LA_T_1963829.flac,LA,LA_0084,-,bonafide,bonafide,train,data/subset_raw/LA_train_LA_T_1963829.flac,clean
data/raw/LA/LA/ASVspoof2019_LA_train/flac/LA_T_4891261.flac,LA,LA_0093,-,bonafide,bonafide,test,data/subset_raw/LA_test_LA_T_4891261.flac,clean
data/raw/LA/LA/ASVspoof2019_LA_train/flac/LA_T_2280500.flac,LA,LA_0084,-,bonafide,bonafide,train,data/subset_raw/LA_train_LA_T_2280500.flac,clean
data/raw/LA/LA/ASVspoof2019_LA_train/flac/LA_T_5799348.flac,LA,LA_0090,-,bonafide,bonafide,train,data/subset_raw/LA_train_LA_T_5799348.flac,clean
data/raw/LA/LA/ASVspoof2019_LA_train/flac/LA_T_3680444.flac,LA,LA_0096,-,bonafide,bonafide,train,data/subset_raw/LA_train_LA_T_3680444.flac,clean
data/raw/LA/LA/ASVspoof2019_LA_train/flac/LA_T_2054424.flac,LA,LA_0096,-,bonafide,bonafide,train,data/subset_raw/LA_train_LA_T_2054424.flac,clean
data/raw/LA/LA/ASVspoof2019_LA_train/flac/LA_T_7357748.flac,LA,LA_0087,-,bonafide,bonafide,train,data/subset_raw/LA_train_LA_T_7357748.flac,clean
data/raw/LA/LA/ASVspoof2019_LA_train/flac/LA_T_1873366.flac,LA,LA_0083,-,bonafide,bonafide,train,data/subset_raw/LA_train_LA_T_1873366.flac,clean
data/raw/LA/LA/ASVspoof2019_LA_train/flac/LA_T_7514330.flac,LA,LA_0087,-,bonafide,bonafide,train,data/subset_raw/LA_train_LA_T_7514330.flac,clean
data/raw/LA/LA/ASVspoof2019_LA_train/flac/LA_T_7179987.flac,LA,LA_0098,-,bonafide,bonafide,train,data/subset_raw/LA_train_LA_T_7179987.flac,clean
data/raw/LA/LA/ASVspoof2019_LA_train/flac/LA_T_7121055.flac,LA,LA_0088,-,bonafide,bonafide,train,data/subset_raw/LA_train_LA_T_7121055.flac,clean
data/raw/LA/LA/ASVspoof2019_LA_train/flac/LA_T_9378967.flac,LA,LA_0098,-,bonafide,bonafide,train,data/subset_raw/LA_train_LA_T_9378967.flac,clean
data/raw/LA/LA/ASVspoof2019_LA_train/flac/LA_T_7839297.flac,LA,LA_0096,-,bonafide,bonafide,train,data/subset_raw/LA_train_LA_T_7839297.flac,clean
data/raw/LA/LA/ASVspoof2019_LA_train/flac/LA_T_1991708.flac,LA,LA_0093,-,bonafide,bonafide,test,data/subset_raw/LA_test_LA_T_1991708.flac,clean
data/raw/LA/LA/ASVspoof2019_LA_train/flac/LA_T_6105178.flac,LA,LA_0079,-,bonafide,bonafide,train,data/subset_raw/LA_train_LA_T_6105178.flac,clean
data/raw/LA/LA/ASVspoof2019_LA_train/flac/LA_T_9772981.flac,LA,LA_0082,-,bonafide,bonafide,val,data/subset_raw/LA_val_LA_T_9772981.flac,clean
data/raw/LA/LA/ASVspoof2019_LA_train/flac/LA_T_7223058.flac,LA,LA_0095,-,bonafide,bonafide,train,data/subset_raw/LA_train_LA_T_7223058.flac,clean
data/raw/LA/LA/ASVspoof2019_LA_train/flac/LA_T_5114581.flac,LA,LA_0094,-,bonafide,bonafide,train,data/subset_raw/LA_train_LA_T_5114581.flac,clean
data/raw/LA/LA/ASVspoof2019_LA_train/flac/LA_T_6877652.flac,LA,LA_0095,-,bonafide,bonafide,train,data/subset_raw/LA_train_LA_T_6877652.flac,clean
data/raw/LA/LA/ASVspoof2019_LA_train/flac/LA_T_6946670.flac,LA,LA_0082,-,bonafide,bonafide,val,data/subset_raw/LA_val_LA_T_6946670.flac,clean
data/raw/LA/LA/ASVspoof2019_LA_train/flac/LA_T_9251617.flac,LA,LA_0092,-,bonafide,bonafide,train,data/subset_raw/LA_train_LA_T_9251617.flac,clean
data/raw/LA/LA/ASVspoof2019_LA_train/flac/LA_T_7826829.flac,LA,LA_0085,-,bonafide,bonafide,train,data/subset_raw/LA_train_LA_T_7826829.flac,clean
data/raw/LA/LA/ASVspoof2019_LA_train/flac/LA_T_2147294.flac,LA,LA_0091,-,bonafide,bonafide,train,data/subset_raw/LA_train_LA_T_2147294.flac,clean
data/raw/LA/LA/ASVspoof2019_LA_train/flac/LA_T_8172146.flac,LA,LA_0089,-,bonafide,bonafide,val,data/subset_raw/LA_val_LA_T_8172146.flac,clean
data/raw/LA/LA/ASVspoof2019_LA_train/flac/LA_T_9276467.flac,LA,LA_0091,-,bonafide,bonafide,train,data/subset_raw/LA_train_LA_T_9276467.flac,clean
data/raw/LA/LA/ASVspoof2019_LA_train/flac/LA_T_1410416.flac,LA,LA_0087,-,bonafide,bonafide,train,data/subset_raw/LA_train_LA_T_1410416.flac,clean
data/raw/LA/LA/ASVspoof2019_LA_train/flac/LA_T_1831818.flac,LA,LA_0084,-,bonafide,bonafide,train,data/subset_raw/LA_train_LA_T_1831818.flac,clean
data/raw/LA/LA/ASVspoof2019_LA_train/flac/LA_T_6034182.flac,LA,LA_0086,-,bonafide,bonafide,test,data/subset_raw/LA_test_LA_T_6034182.flac,clean
data/raw/LA/LA/ASVspoof2019_LA_train/flac/LA_T_7579441.flac,LA,LA_0097,-,bonafide,bonafide,test,data/subset_raw/LA_test_LA_T_7579441.flac,clean
data/raw/LA/LA/ASVspoof2019_LA_train/flac/LA_T_8589988.flac,LA,LA_0084,-,bonafide,bonafide,train,data/subset_raw/LA_train_LA_T_8589988.flac,clean
data/raw/LA/LA/ASVspoof2019_LA_train/flac/LA_T_9969620.flac,LA,LA_0089,-,bonafide,bonafide,val,data/subset_raw/LA_val_LA_T_9969620.flac,clean
data/raw/LA/LA/ASVspoof2019_LA_train/flac/LA_T_3470152.flac,LA,LA_0093,-,bonafide,bonafide,test,data/subset_raw/LA_test_LA_T_3470152.flac,clean
data/raw/LA/LA/ASVspoof2019_LA_train/flac/LA_T_6093991.flac,LA,LA_0096,-,bonafide,bonafide,train,data/subset_raw/LA_train_LA_T_6093991.flac,clean
data/raw/LA/LA/ASVspoof2019_LA_train/flac/LA_T_7214355.flac,LA,LA_0090,-,bonafide,bonafide,train,data/subset_raw/LA_train_LA_T_7214355.flac,clean
data/raw/LA/LA/ASVspoof2019_LA_train/flac/LA_T_2127844.flac,LA,LA_0088,-,bonafide,bonafide,train,data/subset_raw/LA_train_LA_T_2127844.flac,clean
data/raw/LA/LA/ASVspoof2019_LA_train/flac/LA_T_1636151.flac,LA,LA_0092,-,bonafide,bonafide,train,data/subset_raw/LA_train_LA_T_1636151.flac,clean
data/raw/LA/LA/ASVspoof2019_LA_train/flac/LA_T_1363347.flac,LA,LA_0095,-,bonafide,bonafide,train,data/subset_raw/LA_train_LA_T_1363347.flac,clean
data/raw/LA/LA/ASVspoof2019_LA_train/flac/LA_T_8925615.flac,LA,LA_0096,-,bonafide,bonafide,train,data/subset_raw/LA_train_LA_T_8925615.flac,clean
data/raw/LA/LA/ASVspoof2019_LA_train/flac/LA_T_6450026.flac,LA,LA_0093,-,bonafide,bonafide,test,data/subset_raw/LA_test_LA_T_6450026.flac,clean
data/raw/LA/LA/ASVspoof2019_LA_train/flac/LA_T_9213454.flac,LA,LA_0081,-,bonafide,bonafide,train,data/subset_raw/LA_train_LA_T_9213454.flac,clean
data/raw/LA/LA/ASVspoof2019_LA_train/flac/LA_T_3068473.flac,LA,LA_0082,-,bonafide,bonafide,val,data/subset_raw/LA_val_LA_T_3068473.flac,clean
data/raw/LA/LA/ASVspoof2019_LA_train/flac/LA_T_5683238.flac,LA,LA_0088,-,bonafide,bonafide,train,data/subset_raw/LA_train_LA_T_5683238.flac,clean
data/raw/LA/LA/ASVspoof2019_LA_train/flac/LA_T_1923872.flac,LA,LA_0082,-,bonafide,bonafide,val,data/subset_raw/LA_val_LA_T_1923872.flac,clean
data/raw/LA/LA/ASVspoof2019_LA_train/flac/LA_T_5399126.flac,LA,LA_0080,-,bonafide,bonafide,train,data/subset_raw/LA_train_LA_T_5399126.flac,clean
data/raw/LA/LA/ASVspoof2019_LA_train/flac/LA_T_3849267.flac,LA,LA_0079,-,bonafide,bonafide,train,data/subset_raw/LA_train_LA_T_3849267.flac,clean
data/raw/LA/LA/ASVspoof2019_LA_train/flac/LA_T_1482834.flac,LA,LA_0087,-,bonafide,bonafide,train,data/subset_raw/LA_train_LA_T_1482834.flac,clean
data/raw/LA/LA/ASVspoof2019_LA_train/flac/LA_T_8490726.flac,LA,LA_0091,-,bonafide,bonafide,train,data/subset_raw/LA_train_LA_T_8490726.flac,clean
data/raw/LA/LA/ASVspoof2019_LA_train/flac/LA_T_6724576.flac,LA,LA_0097,-,bonafide,bonafide,test,data/subset_raw/LA_test_LA_T_6724576.flac,clean
data/raw/LA/LA/ASVspoof2019_LA_train/flac/LA_T_4043474.flac,LA,LA_0085,-,bonafide,bonafide,train,data/subset_raw/LA_train_LA_T_4043474.flac,clean
data/raw/LA/LA/ASVspoof2019_LA_train/flac/LA_T_7344886.flac,LA,LA_0083,-,bonafide,bonafide,train,data/subset_raw/LA_train_LA_T_7344886.flac,clean
data/raw/LA/LA/ASVspoof2019_LA_train/flac/LA_T_2707835.flac,LA,LA_0088,-,bonafide,bonafide,train,data/subset_raw/LA_train_LA_T_2707835.flac,clean
data/raw/LA/LA/ASVspoof2019_LA_train/flac/LA_T_8898922.flac,LA,LA_0087,-,bonafide,bonafide,train,data/subset_raw/LA_train_LA_T_8898922.flac,clean
data/raw/LA/LA/ASVspoof2019_LA_train/flac/LA_T_2066209.flac,LA,LA_0098,-,bonafide,bonafide,train,data/subset_raw/LA_train_LA_T_2066209.flac,clean
data/raw/LA/LA/ASVspoof2019_LA_train/flac/LA_T_1861398.flac,LA,LA_0086,-,bonafide,bonafide,test,data/subset_raw/LA_test_LA_T_1861398.flac,clean
data/raw/LA/LA/ASVspoof2019_LA_train/flac/LA_T_4615562.flac,LA,LA_0085,-,bonafide,bonafide,train,data/subset_raw/LA_train_LA_T_4615562.flac,clean
data/raw/LA/LA/ASVspoof2019_LA_train/flac/LA_T_4270225.flac,LA,LA_0093,-,bonafide,bonafide,test,data/subset_raw/LA_test_LA_T_4270225.flac,clean
data/raw/LA/LA/ASVspoof2019_LA_train/flac/LA_T_6271185.flac,LA,LA_0088,-,bonafide,bonafide,train,data/subset_raw/LA_train_LA_T_6271185.flac,clean
data/raw/LA/LA/ASVspoof2019_LA_train/flac/LA_T_3772667.flac,LA,LA_0080,-,bonafide,bonafide,train,data/subset_raw/LA_train_LA_T_3772667.flac,clean
data/raw/LA/LA/ASVspoof2019_LA_train/flac/LA_T_4263726.flac,LA,LA_0095,-,bonafide,bonafide,train,data/subset_raw/LA_train_LA_T_4263726.flac,clean
data/raw/LA/LA/ASVspoof2019_LA_train/flac/LA_T_9048990.flac,LA,LA_0092,-,bonafide,bonafide,train,data/subset_raw/LA_train_LA_T_9048990.flac,clean
data/raw/LA/LA/ASVspoof2019_LA_train/flac/LA_T_6594586.flac,LA,LA_0089,-,bonafide,bonafide,val,data/subset_raw/LA_val_LA_T_6594586.flac,clean
data/raw/LA/LA/ASVspoof2019_LA_train/flac/LA_T_8726287.flac,LA,LA_0088,-,bonafide,bonafide,train,data/subset_raw/LA_train_LA_T_8726287.flac,clean
data/raw/LA/LA/ASVspoof2019_LA_train/flac/LA_T_9457505.flac,LA,LA_0091,-,bonafide,bonafide,train,data/subset_raw/LA_train_LA_T_9457505.flac,clean
data/raw/LA/LA/ASVspoof2019_LA_train/flac/LA_T_2598851.flac,LA,LA_0092,-,bonafide,bonafide,train,data/subset_raw/LA_train_LA_T_2598851.flac,clean
data/raw/LA/LA/ASVspoof2019_LA_train/flac/LA_T_2118892.flac,LA,LA_0088,-,bonafide,bonafide,train,data/subset_raw/LA_train_LA_T_2118892.flac,clean
data/raw/LA/LA/ASVspoof2019_LA_train/flac/LA_T_9032022.flac,LA,LA_0085,-,bonafide,bonafide,train,data/subset_raw/LA_train_LA_T_9032022.flac,clean
data/raw/LA/LA/ASVspoof2019_LA_train/flac/LA_T_6059767.flac,LA,LA_0092,-,bonafide,bonafide,train,data/subset_raw/LA_train_LA_T_6059767.flac,clean
data/raw/LA/LA/ASVspoof2019_LA_train/flac/LA_T_3447323.flac,LA,LA_0088,-,bonafide,bonafide,train,data/subset_raw/LA_train_LA_T_3447323.flac,clean
data/raw/LA/LA/ASVspoof2019_LA_train/flac/LA_T_5795707.flac,LA,LA_0087,-,bonafide,bonafide,train,data/subset_raw/LA_train_LA_T_5795707.flac,clean
data/raw/LA/LA/ASVspoof2019_LA_train/flac/LA_T_8105555.flac,LA,LA_0084,-,bonafide,bonafide,train,data/subset_raw/LA_train_LA_T_8105555.flac,clean
data/raw/LA/LA/ASVspoof2019_LA_train/flac/LA_T_6376473.flac,LA,LA_0094,-,bonafide,bonafide,train,data/subset_raw/LA_train_LA_T_6376473.flac,clean
data/raw/LA/LA/ASVspoof2019_LA_train/flac/LA_T_9102017.flac,LA,LA_0080,-,bonafide,bonafide,train,data/subset_raw/LA_train_LA_T_9102017.flac,clean
data/raw/LA/LA/ASVspoof2019_LA_train/flac/LA_T_2482961.flac,LA,LA_0095,-,bonafide,bonafide,train,data/subset_raw/LA_train_LA_T_2482961.flac,clean
data/raw/LA/LA/ASVspoof2019_LA_train/flac/LA_T_8955767.flac,LA,LA_0089,-,bonafide,bonafide,val,data/subset_raw/LA_val_LA_T_8955767.flac,clean
data/raw/LA/LA/ASVspoof2019_LA_train/flac/LA_T_2642748.flac,LA,LA_0096,-,bonafide,bonafide,train,data/subset_raw/LA_train_LA_T_2642748.flac,clean
data/raw/LA/LA/ASVspoof2019_LA_train/flac/LA_T_9189420.flac,LA,LA_0083,-,bonafide,bonafide,train,data/subset_raw/LA_train_LA_T_9189420.flac,clean
data/raw/LA/LA/ASVspoof2019_LA_train/flac/LA_T_6631167.flac,LA,LA_0080,-,bonafide,bonafide,train,data/subset_raw/LA_train_LA_T_6631167.flac,clean
data/raw/LA/LA/ASVspoof2019_LA_train/flac/LA_T_3395385.flac,LA,LA_0096,-,bonafide,bonafide,train,data/subset_raw/LA_train_LA_T_3395385.flac,clean
data/raw/LA/LA/ASVspoof2019_LA_train/flac/LA_T_4051929.flac,LA,LA_0093,-,bonafide,bonafide,test,data/subset_raw/LA_test_LA_T_4051929.flac,clean
data/raw/LA/LA/ASVspoof2019_LA_train/flac/LA_T_7696598.flac,LA,LA_0082,-,bonafide,bonafide,val,data/subset_raw/LA_val_LA_T_7696598.flac,clean
data/raw/LA/LA/ASVspoof2019_LA_train/flac/LA_T_7467165.flac,LA,LA_0094,-,bonafide,bonafide,train,data/subset_raw/LA_train_LA_T_7467165.flac,clean
data/raw/LA/LA/ASVspoof2019_LA_train/flac/LA_T_5266787.flac,LA,LA_0080,-,bonafide,bonafide,train,data/subset_raw/LA_train_LA_T_5266787.flac,clean
data/raw/LA/LA/ASVspoof2019_LA_train/flac/LA_T_2175978.flac,LA,LA_0097,-,bonafide,bonafide,test,data/subset_raw/LA_test_LA_T_2175978.flac,clean
data/raw/LA/LA/ASVspoof2019_LA_train/flac/LA_T_1979527.flac,LA,LA_0086,-,bonafide,bonafide,test,data/subset_raw/LA_test_LA_T_1979527.flac,clean
data/raw/LA/LA/ASVspoof2019_LA_train/flac/LA_T_3264459.flac,LA,LA_0086,-,bonafide,bonafide,test,data/subset_raw/LA_test_LA_T_3264459.flac,clean
data/raw/LA/LA/ASVspoof2019_LA_train/flac/LA_T_8178089.flac,LA,LA_0085,-,bonafide,bonafide,train,data/subset_raw/LA_train_LA_T_8178089.flac,clean
data/raw/LA/LA/ASVspoof2019_LA_train/flac/LA_T_1023546.flac,LA,LA_0085,-,bonafide,bonafide,train,data/subset_raw/LA_train_LA_T_1023546.flac,clean
data/raw/LA/LA/ASVspoof2019_LA_train/flac/LA_T_8275432.flac,LA,LA_0088,-,bonafide,bonafide,train,data/subset_raw/LA_train_LA_T_8275432.flac,clean
data/raw/LA/LA/ASVspoof2019_LA_train/flac/LA_T_3747046.flac,LA,LA_0088,-,bonafide,bonafide,train,data/subset_raw/LA_train_LA_T_3747046.flac,clean
data/raw/LA/LA/ASVspoof2019_LA_train/flac/LA_T_4197596.flac,LA,LA_0098,-,bonafide,bonafide,train,data/subset_raw/LA_train_LA_T_4197596.flac,clean
data/raw/LA/LA/ASVspoof2019_LA_train/flac/LA_T_5326968.flac,LA,LA_0093,-,bonafide,bonafide,test,data/subset_raw/LA_test_LA_T_5326968.flac,clean
data/raw/LA/LA/ASVspoof2019_LA_train/flac/LA_T_4630790.flac,LA,LA_0093,-,bonafide,bonafide,test,data/subset_raw/LA_test_LA_T_4630790.flac,clean
data/raw/LA/LA/ASVspoof2019_LA_train/flac/LA_T_4711197.flac,LA,LA_0085,-,bonafide,bonafide,train,data/subset_raw/LA_train_LA_T_4711197.flac,clean
data/raw/LA/LA/ASVspoof2019_LA_train/flac/LA_T_9553112.flac,LA,LA_0095,-,bonafide,bonafide,train,data/subset_raw/LA_train_LA_T_9553112.flac,clean
data/raw/LA/LA/ASVspoof2019_LA_train/flac/LA_T_5696560.flac,LA,LA_0092,-,bonafide,bonafide,train,data/subset_raw/LA_train_LA_T_5696560.flac,clean
data/raw/LA/LA/ASVspoof2019_LA_train/flac/LA_T_6756969.flac,LA,LA_0087,-,bonafide,bonafide,train,data/subset_raw/LA_train_LA_T_6756969.flac,clean
data/raw/LA/LA/ASVspoof2019_LA_train/flac/LA_T_1325649.flac,LA,LA_0089,-,bonafide,bonafide,val,data/subset_raw/LA_val_LA_T_1325649.flac,clean
data/raw/LA/LA/ASVspoof2019_LA_train/flac/LA_T_3545264.flac,LA,LA_0094,-,bonafide,bonafide,train,data/subset_raw/LA_train_LA_T_3545264.flac,clean
data/raw/LA/LA/ASVspoof2019_LA_train/flac/LA_T_7677120.flac,LA,LA_0079,-,bonafide,bonafide,train,data/subset_raw/LA_train_LA_T_7677120.flac,clean
data/raw/LA/LA/ASVspoof2019_LA_train/flac/LA_T_1878391.flac,LA,LA_0084,-,bonafide,bonafide,train,data/subset_raw/LA_train_LA_T_1878391.flac,clean
data/raw/LA/LA/ASVspoof2019_LA_train/flac/LA_T_9779411.flac,LA,LA_0087,-,bonafide,bonafide,train,data/subset_raw/LA_train_LA_T_9779411.flac,clean
data/raw/LA/LA/ASVspoof2019_LA_train/flac/LA_T_7051313.flac,LA,LA_0084,-,bonafide,bonafide,train,data/subset_raw/LA_train_LA_T_7051313.flac,clean
data/raw/LA/LA/ASVspoof2019_LA_train/flac/LA_T_7196016.flac,LA,LA_0095,A01,spoof,spoof,train,data/subset_raw/LA_train_LA_T_7196016.flac,clean
data/raw/LA/LA/ASVspoof2019_LA_train/flac/LA_T_2021613.flac,LA,LA_0088,A04,spoof,spoof,train,data/subset_raw/LA_train_LA_T_2021613.flac,clean
data/raw/LA/LA/ASVspoof2019_LA_train/flac/LA_T_6942847.flac,LA,LA_0083,A04,spoof,spoof,train,data/subset_raw/LA_train_LA_T_6942847.flac,clean
data/raw/LA/LA/ASVspoof2019_LA_train/flac/LA_T_8159529.flac,LA,LA_0090,A01,spoof,spoof,train,data/subset_raw/LA_train_LA_T_8159529.flac,clean
data/raw/LA/LA/ASVspoof2019_LA_train/flac/LA_T_8367117.flac,LA,LA_0098,A06,spoof,spoof,train,data/subset_raw/LA_train_LA_T_8367117.flac,clean
data/raw/LA/LA/ASVspoof2019_LA_train/flac/LA_T_4873700.flac,LA,LA_0086,A05,spoof,spoof,test,data/subset_raw/LA_test_LA_T_4873700.flac,clean
data/raw/LA/LA/ASVspoof2019_LA_train/flac/LA_T_5454842.flac,LA,LA_0083,A05,spoof,spoof,train,data/subset_raw/LA_train_LA_T_5454842.flac,clean
data/raw/LA/LA/ASVspoof2019_LA_train/flac/LA_T_5820593.flac,LA,LA_0096,A02,spoof,spoof,train,data/subset_raw/LA_train_LA_T_5820593.flac,clean
data/raw/LA/LA/ASVspoof2019_LA_train/flac/LA_T_5054337.flac,LA,LA_0086,A02,spoof,spoof,test,data/subset_raw/LA_test_LA_T_5054337.flac,clean
data/raw/LA/LA/ASVspoof2019_LA_train/flac/LA_T_1531219.flac,LA,LA_0091,A05,spoof,spoof,train,data/subset_raw/LA_train_LA_T_1531219.flac,clean
data/raw/LA/LA/ASVspoof2019_LA_train/flac/LA_T_1929428.flac,LA,LA_0097,A03,spoof,spoof,test,data/subset_raw/LA_test_LA_T_1929428.flac,clean
data/raw/LA/LA/ASVspoof2019_LA_train/flac/LA_T_3167562.flac,LA,LA_0083,A04,spoof,spoof,train,data/subset_raw/LA_train_LA_T_3167562.flac,clean
data/raw/LA/LA/ASVspoof2019_LA_train/flac/LA_T_9382514.flac,LA,LA_0088,A02,spoof,spoof,train,data/subset_raw/LA_train_LA_T_9382514.flac,clean
data/raw/LA/LA/ASVspoof2019_LA_train/flac/LA_T_3683064.flac,LA,LA_0088,A04,spoof,spoof,train,data/subset_raw/LA_train_LA_T_3683064.flac,clean
data/raw/LA/LA/ASVspoof2019_LA_train/flac/LA_T_5209238.flac,LA,LA_0097,A06,spoof,spoof,test,data/subset_raw/LA_test_LA_T_5209238.flac,clean
data/raw/LA/LA/ASVspoof2019_LA_train/flac/LA_T_1217503.flac,LA,LA_0090,A03,spoof,spoof,train,data/subset_raw/LA_train_LA_T_1217503.flac,clean
data/raw/LA/LA/ASVspoof2019_LA_train/flac/LA_T_2191824.flac,LA,LA_0085,A06,spoof,spoof,train,data/subset_raw/LA_train_LA_T_2191824.flac,clean
data/raw/LA/LA/ASVspoof2019_LA_train/flac/LA_T_4164792.flac,LA,LA_0084,A03,spoof,spoof,train,data/subset_raw/LA_train_LA_T_4164792.flac,clean
data/raw/LA/LA/ASVspoof2019_LA_train/flac/LA_T_7412444.flac,LA,LA_0084,A06,spoof,spoof,train,data/subset_raw/LA_train_LA_T_7412444.flac,clean
data/raw/LA/LA/ASVspoof2019_LA_train/flac/LA_T_6355446.flac,LA,LA_0080,A06,spoof,spoof,train,data/subset_raw/LA_train_LA_T_6355446.flac,clean
data/raw/LA/LA/ASVspoof2019_LA_train/flac/LA_T_2667116.flac,LA,LA_0093,A05,spoof,spoof,test,data/subset_raw/LA_test_LA_T_2667116.flac,clean
data/raw/LA/LA/ASVspoof2019_LA_train/flac/LA_T_6919433.flac,LA,LA_0092,A05,spoof,spoof,train,data/subset_raw/LA_train_LA_T_6919433.flac,clean
data/raw/LA/LA/ASVspoof2019_LA_train/flac/LA_T_8953521.flac,LA,LA_0089,A01,spoof,spoof,val,data/subset_raw/LA_val_LA_T_8953521.flac,clean
data/raw/LA/LA/ASVspoof2019_LA_train/flac/LA_T_3287677.flac,LA,LA_0083,A03,spoof,spoof,train,data/subset_raw/LA_train_LA_T_3287677.flac,clean
data/raw/LA/LA/ASVspoof2019_LA_train/flac/LA_T_9851170.flac,LA,LA_0086,A04,spoof,spoof,test,data/subset_raw/LA_test_LA_T_9851170.flac,clean
data/raw/LA/LA/ASVspoof2019_LA_train/flac/LA_T_1544826.flac,LA,LA_0095,A03,spoof,spoof,train,data/subset_raw/LA_train_LA_T_1544826.flac,clean
data/raw/LA/LA/ASVspoof2019_LA_train/flac/LA_T_6866613.flac,LA,LA_0097,A04,spoof,spoof,test,data/subset_raw/LA_test_LA_T_6866613.flac,clean
data/raw/LA/LA/ASVspoof2019_LA_train/flac/LA_T_5379096.flac,LA,LA_0092,A03,spoof,spoof,train,data/subset_raw/LA_train_LA_T_5379096.flac,clean
data/raw/LA/LA/ASVspoof2019_LA_train/flac/LA_T_1957538.flac,LA,LA_0087,A03,spoof,spoof,train,data/subset_raw/LA_train_LA_T_1957538.flac,clean
data/raw/LA/LA/ASVspoof2019_LA_train/flac/LA_T_8276326.flac,LA,LA_0086,A03,spoof,spoof,test,data/subset_raw/LA_test_LA_T_8276326.flac,clean
data/raw/LA/LA/ASVspoof2019_LA_train/flac/LA_T_7249621.flac,LA,LA_0080,A05,spoof,spoof,train,data/subset_raw/LA_train_LA_T_7249621.flac,clean
data/raw/LA/LA/ASVspoof2019_LA_train/flac/LA_T_6030668.flac,LA,LA_0097,A04,spoof,spoof,test,data/subset_raw/LA_test_LA_T_6030668.flac,clean
data/raw/LA/LA/ASVspoof2019_LA_train/flac/LA_T_2457545.flac,LA,LA_0092,A04,spoof,spoof,train,data/subset_raw/LA_train_LA_T_2457545.flac,clean
data/raw/LA/LA/ASVspoof2019_LA_train/flac/LA_T_9639913.flac,LA,LA_0083,A05,spoof,spoof,train,data/subset_raw/LA_train_LA_T_9639913.flac,clean
data/raw/LA/LA/ASVspoof2019_LA_train/flac/LA_T_8813074.flac,LA,LA_0081,A03,spoof,spoof,train,data/subset_raw/LA_train_LA_T_8813074.flac,clean
data/raw/LA/LA/ASVspoof2019_LA_train/flac/LA_T_3192467.flac,LA,LA_0087,A03,spoof,spoof,train,data/subset_raw/LA_train_LA_T_3192467.flac,clean
data/raw/LA/LA/ASVspoof2019_LA_train/flac/LA_T_9190352.flac,LA,LA_0089,A06,spoof,spoof,val,data/subset_raw/LA_val_LA_T_9190352.flac,clean
data/raw/LA/LA/ASVspoof2019_LA_train/flac/LA_T_4868092.flac,LA,LA_0090,A02,spoof,spoof,train,data/subset_raw/LA_train_LA_T_4868092.flac,clean
data/raw/LA/LA/ASVspoof2019_LA_train/flac/LA_T_6878620.flac,LA,LA_0081,A02,spoof,spoof,train,data/subset_raw/LA_train_LA_T_6878620.flac,clean
data/raw/LA/LA/ASVspoof2019_LA_train/flac/LA_T_8345097.flac,LA,LA_0087,A02,spoof,spoof,train,data/subset_raw/LA_train_LA_T_8345097.flac,clean
data/raw/LA/LA/ASVspoof2019_LA_train/flac/LA_T_1839608.flac,LA,LA_0096,A05,spoof,spoof,train,data/subset_raw/LA_train_LA_T_1839608.flac,clean
data/raw/LA/LA/ASVspoof2019_LA_train/flac/LA_T_4847789.flac,LA,LA_0089,A01,spoof,spoof,val,data/subset_raw/LA_val_LA_T_4847789.flac,clean
data/raw/LA/LA/ASVspoof2019_LA_train/flac/LA_T_5320272.flac,LA,LA_0088,A04,spoof,spoof,train,data/subset_raw/LA_train_LA_T_5320272.flac,clean
data/raw/LA/LA/ASVspoof2019_LA_train/flac/LA_T_9144261.flac,LA,LA_0090,A01,spoof,spoof,train,data/subset_raw/LA_train_LA_T_9144261.flac,clean
data/raw/LA/LA/ASVspoof2019_LA_train/flac/LA_T_4291784.flac,LA,LA_0083,A01,spoof,spoof,train,data/subset_raw/LA_train_LA_T_4291784.flac,clean
data/raw/LA/LA/ASVspoof2019_LA_train/flac/LA_T_4754759.flac,LA,LA_0097,A04,spoof,spoof,test,data/subset_raw/LA_test_LA_T_4754759.flac,clean
data/raw/LA/LA/ASVspoof2019_LA_train/flac/LA_T_6823968.flac,LA,LA_0079,A02,spoof,spoof,train,data/subset_raw/LA_train_LA_T_6823968.flac,clean
data/raw/LA/LA/ASVspoof2019_LA_train/flac/LA_T_2942946.flac,LA,LA_0092,A03,spoof,spoof,train,data/subset_raw/LA_train_LA_T_2942946.flac,clean
data/raw/LA/LA/ASVspoof2019_LA_train/flac/LA_T_9395136.flac,LA,LA_0089,A04,spoof,spoof,val,data/subset_raw/LA_val_LA_T_9395136.flac,clean
data/raw/LA/LA/ASVspoof2019_LA_train/flac/LA_T_4244044.flac,LA,LA_0097,A06,spoof,spoof,test,data/subset_raw/LA_test_LA_T_4244044.flac,clean
data/raw/LA/LA/ASVspoof2019_LA_train/flac/LA_T_1926605.flac,LA,LA_0090,A06,spoof,spoof,train,data/subset_raw/LA_train_LA_T_1926605.flac,clean
data/raw/LA/LA/ASVspoof2019_LA_train/flac/LA_T_5021134.flac,LA,LA_0097,A06,spoof,spoof,test,data/subset_raw/LA_test_LA_T_5021134.flac,clean
data/raw/LA/LA/ASVspoof2019_LA_train/flac/LA_T_8093073.flac,LA,LA_0080,A04,spoof,spoof,train,data/subset_raw/LA_train_LA_T_8093073.flac,clean
data/raw/LA/LA/ASVspoof2019_LA_train/flac/LA_T_1711356.flac,LA,LA_0090,A01,spoof,spoof,train,data/subset_raw/LA_train_LA_T_1711356.flac,clean
data/raw/LA/LA/ASVspoof2019_LA_train/flac/LA_T_3011280.flac,LA,LA_0080,A02,spoof,spoof,train,data/subset_raw/LA_train_LA_T_3011280.flac,clean
data/raw/LA/LA/ASVspoof2019_LA_train/flac/LA_T_5865525.flac,LA,LA_0090,A01,spoof,spoof,train,data/subset_raw/LA_train_LA_T_5865525.flac,clean
data/raw/LA/LA/ASVspoof2019_LA_train/flac/LA_T_9108679.flac,LA,LA_0085,A02,spoof,spoof,train,data/subset_raw/LA_train_LA_T_9108679.flac,clean
data/raw/LA/LA/ASVspoof2019_LA_train/flac/LA_T_6071492.flac,LA,LA_0091,A03,spoof,spoof,train,data/subset_raw/LA_train_LA_T_6071492.flac,clean
data/raw/LA/LA/ASVspoof2019_LA_train/flac/LA_T_1050944.flac,LA,LA_0088,A05,spoof,spoof,train,data/subset_raw/LA_train_LA_T_1050944.flac,clean
data/raw/LA/LA/ASVspoof2019_LA_train/flac/LA_T_2338435.flac,LA,LA_0079,A03,spoof,spoof,train,data/subset_raw/LA_train_LA_T_2338435.flac,clean
data/raw/LA/LA/ASVspoof2019_LA_train/flac/LA_T_9969841.flac,LA,LA_0096,A01,spoof,spoof,train,data/subset_raw/LA_train_LA_T_9969841.flac,clean
data/raw/LA/LA/ASVspoof2019_LA_train/flac/LA_T_2369027.flac,LA,LA_0087,A06,spoof,spoof,train,data/subset_raw/LA_train_LA_T_2369027.flac,clean
data/raw/LA/LA/ASVspoof2019_LA_train/flac/LA_T_4562769.flac,LA,LA_0097,A06,spoof,spoof,test,data/subset_raw/LA_test_LA_T_4562769.flac,clean
data/raw/LA/LA/ASVspoof2019_LA_train/flac/LA_T_5557943.flac,LA,LA_0089,A06,spoof,spoof,val,data/subset_raw/LA_val_LA_T_5557943.flac,clean
data/raw/LA/LA/ASVspoof2019_LA_train/flac/LA_T_5299003.flac,LA,LA_0089,A05,spoof,spoof,val,data/subset_raw/LA_val_LA_T_5299003.flac,clean
data/raw/LA/LA/ASVspoof2019_LA_train/flac/LA_T_6866302.flac,LA,LA_0092,A04,spoof,spoof,train,data/subset_raw/LA_train_LA_T_6866302.flac,clean
data/raw/LA/LA/ASVspoof2019_LA_train/flac/LA_T_4844815.flac,LA,LA_0080,A01,spoof,spoof,train,data/subset_raw/LA_train_LA_T_4844815.flac,clean
data/raw/LA/LA/ASVspoof2019_LA_train/flac/LA_T_7389695.flac,LA,LA_0079,A01,spoof,spoof,train,data/subset_raw/LA_train_LA_T_7389695.flac,clean
data/raw/LA/LA/ASVspoof2019_LA_train/flac/LA_T_4991778.flac,LA,LA_0085,A06,spoof,spoof,train,data/subset_raw/LA_train_LA_T_4991778.flac,clean
data/raw/LA/LA/ASVspoof2019_LA_train/flac/LA_T_2462718.flac,LA,LA_0091,A03,spoof,spoof,train,data/subset_raw/LA_train_LA_T_2462718.flac,clean
data/raw/LA/LA/ASVspoof2019_LA_train/flac/LA_T_5181234.flac,LA,LA_0082,A05,spoof,spoof,val,data/subset_raw/LA_val_LA_T_5181234.flac,clean
data/raw/LA/LA/ASVspoof2019_LA_train/flac/LA_T_9027506.flac,LA,LA_0080,A02,spoof,spoof,train,data/subset_raw/LA_train_LA_T_9027506.flac,clean
data/raw/LA/LA/ASVspoof2019_LA_train/flac/LA_T_8186635.flac,LA,LA_0081,A01,spoof,spoof,train,data/subset_raw/LA_train_LA_T_8186635.flac,clean
data/raw/LA/LA/ASVspoof2019_LA_train/flac/LA_T_5447517.flac,LA,LA_0086,A03,spoof,spoof,test,data/subset_raw/LA_test_LA_T_5447517.flac,clean
data/raw/LA/LA/ASVspoof2019_LA_train/flac/LA_T_9752029.flac,LA,LA_0079,A04,spoof,spoof,train,data/subset_raw/LA_train_LA_T_9752029.flac,clean
data/raw/LA/LA/ASVspoof2019_LA_train/flac/LA_T_3541347.flac,LA,LA_0082,A06,spoof,spoof,val,data/subset_raw/LA_val_LA_T_3541347.flac,clean
data/raw/LA/LA/ASVspoof2019_LA_train/flac/LA_T_8055426.flac,LA,LA_0090,A01,spoof,spoof,train,data/subset_raw/LA_train_LA_T_8055426.flac,clean
data/raw/LA/LA/ASVspoof2019_LA_train/flac/LA_T_9056284.flac,LA,LA_0089,A01,spoof,spoof,val,data/subset_raw/LA_val_LA_T_9056284.flac,clean
data/raw/LA/LA/ASVspoof2019_LA_train/flac/LA_T_3303089.flac,LA,LA_0091,A01,spoof,spoof,train,data/subset_raw/LA_train_LA_T_3303089.flac,clean
data/raw/LA/LA/ASVspoof2019_LA_train/flac/LA_T_5710203.flac,LA,LA_0098,A04,spoof,spoof,train,data/subset_raw/LA_train_LA_T_5710203.flac,clean
data/raw/LA/LA/ASVspoof2019_LA_train/flac/LA_T_8856200.flac,LA,LA_0090,A01,spoof,spoof,train,data/subset_raw/LA_train_LA_T_8856200.flac,clean
data/raw/LA/LA/ASVspoof2019_LA_train/flac/LA_T_3674915.flac,LA,LA_0097,A06,spoof,spoof,test,data/subset_raw/LA_test_LA_T_3674915.flac,clean
data/raw/LA/LA/ASVspoof2019_LA_train/flac/LA_T_9492498.flac,LA,LA_0093,A03,spoof,spoof,test,data/subset_raw/LA_test_LA_T_9492498.flac,clean
data/raw/LA/LA/ASVspoof2019_LA_train/flac/LA_T_9274561.flac,LA,LA_0089,A03,spoof,spoof,val,data/subset_raw/LA_val_LA_T_9274561.flac,clean
data/raw/LA/LA/ASVspoof2019_LA_train/flac/LA_T_6785696.flac,LA,LA_0087,A03,spoof,spoof,train,data/subset_raw/LA_train_LA_T_6785696.flac,clean
data/raw/LA/LA/ASVspoof2019_LA_train/flac/LA_T_9529562.flac,LA,LA_0082,A02,spoof,spoof,val,data/subset_raw/LA_val_LA_T_9529562.flac,clean
data/raw/LA/LA/ASVspoof2019_LA_train/flac/LA_T_1076210.flac,LA,LA_0094,A01,spoof,spoof,train,data/subset_raw/LA_train_LA_T_1076210.flac,clean
data/raw/LA/LA/ASVspoof2019_LA_train/flac/LA_T_5333693.flac,LA,LA_0097,A05,spoof,spoof,test,data/subset_raw/LA_test_LA_T_5333693.flac,clean
data/raw/LA/LA/ASVspoof2019_LA_train/flac/LA_T_6904969.flac,LA,LA_0082,A01,spoof,spoof,val,data/subset_raw/LA_val_LA_T_6904969.flac,clean
data/raw/LA/LA/ASVspoof2019_LA_train/flac/LA_T_8287825.flac,LA,LA_0079,A03,spoof,spoof,train,data/subset_raw/LA_train_LA_T_8287825.flac,clean
data/raw/LA/LA/ASVspoof2019_LA_train/flac/LA_T_2445227.flac,LA,LA_0090,A03,spoof,spoof,train,data/subset_raw/LA_train_LA_T_2445227.flac,clean
data/raw/LA/LA/ASVspoof2019_LA_train/flac/LA_T_9499930.flac,LA,LA_0092,A05,spoof,spoof,train,data/subset_raw/LA_train_LA_T_9499930.flac,clean
data/raw/LA/LA/ASVspoof2019_LA_train/flac/LA_T_6838646.flac,LA,LA_0089,A03,spoof,spoof,val,data/subset_raw/LA_val_LA_T_6838646.flac,clean
data/raw/LA/LA/ASVspoof2019_LA_train/flac/LA_T_9683366.flac,LA,LA_0080,A04,spoof,spoof,train,data/subset_raw/LA_train_LA_T_9683366.flac,clean
data/raw/LA/LA/ASVspoof2019_LA_train/flac/LA_T_2789947.flac,LA,LA_0097,A05,spoof,spoof,test,data/subset_raw/LA_test_LA_T_2789947.flac,clean
data/raw/LA/LA/ASVspoof2019_LA_train/flac/LA_T_4307188.flac,LA,LA_0085,A05,spoof,spoof,train,data/subset_raw/LA_train_LA_T_4307188.flac,clean
data/raw/LA/LA/ASVspoof2019_LA_train/flac/LA_T_7136815.flac,LA,LA_0085,A06,spoof,spoof,train,data/subset_raw/LA_train_LA_T_7136815.flac,clean
data/raw/LA/LA/ASVspoof2019_LA_train/flac/LA_T_6174387.flac,LA,LA_0096,A01,spoof,spoof,train,data/subset_raw/LA_train_LA_T_6174387.flac,clean
data/raw/LA/LA/ASVspoof2019_LA_train/flac/LA_T_9347890.flac,LA,LA_0083,A04,spoof,spoof,train,data/subset_raw/LA_train_LA_T_9347890.flac,clean
data/raw/LA/LA/ASVspoof2019_LA_train/flac/LA_T_9683231.flac,LA,LA_0081,A02,spoof,spoof,train,data/subset_raw/LA_train_LA_T_9683231.flac,clean
data/raw/LA/LA/ASVspoof2019_LA_train/flac/LA_T_7670531.flac,LA,LA_0084,A01,spoof,spoof,train,data/subset_raw/LA_train_LA_T_7670531.flac,clean
data/raw/LA/LA/ASVspoof2019_LA_train/flac/LA_T_4207818.flac,LA,LA_0081,A01,spoof,spoof,train,data/subset_raw/LA_train_LA_T_4207818.flac,clean
data/raw/LA/LA/ASVspoof2019_LA_train/flac/LA_T_3813986.flac,LA,LA_0089,A05,spoof,spoof,val,data/subset_raw/LA_val_LA_T_3813986.flac,clean
data/raw/LA/LA/ASVspoof2019_LA_train/flac/LA_T_2237022.flac,LA,LA_0098,A01,spoof,spoof,train,data/subset_raw/LA_train_LA_T_2237022.flac,clean
data/raw/LA/LA/ASVspoof2019_LA_train/flac/LA_T_5105792.flac,LA,LA_0091,A02,spoof,spoof,train,data/subset_raw/LA_train_LA_T_5105792.flac,clean
data/raw/LA/LA/ASVspoof2019_LA_train/flac/LA_T_1054206.flac,LA,LA_0092,A06,spoof,spoof,train,data/subset_raw/LA_train_LA_T_1054206.flac,clean
data/raw/LA/LA/ASVspoof2019_LA_train/flac/LA_T_8811619.flac,LA,LA_0096,A01,spoof,spoof,train,data/subset_raw/LA_train_LA_T_8811619.flac,clean
data/raw/LA/LA/ASVspoof2019_LA_train/flac/LA_T_8966163.flac,LA,LA_0085,A03,spoof,spoof,train,data/subset_raw/LA_train_LA_T_8966163.flac,clean
data/raw/LA/LA/ASVspoof2019_LA_train/flac/LA_T_5718643.flac,LA,LA_0083,A02,spoof,spoof,train,data/subset_raw/LA_train_LA_T_5718643.flac,clean
data/raw/LA/LA/ASVspoof2019_LA_train/flac/LA_T_7814998.flac,LA,LA_0096,A04,spoof,spoof,train,data/subset_raw/LA_train_LA_T_7814998.flac,clean
data/raw/LA/LA/ASVspoof2019_LA_train/flac/LA_T_8126617.flac,LA,LA_0091,A03,spoof,spoof,train,data/subset_raw/LA_train_LA_T_8126617.flac,clean
data/raw/LA/LA/ASVspoof2019_LA_train/flac/LA_T_4608788.flac,LA,LA_0095,A02,spoof,spoof,train,data/subset_raw/LA_train_LA_T_4608788.flac,clean
data/raw/LA/LA/ASVspoof2019_LA_train/flac/LA_T_7081724.flac,LA,LA_0084,A05,spoof,spoof,train,data/subset_raw/LA_train_LA_T_7081724.flac,clean
data/raw/LA/LA/ASVspoof2019_LA_train/flac/LA_T_7623077.flac,LA,LA_0097,A05,spoof,spoof,test,data/subset_raw/LA_test_LA_T_7623077.flac,clean
data/raw/LA/LA/ASVspoof2019_LA_train/flac/LA_T_8574954.flac,LA,LA_0085,A02,spoof,spoof,train,data/subset_raw/LA_train_LA_T_8574954.flac,clean
data/raw/LA/LA/ASVspoof2019_LA_train/flac/LA_T_2233012.flac,LA,LA_0086,A06,spoof,spoof,test,data/subset_raw/LA_test_LA_T_2233012.flac,clean
data/raw/LA/LA/ASVspoof2019_LA_train/flac/LA_T_6510676.flac,LA,LA_0090,A05,spoof,spoof,train,data/subset_raw/LA_train_LA_T_6510676.flac,clean
data/raw/LA/LA/ASVspoof2019_LA_train/flac/LA_T_6962997.flac,LA,LA_0097,A04,spoof,spoof,test,data/subset_raw/LA_test_LA_T_6962997.flac,clean
data/raw/LA/LA/ASVspoof2019_LA_train/flac/LA_T_4973732.flac,LA,LA_0081,A01,spoof,spoof,train,data/subset_raw/LA_train_LA_T_4973732.flac,clean
data/raw/LA/LA/ASVspoof2019_LA_train/flac/LA_T_9860705.flac,LA,LA_0095,A01,spoof,spoof,train,data/subset_raw/LA_train_LA_T_9860705.flac,clean
data/raw/LA/LA/ASVspoof2019_LA_train/flac/LA_T_5882239.flac,LA,LA_0087,A02,spoof,spoof,train,data/subset_raw/LA_train_LA_T_5882239.flac,clean
data/raw/LA/LA/ASVspoof2019_LA_train/flac/LA_T_4583580.flac,LA,LA_0098,A03,spoof,spoof,train,data/subset_raw/LA_train_LA_T_4583580.flac,clean
data/raw/LA/LA/ASVspoof2019_LA_train/flac/LA_T_5770156.flac,LA,LA_0097,A01,spoof,spoof,test,data/subset_raw/LA_test_LA_T_5770156.flac,clean
data/raw/LA/LA/ASVspoof2019_LA_train/flac/LA_T_3339466.flac,LA,LA_0091,A05,spoof,spoof,train,data/subset_raw/LA_train_LA_T_3339466.flac,clean
data/raw/LA/LA/ASVspoof2019_LA_train/flac/LA_T_4506743.flac,LA,LA_0081,A04,spoof,spoof,train,data/subset_raw/LA_train_LA_T_4506743.flac,clean
data/raw/LA/LA/ASVspoof2019_LA_train/flac/LA_T_3622175.flac,LA,LA_0097,A01,spoof,spoof,test,data/subset_raw/LA_test_LA_T_3622175.flac,clean
data/raw/LA/LA/ASVspoof2019_LA_train/flac/LA_T_6796337.flac,LA,LA_0097,A03,spoof,spoof,test,data/subset_raw/LA_test_LA_T_6796337.flac,clean
data/raw/LA/LA/ASVspoof2019_LA_train/flac/LA_T_1471299.flac,LA,LA_0094,A02,spoof,spoof,train,data/subset_raw/LA_train_LA_T_1471299.flac,clean
data/raw/LA/LA/ASVspoof2019_LA_train/flac/LA_T_9858769.flac,LA,LA_0086,A06,spoof,spoof,test,data/subset_raw/LA_test_LA_T_9858769.flac,clean
data/raw/LA/LA/ASVspoof2019_LA_train/flac/LA_T_7047656.flac,LA,LA_0090,A01,spoof,spoof,train,data/subset_raw/LA_train_LA_T_7047656.flac,clean
data/raw/LA/LA/ASVspoof2019_LA_train/flac/LA_T_4195301.flac,LA,LA_0084,A02,spoof,spoof,train,data/subset_raw/LA_train_LA_T_4195301.flac,clean
data/raw/LA/LA/ASVspoof2019_LA_train/flac/LA_T_8588493.flac,LA,LA_0085,A06,spoof,spoof,train,data/subset_raw/LA_train_LA_T_8588493.flac,clean
data/raw/LA/LA/ASVspoof2019_LA_train/flac/LA_T_5192352.flac,LA,LA_0090,A01,spoof,spoof,train,data/subset_raw/LA_train_LA_T_5192352.flac,clean
data/raw/LA/LA/ASVspoof2019_LA_train/flac/LA_T_8897417.flac,LA,LA_0087,A02,spoof,spoof,train,data/subset_raw/LA_train_LA_T_8897417.flac,clean
data/raw/LA/LA/ASVspoof2019_LA_train/flac/LA_T_4769657.flac,LA,LA_0097,A04,spoof,spoof,test,data/subset_raw/LA_test_LA_T_4769657.flac,clean
data/raw/LA/LA/ASVspoof2019_LA_train/flac/LA_T_8944036.flac,LA,LA_0092,A04,spoof,spoof,train,data/subset_raw/LA_train_LA_T_8944036.flac,clean
data/raw/LA/LA/ASVspoof2019_LA_train/flac/LA_T_5415449.flac,LA,LA_0095,A04,spoof,spoof,train,data/subset_raw/LA_train_LA_T_5415449.flac,clean
data/raw/LA/LA/ASVspoof2019_LA_train/flac/LA_T_2084488.flac,LA,LA_0085,A03,spoof,spoof,train,data/subset_raw/LA_train_LA_T_2084488.flac,clean
data/raw/LA/LA/ASVspoof2019_LA_train/flac/LA_T_2618857.flac,LA,LA_0093,A03,spoof,spoof,test,data/subset_raw/LA_test_LA_T_2618857.flac,clean
data/raw/LA/LA/ASVspoof2019_LA_train/flac/LA_T_6749249.flac,LA,LA_0084,A06,spoof,spoof,train,data/subset_raw/LA_train_LA_T_6749249.flac,clean
data/raw/LA/LA/ASVspoof2019_LA_train/flac/LA_T_3652205.flac,LA,LA_0095,A02,spoof,spoof,train,data/subset_raw/LA_train_LA_T_3652205.flac,clean
data/raw/LA/LA/ASVspoof2019_LA_train/flac/LA_T_2977629.flac,LA,LA_0085,A01,spoof,spoof,train,data/subset_raw/LA_train_LA_T_2977629.flac,clean
data/raw/LA/LA/ASVspoof2019_LA_train/flac/LA_T_2582329.flac,LA,LA_0084,A04,spoof,spoof,train,data/subset_raw/LA_train_LA_T_2582329.flac,clean
data/raw/LA/LA/ASVspoof2019_LA_train/flac/LA_T_4880191.flac,LA,LA_0095,A01,spoof,spoof,train,data/subset_raw/LA_train_LA_T_4880191.flac,clean
data/raw/LA/LA/ASVspoof2019_LA_train/flac/LA_T_9017192.flac,LA,LA_0090,A04,spoof,spoof,train,data/subset_raw/LA_train_LA_T_9017192.flac,clean
data/raw/LA/LA/ASVspoof2019_LA_train/flac/LA_T_6834916.flac,LA,LA_0088,A01,spoof,spoof,train,data/subset_raw/LA_train_LA_T_6834916.flac,clean
data/raw/LA/LA/ASVspoof2019_LA_train/flac/LA_T_9754738.flac,LA,LA_0098,A02,spoof,spoof,train,data/subset_raw/LA_train_LA_T_9754738.flac,clean
data/raw/LA/LA/ASVspoof2019_LA_train/flac/LA_T_2307363.flac,LA,LA_0092,A04,spoof,spoof,train,data/subset_raw/LA_train_LA_T_2307363.flac,clean
data/raw/LA/LA/ASVspoof2019_LA_train/flac/LA_T_5832521.flac,LA,LA_0093,A01,spoof,spoof,test,data/subset_raw/LA_test_LA_T_5832521.flac,clean
data/raw/LA/LA/ASVspoof2019_LA_train/flac/LA_T_6051675.flac,LA,LA_0086,A06,spoof,spoof,test,data/subset_raw/LA_test_LA_T_6051675.flac,clean
data/raw/PA/PA/ASVspoof2019_PA_train/flac/PA_T_0002477.flac,PA,PA_0086,-,bonafide,bonafide,train,data/subset_raw/PA_train_PA_T_0002477.flac,clean
data/raw/PA/PA/ASVspoof2019_PA_train/flac/PA_T_0001048.flac,PA,PA_0083,-,bonafide,bonafide,train,data/subset_raw/PA_train_PA_T_0001048.flac,clean
data/raw/PA/PA/ASVspoof2019_PA_train/flac/PA_T_0003165.flac,PA,PA_0095,-,bonafide,bonafide,train,data/subset_raw/PA_train_PA_T_0003165.flac,clean
data/raw/PA/PA/ASVspoof2019_PA_train/flac/PA_T_0002373.flac,PA,PA_0096,-,bonafide,bonafide,train,data/subset_raw_repaired/PA_train_PA_T_0002373.flac,clean
data/raw/PA/PA/ASVspoof2019_PA_train/flac/PA_T_0002108.flac,PA,PA_0089,-,bonafide,bonafide,train,data/subset_raw_repaired/PA_train_PA_T_0002108.flac,clean
data/raw/PA/PA/ASVspoof2019_PA_train/flac/PA_T_0001504.flac,PA,PA_0089,-,bonafide,bonafide,train,data/subset_raw/PA_train_PA_T_0001504.flac,clean
data/raw/PA/PA/ASVspoof2019_PA_train/flac/PA_T_0004520.flac,PA,PA_0090,-,bonafide,bonafide,train,data/subset_raw_repaired/PA_train_PA_T_0004520.flac,clean
data/raw/PA/PA/ASVspoof2019_PA_train/flac/PA_T_0001346.flac,PA,PA_0093,-,bonafide,bonafide,train,data/subset_raw/PA_train_PA_T_0001346.flac,clean
data/raw/PA/PA/ASVspoof2019_PA_train/flac/PA_T_0001221.flac,PA,PA_0081,-,bonafide,bonafide,val,data/subset_raw/PA_val_PA_T_0001221.flac,clean
data/raw/PA/PA/ASVspoof2019_PA_train/flac/PA_T_0001823.flac,PA,PA_0081,-,bonafide,bonafide,val,data/subset_raw_repaired/PA_val_PA_T_0001823.flac,clean
data/raw/PA/PA/ASVspoof2019_PA_train/flac/PA_T_0002863.flac,PA,PA_0085,-,bonafide,bonafide,train,data/subset_raw/PA_train_PA_T_0002863.flac,clean
data/raw/PA/PA/ASVspoof2019_PA_train/flac/PA_T_0002536.flac,PA,PA_0092,-,bonafide,bonafide,train,data/subset_raw_repaired/PA_train_PA_T_0002536.flac,clean
data/raw/PA/PA/ASVspoof2019_PA_train/flac/PA_T_0000034.flac,PA,PA_0082,-,bonafide,bonafide,val,data/subset_raw_repaired/PA_val_PA_T_0000034.flac,clean
data/raw/PA/PA/ASVspoof2019_PA_train/flac/PA_T_0003502.flac,PA,PA_0089,-,bonafide,bonafide,train,data/subset_raw_repaired/PA_train_PA_T_0003502.flac,clean
data/raw/PA/PA/ASVspoof2019_PA_train/flac/PA_T_0002681.flac,PA,PA_0087,-,bonafide,bonafide,test,data/subset_raw/PA_test_PA_T_0002681.flac,clean
data/raw/PA/PA/ASVspoof2019_PA_train/flac/PA_T_0002883.flac,PA,PA_0087,-,bonafide,bonafide,test,data/subset_raw/PA_test_PA_T_0002883.flac,clean
data/raw/PA/PA/ASVspoof2019_PA_train/flac/PA_T_0000777.flac,PA,PA_0096,-,bonafide,bonafide,train,data/subset_raw_repaired/PA_train_PA_T_0000777.flac,clean
data/raw/PA/PA/ASVspoof2019_PA_train/flac/PA_T_0001514.flac,PA,PA_0090,-,bonafide,bonafide,train,data/subset_raw_repaired/PA_train_PA_T_0001514.flac,clean
data/raw/PA/PA/ASVspoof2019_PA_train/flac/PA_T_0002823.flac,PA,PA_0081,-,bonafide,bonafide,val,data/subset_raw_repaired/PA_val_PA_T_0002823.flac,clean
data/raw/PA/PA/ASVspoof2019_PA_train/flac/PA_T_0002466.flac,PA,PA_0085,-,bonafide,bonafide,train,data/subset_raw/PA_train_PA_T_0002466.flac,clean
data/raw/PA/PA/ASVspoof2019_PA_train/flac/PA_T_0002743.flac,PA,PA_0093,-,bonafide,bonafide,train,data/subset_raw/PA_train_PA_T_0002743.flac,clean
data/raw/PA/PA/ASVspoof2019_PA_train/flac/PA_T_0002064.flac,PA,PA_0085,-,bonafide,bonafide,train,data/subset_raw/PA_train_PA_T_0002064.flac,clean
data/raw/PA/PA/ASVspoof2019_PA_train/flac/PA_T_0003138.flac,PA,PA_0092,-,bonafide,bonafide,train,data/subset_raw/PA_train_PA_T_0003138.flac,clean
data/raw/PA/PA/ASVspoof2019_PA_train/flac/PA_T_0002803.flac,PA,PA_0079,-,bonafide,bonafide,test,data/subset_raw_repaired/PA_test_PA_T_0002803.flac,clean
data/raw/PA/PA/ASVspoof2019_PA_train/flac/PA_T_0003816.flac,PA,PA_0080,-,bonafide,bonafide,train,data/subset_raw/PA_train_PA_T_0003816.flac,clean
data/raw/PA/PA/ASVspoof2019_PA_train/flac/PA_T_0001540.flac,PA,PA_0092,-,bonafide,bonafide,train,data/subset_raw/PA_train_PA_T_0001540.flac,clean
data/raw/PA/PA/ASVspoof2019_PA_train/flac/PA_T_0000085.flac,PA,PA_0087,-,bonafide,bonafide,test,data/subset_raw/PA_test_PA_T_0000085.flac,clean
data/raw/PA/PA/ASVspoof2019_PA_train/flac/PA_T_0005003.flac,PA,PA_0079,-,bonafide,bonafide,test,data/subset_raw/PA_test_PA_T_0005003.flac,clean
data/raw/PA/PA/ASVspoof2019_PA_train/flac/PA_T_0003263.flac,PA,PA_0085,-,bonafide,bonafide,train,data/subset_raw/PA_train_PA_T_0003263.flac,clean
data/raw/PA/PA/ASVspoof2019_PA_train/flac/PA_T_0005020.flac,PA,PA_0080,-,bonafide,bonafide,train,data/subset_raw/PA_train_PA_T_0005020.flac,clean
data/raw/PA/PA/ASVspoof2019_PA_train/flac/PA_T_0004487.flac,PA,PA_0087,-,bonafide,bonafide,test,data/subset_raw_repaired/PA_test_PA_T_0004487.flac,clean
data/raw/PA/PA/ASVspoof2019_PA_train/flac/PA_T_0003251.flac,PA,PA_0084,-,bonafide,bonafide,train,data/subset_raw_repaired/PA_train_PA_T_0003251.flac,clean
data/raw/PA/PA/ASVspoof2019_PA_train/flac/PA_T_0002246.flac,PA,PA_0083,-,bonafide,bonafide,train,data/subset_raw_repaired/PA_train_PA_T_0002246.flac,clean
data/raw/PA/PA/ASVspoof2019_PA_train/flac/PA_T_0004714.flac,PA,PA_0090,-,bonafide,bonafide,train,data/subset_raw/PA_train_PA_T_0004714.flac,clean
data/raw/PA/PA/ASVspoof2019_PA_train/flac/PA_T_0001908.flac,PA,PA_0089,-,bonafide,bonafide,train,data/subset_raw/PA_train_PA_T_0001908.flac,clean
data/raw/PA/PA/ASVspoof2019_PA_train/flac/PA_T_0003244.flac,PA,PA_0083,-,bonafide,bonafide,train,data/subset_raw_repaired/PA_train_PA_T_0003244.flac,clean
data/raw/PA/PA/ASVspoof2019_PA_train/flac/PA_T_0005032.flac,PA,PA_0082,-,bonafide,bonafide,val,data/subset_raw_repaired/PA_val_PA_T_0005032.flac,clean
data/raw/PA/PA/ASVspoof2019_PA_train/flac/PA_T_0005370.flac,PA,PA_0095,-,bonafide,bonafide,train,data/subset_raw_repaired/PA_train_PA_T_0005370.flac,clean
data/raw/PA/PA/ASVspoof2019_PA_train/flac/PA_T_0001731.flac,PA,PA_0092,-,bonafide,bonafide,train,data/subset_raw_repaired/PA_train_PA_T_0001731.flac,clean
data/raw/PA/PA/ASVspoof2019_PA_train/flac/PA_T_0000009.flac,PA,PA_0079,-,bonafide,bonafide,test,data/subset_raw_repaired/PA_test_PA_T_0000009.flac,clean
data/raw/PA/PA/ASVspoof2019_PA_train/flac/PA_T_0001545.flac,PA,PA_0093,-,bonafide,bonafide,train,data/subset_raw/PA_train_PA_T_0001545.flac,clean
data/raw/PA/PA/ASVspoof2019_PA_train/flac/PA_T_0005319.flac,PA,PA_0090,-,bonafide,bonafide,train,data/subset_raw/PA_train_PA_T_0005319.flac,clean
data/raw/PA/PA/ASVspoof2019_PA_train/flac/PA_T_0004845.flac,PA,PA_0083,-,bonafide,bonafide,train,data/subset_raw/PA_train_PA_T_0004845.flac,clean
data/raw/PA/PA/ASVspoof2019_PA_train/flac/PA_T_0000997.flac,PA,PA_0098,-,bonafide,bonafide,train,data/subset_raw_repaired/PA_train_PA_T_0000997.flac,clean
data/raw/PA/PA/ASVspoof2019_PA_train/flac/PA_T_0001394.flac,PA,PA_0098,-,bonafide,bonafide,train,data/subset_raw/PA_train_PA_T_0001394.flac,clean
data/raw/PA/PA/ASVspoof2019_PA_train/flac/PA_T_0003494.flac,PA,PA_0088,-,bonafide,bonafide,train,data/subset_raw_repaired/PA_train_PA_T_0003494.flac,clean
data/raw/PA/PA/ASVspoof2019_PA_train/flac/PA_T_0000382.flac,PA,PA_0097,-,bonafide,bonafide,test,data/subset_raw/PA_test_PA_T_0000382.flac,clean
data/raw/PA/PA/ASVspoof2019_PA_train/flac/PA_T_0004786.flac,PA,PA_0097,-,bonafide,bonafide,test,data/subset_raw/PA_test_PA_T_0004786.flac,clean
data/raw/PA/PA/ASVspoof2019_PA_train/flac/PA_T_0003711.flac,PA,PA_0090,-,bonafide,bonafide,train,data/subset_raw/PA_train_PA_T_0003711.flac,clean
data/raw/PA/PA/ASVspoof2019_PA_train/flac/PA_T_0002437.flac,PA,PA_0082,-,bonafide,bonafide,val,data/subset_raw_repaired/PA_val_PA_T_0002437.flac,clean
data/raw/PA/PA/ASVspoof2019_PA_train/flac/PA_T_0001050.flac,PA,PA_0083,-,bonafide,bonafide,train,data/subset_raw/PA_train_PA_T_0001050.flac,clean
data/raw/PA/PA/ASVspoof2019_PA_train/flac/PA_T_0003410.flac,PA,PA_0079,-,bonafide,bonafide,test,data/subset_raw/PA_test_PA_T_0003410.flac,clean
data/raw/PA/PA/ASVspoof2019_PA_train/flac/PA_T_0002105.flac,PA,PA_0089,-,bonafide,bonafide,train,data/subset_raw_repaired/PA_train_PA_T_0002105.flac,clean
data/raw/PA/PA/ASVspoof2019_PA_train/flac/PA_T_0001783.flac,PA,PA_0097,-,bonafide,bonafide,test,data/subset_raw_repaired/PA_test_PA_T_0001783.flac,clean
data/raw/PA/PA/ASVspoof2019_PA_train/flac/PA_T_0003122.flac,PA,PA_0091,-,bonafide,bonafide,val,data/subset_raw/PA_val_PA_T_0003122.flac,clean
data/raw/PA/PA/ASVspoof2019_PA_train/flac/PA_T_0004613.flac,PA,PA_0080,-,bonafide,bonafide,train,data/subset_raw/PA_train_PA_T_0004613.flac,clean
data/raw/PA/PA/ASVspoof2019_PA_train/flac/PA_T_0002703.flac,PA,PA_0089,-,bonafide,bonafide,train,data/subset_raw/PA_train_PA_T_0002703.flac,clean
data/raw/PA/PA/ASVspoof2019_PA_train/flac/PA_T_0004389.flac,PA,PA_0097,-,bonafide,bonafide,test,data/subset_raw/PA_test_PA_T_0004389.flac,clean
data/raw/PA/PA/ASVspoof2019_PA_train/flac/PA_T_0001895.flac,PA,PA_0088,-,bonafide,bonafide,train,data/subset_raw/PA_train_PA_T_0001895.flac,clean
data/raw/PA/PA/ASVspoof2019_PA_train/flac/PA_T_0004862.flac,PA,PA_0085,-,bonafide,bonafide,train,data/subset_raw/PA_train_PA_T_0004862.flac,clean
data/raw/PA/PA/ASVspoof2019_PA_train/flac/PA_T_0001398.flac,PA,PA_0098,-,bonafide,bonafide,train,data/subset_raw/PA_train_PA_T_0001398.flac,clean
data/raw/PA/PA/ASVspoof2019_PA_train/flac/PA_T_0003258.flac,PA,PA_0084,-,bonafide,bonafide,train,data/subset_raw_repaired/PA_train_PA_T_0003258.flac,clean
data/raw/PA/PA/ASVspoof2019_PA_train/flac/PA_T_0004400.flac,PA,PA_0098,-,bonafide,bonafide,train,data/subset_raw/PA_train_PA_T_0004400.flac,clean
data/raw/PA/PA/ASVspoof2019_PA_train/flac/PA_T_0003291.flac,PA,PA_0088,-,bonafide,bonafide,train,data/subset_raw/PA_train_PA_T_0003291.flac,clean
data/raw/PA/PA/ASVspoof2019_PA_train/flac/PA_T_0003471.flac,PA,PA_0086,-,bonafide,bonafide,train,data/subset_raw_repaired/PA_train_PA_T_0003471.flac,clean
data/raw/PA/PA/ASVspoof2019_PA_train/flac/PA_T_0001879.flac,PA,PA_0086,-,bonafide,bonafide,train,data/subset_raw/PA_train_PA_T_0001879.flac,clean
data/raw/PA/PA/ASVspoof2019_PA_train/flac/PA_T_0004567.flac,PA,PA_0095,-,bonafide,bonafide,train,data/subset_raw_repaired/PA_train_PA_T_0004567.flac,clean
data/raw/PA/PA/ASVspoof2019_PA_train/flac/PA_T_0000506.flac,PA,PA_0089,-,bonafide,bonafide,train,data/subset_raw/PA_train_PA_T_0000506.flac,clean
data/raw/PA/PA/ASVspoof2019_PA_train/flac/PA_T_0000839.flac,PA,PA_0082,-,bonafide,bonafide,val,data/subset_raw/PA_val_PA_T_0000839.flac,clean
data/raw/PA/PA/ASVspoof2019_PA_train/flac/PA_T_0000133.flac,PA,PA_0092,-,bonafide,bonafide,train,data/subset_raw/PA_train_PA_T_0000133.flac,clean
data/raw/PA/PA/ASVspoof2019_PA_train/flac/PA_T_0002645.flac,PA,PA_0083,-,bonafide,bonafide,train,data/subset_raw/PA_train_PA_T_0002645.flac,clean
data/raw/PA/PA/ASVspoof2019_PA_train/flac/PA_T_0001601.flac,PA,PA_0079,-,bonafide,bonafide,test,data/subset_raw_repaired/PA_test_PA_T_0001601.flac,clean
data/raw/PA/PA/ASVspoof2019_PA_train/flac/PA_T_0000280.flac,PA,PA_0086,-,bonafide,bonafide,train,data/subset_raw/PA_train_PA_T_0000280.flac,clean
data/raw/PA/PA/ASVspoof2019_PA_train/flac/PA_T_0000857.flac,PA,PA_0084,-,bonafide,bonafide,train,data/subset_raw/PA_train_PA_T_0000857.flac,clean
data/raw/PA/PA/ASVspoof2019_PA_train/flac/PA_T_0000945.flac,PA,PA_0093,-,bonafide,bonafide,train,data/subset_raw/PA_train_PA_T_0000945.flac,clean
data/raw/PA/PA/ASVspoof2019_PA_train/flac/PA_T_0003254.flac,PA,PA_0084,-,bonafide,bonafide,train,data/subset_raw/PA_train_PA_T_0003254.flac,clean
data/raw/PA/PA/ASVspoof2019_PA_train/flac/PA_T_0002982.flac,PA,PA_0097,-,bonafide,bonafide,test,data/subset_raw_repaired/PA_test_PA_T_0002982.flac,clean
data/raw/PA/PA/ASVspoof2019_PA_train/flac/PA_T_0001096.flac,PA,PA_0088,-,bonafide,bonafide,train,data/subset_raw/PA_train_PA_T_0001096.flac,clean
data/raw/PA/PA/ASVspoof2019_PA_train/flac/PA_T_0002997.flac,PA,PA_0098,-,bonafide,bonafide,train,data/subset_raw_repaired/PA_train_PA_T_0002997.flac,clean
data/raw/PA/PA/ASVspoof2019_PA_train/flac/PA_T_0001704.flac,PA,PA_0089,-,bonafide,bonafide,train,data/subset_raw/PA_train_PA_T_0001704.flac,clean
data/raw/PA/PA/ASVspoof2019_PA_train/flac/PA_T_0001617.flac,PA,PA_0080,-,bonafide,bonafide,train,data/subset_raw/PA_train_PA_T_0001617.flac,clean
data/raw/PA/PA/ASVspoof2019_PA_train/flac/PA_T_0001095.flac,PA,PA_0088,-,bonafide,bonafide,train,data/subset_raw_repaired/PA_train_PA_T_0001095.flac,clean
data/raw/PA/PA/ASVspoof2019_PA_train/flac/PA_T_0000249.flac,PA,PA_0083,-,bonafide,bonafide,train,data/subset_raw/PA_train_PA_T_0000249.flac,clean
data/raw/PA/PA/ASVspoof2019_PA_train/flac/PA_T_0003772.flac,PA,PA_0096,-,bonafide,bonafide,train,data/subset_raw_repaired/PA_train_PA_T_0003772.flac,clean
data/raw/PA/PA/ASVspoof2019_PA_train/flac/PA_T_0001878.flac,PA,PA_0086,-,bonafide,bonafide,train,data/subset_raw/PA_train_PA_T_0001878.flac,clean
data/raw/PA/PA/ASVspoof2019_PA_train/flac/PA_T_0002312.flac,PA,PA_0090,-,bonafide,bonafide,train,data/subset_raw/PA_train_PA_T_0002312.flac,clean
data/raw/PA/PA/ASVspoof2019_PA_train/flac/PA_T_0005013.flac,PA,PA_0080,-,bonafide,bonafide,train,data/subset_raw/PA_train_PA_T_0005013.flac,clean
data/raw/PA/PA/ASVspoof2019_PA_train/flac/PA_T_0003667.flac,PA,PA_0085,-,bonafide,bonafide,train,data/subset_raw/PA_train_PA_T_0003667.flac,clean
data/raw/PA/PA/ASVspoof2019_PA_train/flac/PA_T_0003218.flac,PA,PA_0080,-,bonafide,bonafide,train,data/subset_raw_repaired/PA_train_PA_T_0003218.flac,clean
data/raw/PA/PA/ASVspoof2019_PA_train/flac/PA_T_0003316.flac,PA,PA_0090,-,bonafide,bonafide,train,data/subset_raw/PA_train_PA_T_0003316.flac,clean
data/raw/PA/PA/ASVspoof2019_PA_train/flac/PA_T_0004747.flac,PA,PA_0093,-,bonafide,bonafide,train,data/subset_raw_repaired/PA_train_PA_T_0004747.flac,clean
data/raw/PA/PA/ASVspoof2019_PA_train/flac/PA_T_0003476.flac,PA,PA_0086,-,bonafide,bonafide,train,data/subset_raw/PA_train_PA_T_0003476.flac,clean
data/raw/PA/PA/ASVspoof2019_PA_train/flac/PA_T_0005300.flac,PA,PA_0088,-,bonafide,bonafide,train,data/subset_raw_repaired/PA_train_PA_T_0005300.flac,clean
data/raw/PA/PA/ASVspoof2019_PA_train/flac/PA_T_0003048.flac,PA,PA_0083,-,bonafide,bonafide,train,data/subset_raw_repaired/PA_train_PA_T_0003048.flac,clean
data/raw/PA/PA/ASVspoof2019_PA_train/flac/PA_T_0005303.flac,PA,PA_0089,-,bonafide,bonafide,train,data/subset_raw_repaired/PA_train_PA_T_0005303.flac,clean
data/raw/PA/PA/ASVspoof2019_PA_train/flac/PA_T_0000024.flac,PA,PA_0081,-,bonafide,bonafide,val,data/subset_raw_repaired/PA_val_PA_T_0000024.flac,clean
data/raw/PA/PA/ASVspoof2019_PA_train/flac/PA_T_0000417.flac,PA,PA_0080,-,bonafide,bonafide,train,data/subset_raw_repaired/PA_train_PA_T_0000417.flac,clean
data/raw/PA/PA/ASVspoof2019_PA_train/flac/PA_T_0002587.flac,PA,PA_0097,-,bonafide,bonafide,test,data/subset_raw/PA_test_PA_T_0002587.flac,clean
data/raw/PA/PA/ASVspoof2019_PA_train/flac/PA_T_0000241.flac,PA,PA_0083,-,bonafide,bonafide,train,data/subset_raw_repaired/PA_train_PA_T_0000241.flac,clean
data/raw/PA/PA/ASVspoof2019_PA_train/flac/PA_T_0003976.flac,PA,PA_0096,-,bonafide,bonafide,train,data/subset_raw_repaired/PA_train_PA_T_0003976.flac,clean
data/raw/PA/PA/ASVspoof2019_PA_train/flac/PA_T_0001118.flac,PA,PA_0090,-,bonafide,bonafide,train,data/subset_raw/PA_train_PA_T_0001118.flac,clean
data/raw/PA/PA/ASVspoof2019_PA_train/flac/PA_T_0003608.flac,PA,PA_0079,-,bonafide,bonafide,test,data/subset_raw_repaired/PA_test_PA_T_0003608.flac,clean
data/raw/PA/PA/ASVspoof2019_PA_train/flac/PA_T_0004246.flac,PA,PA_0083,-,bonafide,bonafide,train,data/subset_raw/PA_train_PA_T_0004246.flac,clean
data/raw/PA/PA/ASVspoof2019_PA_train/flac/PA_T_0004255.flac,PA,PA_0084,-,bonafide,bonafide,train,data/subset_raw_repaired/PA_train_PA_T_0004255.flac,clean
data/raw/PA/PA/ASVspoof2019_PA_train/flac/PA_T_0004589.flac,PA,PA_0097,-,bonafide,bonafide,test,data/subset_raw/PA_test_PA_T_0004589.flac,clean
data/raw/PA/PA/ASVspoof2019_PA_train/flac/PA_T_0002926.flac,PA,PA_0091,-,bonafide,bonafide,val,data/subset_raw/PA_val_PA_T_0002926.flac,clean
data/raw/PA/PA/ASVspoof2019_PA_train/flac/PA_T_0000016.flac,PA,PA_0080,-,bonafide,bonafide,train,data/subset_raw/PA_train_PA_T_0000016.flac,clean
data/raw/PA/PA/ASVspoof2019_PA_train/flac/PA_T_0004956.flac,PA,PA_0094,-,bonafide,bonafide,val,data/subset_raw_repaired/PA_val_PA_T_0004956.flac,clean
data/raw/PA/PA/ASVspoof2019_PA_train/flac/PA_T_0000080.flac,PA,PA_0086,-,bonafide,bonafide,train,data/subset_raw/PA_train_PA_T_0000080.flac,clean
data/raw/PA/PA/ASVspoof2019_PA_train/flac/PA_T_0004129.flac,PA,PA_0091,-,bonafide,bonafide,val,data/subset_raw_repaired/PA_val_PA_T_0004129.flac,clean
data/raw/PA/PA/ASVspoof2019_PA_train/flac/PA_T_0000766.flac,PA,PA_0095,-,bonafide,bonafide,train,data/subset_raw/PA_train_PA_T_0000766.flac,clean
data/raw/PA/PA/ASVspoof2019_PA_train/flac/PA_T_0004721.flac,PA,PA_0091,-,bonafide,bonafide,val,data/subset_raw_repaired/PA_val_PA_T_0004721.flac,clean
data/raw/PA/PA/ASVspoof2019_PA_train/flac/PA_T_0001880.flac,PA,PA_0086,-,bonafide,bonafide,train,data/subset_raw_repaired/PA_train_PA_T_0001880.flac,clean
data/raw/PA/PA/ASVspoof2019_PA_train/flac/PA_T_0000297.flac,PA,PA_0088,-,bonafide,bonafide,train,data/subset_raw/PA_train_PA_T_0000297.flac,clean
data/raw/PA/PA/ASVspoof2019_PA_train/flac/PA_T_0003008.flac,PA,PA_0079,-,bonafide,bonafide,test,data/subset_raw/PA_test_PA_T_0003008.flac,clean
data/raw/PA/PA/ASVspoof2019_PA_train/flac/PA_T_0000316.flac,PA,PA_0090,-,bonafide,bonafide,train,data/subset_raw/PA_train_PA_T_0000316.flac,clean
data/raw/PA/PA/ASVspoof2019_PA_train/flac/PA_T_0003987.flac,PA,PA_0097,-,bonafide,bonafide,test,data/subset_raw/PA_test_PA_T_0003987.flac,clean
data/raw/PA/PA/ASVspoof2019_PA_train/flac/PA_T_0001189.flac,PA,PA_0097,-,bonafide,bonafide,test,data/subset_raw_repaired/PA_test_PA_T_0001189.flac,clean
data/raw/PA/PA/ASVspoof2019_PA_train/flac/PA_T_0001733.flac,PA,PA_0092,-,bonafide,bonafide,train,data/subset_raw_repaired/PA_train_PA_T_0001733.flac,clean
data/raw/PA/PA/ASVspoof2019_PA_train/flac/PA_T_0000298.flac,PA,PA_0088,-,bonafide,bonafide,train,data/subset_raw_repaired/PA_train_PA_T_0000298.flac,clean
data/raw/PA/PA/ASVspoof2019_PA_train/flac/PA_T_0000578.flac,PA,PA_0096,-,bonafide,bonafide,train,data/subset_raw/PA_train_PA_T_0000578.flac,clean
data/raw/PA/PA/ASVspoof2019_PA_train/flac/PA_T_0000473.flac,PA,PA_0086,-,bonafide,bonafide,train,data/subset_raw_repaired/PA_train_PA_T_0000473.flac,clean
data/raw/PA/PA/ASVspoof2019_PA_train/flac/PA_T_0001667.flac,PA,PA_0085,-,bonafide,bonafide,train,data/subset_raw/PA_train_PA_T_0001667.flac,clean
data/raw/PA/PA/ASVspoof2019_PA_train/flac/PA_T_0004509.flac,PA,PA_0089,-,bonafide,bonafide,train,data/subset_raw/PA_train_PA_T_0004509.flac,clean
data/raw/PA/PA/ASVspoof2019_PA_train/flac/PA_T_0003769.flac,PA,PA_0095,-,bonafide,bonafide,train,data/subset_raw/PA_train_PA_T_0003769.flac,clean
data/raw/PA/PA/ASVspoof2019_PA_train/flac/PA_T_0000469.flac,PA,PA_0085,-,bonafide,bonafide,train,data/subset_raw/PA_train_PA_T_0000469.flac,clean
data/raw/PA/PA/ASVspoof2019_PA_train/flac/PA_T_0004661.flac,PA,PA_0085,-,bonafide,bonafide,train,data/subset_raw/PA_train_PA_T_0004661.flac,clean
data/raw/PA/PA/ASVspoof2019_PA_train/flac/PA_T_0004025.flac,PA,PA_0081,-,bonafide,bonafide,val,data/subset_raw/PA_val_PA_T_0004025.flac,clean
data/raw/PA/PA/ASVspoof2019_PA_train/flac/PA_T_0001729.flac,PA,PA_0091,-,bonafide,bonafide,val,data/subset_raw/PA_val_PA_T_0001729.flac,clean
data/raw/PA/PA/ASVspoof2019_PA_train/flac/PA_T_0004819.flac,PA,PA_0080,-,bonafide,bonafide,train,data/subset_raw/PA_train_PA_T_0004819.flac,clean
data/raw/PA/PA/ASVspoof2019_PA_train/flac/PA_T_0003439.flac,PA,PA_0082,-,bonafide,bonafide,val,data/subset_raw_repaired/PA_val_PA_T_0003439.flac,clean
data/raw/PA/PA/ASVspoof2019_PA_train/flac/PA_T_0004959.flac,PA,PA_0094,-,bonafide,bonafide,val,data/subset_raw_repaired/PA_val_PA_T_0004959.flac,clean
data/raw/PA/PA/ASVspoof2019_PA_train/flac/PA_T_0001323.flac,PA,PA_0091,-,bonafide,bonafide,val,data/subset_raw_repaired/PA_val_PA_T_0001323.flac,clean
data/raw/PA/PA/ASVspoof2019_PA_train/flac/PA_T_0004861.flac,PA,PA_0085,-,bonafide,bonafide,train,data/subset_raw/PA_train_PA_T_0004861.flac,clean
data/raw/PA/PA/ASVspoof2019_PA_train/flac/PA_T_0000168.flac,PA,PA_0095,-,bonafide,bonafide,train,data/subset_raw/PA_train_PA_T_0000168.flac,clean
data/raw/PA/PA/ASVspoof2019_PA_train/flac/PA_T_0002276.flac,PA,PA_0086,-,bonafide,bonafide,train,data/subset_raw/PA_train_PA_T_0002276.flac,clean
data/raw/PA/PA/ASVspoof2019_PA_train/flac/PA_T_0000706.flac,PA,PA_0089,-,bonafide,bonafide,train,data/subset_raw/PA_train_PA_T_0000706.flac,clean
data/raw/PA/PA/ASVspoof2019_PA_train/flac/PA_T_0005150.flac,PA,PA_0093,-,bonafide,bonafide,train,data/subset_raw_repaired/PA_train_PA_T_0005150.flac,clean
data/raw/PA/PA/ASVspoof2019_PA_train/flac/PA_T_0001892.flac,PA,PA_0088,-,bonafide,bonafide,train,data/subset_raw/PA_train_PA_T_0001892.flac,clean
data/raw/PA/PA/ASVspoof2019_PA_train/flac/PA_T_0000912.flac,PA,PA_0090,-,bonafide,bonafide,train,data/subset_raw_repaired/PA_train_PA_T_0000912.flac,clean
data/raw/PA/PA/ASVspoof2019_PA_train/flac/PA_T_0001631.flac,PA,PA_0082,-,bonafide,bonafide,val,data/subset_raw/PA_val_PA_T_0001631.flac,clean
data/raw/PA/PA/ASVspoof2019_PA_train/flac/PA_T_0003448.flac,PA,PA_0083,-,bonafide,bonafide,train,data/subset_raw_repaired/PA_train_PA_T_0003448.flac,clean
data/raw/PA/PA/ASVspoof2019_PA_train/flac/PA_T_0004167.flac,PA,PA_0095,-,bonafide,bonafide,train,data/subset_raw/PA_train_PA_T_0004167.flac,clean
data/raw/PA/PA/ASVspoof2019_PA_train/flac/PA_T_0003947.flac,PA,PA_0093,-,bonafide,bonafide,train,data/subset_raw_repaired/PA_train_PA_T_0003947.flac,clean
data/raw/PA/PA/ASVspoof2019_PA_train/flac/PA_T_0001521.flac,PA,PA_0091,-,bonafide,bonafide,val,data/subset_raw/PA_val_PA_T_0001521.flac,clean
data/raw/PA/PA/ASVspoof2019_PA_train/flac/PA_T_0003312.flac,PA,PA_0090,-,bonafide,bonafide,train,data/subset_raw/PA_train_PA_T_0003312.flac,clean
data/raw/PA/PA/ASVspoof2019_PA_train/flac/PA_T_0003948.flac,PA,PA_0093,-,bonafide,bonafide,train,data/subset_raw_repaired/PA_train_PA_T_0003948.flac,clean
data/raw/PA/PA/ASVspoof2019_PA_train/flac/PA_T_0004924.flac,PA,PA_0091,-,bonafide,bonafide,val,data/subset_raw_repaired/PA_val_PA_T_0004924.flac,clean
data/raw/PA/PA/ASVspoof2019_PA_train/flac/PA_T_0003820.flac,PA,PA_0080,-,bonafide,bonafide,train,data/subset_raw_repaired/PA_train_PA_T_0003820.flac,clean
data/raw/PA/PA/ASVspoof2019_PA_train/flac/PA_T_0003940.flac,PA,PA_0092,-,bonafide,bonafide,train,data/subset_raw/PA_train_PA_T_0003940.flac,clean
data/raw/PA/PA/ASVspoof2019_PA_train/flac/PA_T_0041647.flac,PA,PA_0082,AC,spoof,spoof,val,data/subset_raw_repaired/PA_val_PA_T_0041647.flac,clean
data/raw/PA/PA/ASVspoof2019_PA_train/flac/PA_T_0017667.flac,PA,PA_0082,BC,spoof,spoof,val,data/subset_raw/PA_val_PA_T_0017667.flac,clean
data/raw/PA/PA/ASVspoof2019_PA_train/flac/PA_T_0051297.flac,PA,PA_0079,BB,spoof,spoof,test,data/subset_raw_repaired/PA_test_PA_T_0051297.flac,clean
data/raw/PA/PA/ASVspoof2019_PA_train/flac/PA_T_0046332.flac,PA,PA_0085,CA,spoof,spoof,train,data/subset_raw/PA_train_PA_T_0046332.flac,clean
data/raw/PA/PA/ASVspoof2019_PA_train/flac/PA_T_0053351.flac,PA,PA_0091,CA,spoof,spoof,val,data/subset_raw/PA_val_PA_T_0053351.flac,clean
data/raw/PA/PA/ASVspoof2019_PA_train/flac/PA_T_0005405.flac,PA,PA_0079,AA,spoof,spoof,test,data/subset_raw_repaired/PA_test_PA_T_0005405.flac,clean
data/raw/PA/PA/ASVspoof2019_PA_train/flac/PA_T_0050047.flac,PA,PA_0098,CA,spoof,spoof,train,data/subset_raw/PA_train_PA_T_0050047.flac,clean
data/raw/PA/PA/ASVspoof2019_PA_train/flac/PA_T_0011930.flac,PA,PA_0094,AC,spoof,spoof,val,data/subset_raw/PA_val_PA_T_0011930.flac,clean
data/raw/PA/PA/ASVspoof2019_PA_train/flac/PA_T_0008803.flac,PA,PA_0089,CB,spoof,spoof,train,data/subset_raw/PA_train_PA_T_0008803.flac,clean
data/raw/PA/PA/ASVspoof2019_PA_train/flac/PA_T_0037711.flac,PA,PA_0093,CC,spoof,spoof,train,data/subset_raw/PA_train_PA_T_0037711.flac,clean
data/raw/PA/PA/ASVspoof2019_PA_train/flac/PA_T_0005548.flac,PA,PA_0086,AA,spoof,spoof,train,data/subset_raw_repaired/PA_train_PA_T_0005548.flac,clean
data/raw/PA/PA/ASVspoof2019_PA_train/flac/PA_T_0037438.flac,PA,PA_0095,CB,spoof,spoof,train,data/subset_raw_repaired/PA_train_PA_T_0037438.flac,clean
data/raw/PA/PA/ASVspoof2019_PA_train/flac/PA_T_0048373.flac,PA,PA_0081,CC,spoof,spoof,val,data/subset_raw/PA_val_PA_T_0048373.flac,clean
data/raw/PA/PA/ASVspoof2019_PA_train/flac/PA_T_0034898.flac,PA,PA_0091,AC,spoof,spoof,val,data/subset_raw/PA_val_PA_T_0034898.flac,clean
data/raw/PA/PA/ASVspoof2019_PA_train/flac/PA_T_0021773.flac,PA,PA_0087,AA,spoof,spoof,test,data/subset_raw/PA_test_PA_T_0021773.flac,clean
data/raw/PA/PA/ASVspoof2019_PA_train/flac/PA_T_0048949.flac,PA,PA_0096,AA,spoof,spoof,train,data/subset_raw_repaired/PA_train_PA_T_0048949.flac,clean
data/raw/PA/PA/ASVspoof2019_PA_train/flac/PA_T_0005866.flac,PA,PA_0082,AB,spoof,spoof,val,data/subset_raw_repaired/PA_val_PA_T_0005866.flac,clean
data/raw/PA/PA/ASVspoof2019_PA_train/flac/PA_T_0019912.flac,PA,PA_0082,AB,spoof,spoof,val,data/subset_raw/PA_val_PA_T_0019912.flac,clean
data/raw/PA/PA/ASVspoof2019_PA_train/flac/PA_T_0025804.flac,PA,PA_0080,BB,spoof,spoof,train,data/subset_raw_repaired/PA_train_PA_T_0025804.flac,clean
data/raw/PA/PA/ASVspoof2019_PA_train/flac/PA_T_0042856.flac,PA,PA_0091,CB,spoof,spoof,val,data/subset_raw_repaired/PA_val_PA_T_0042856.flac,clean
data/raw/PA/PA/ASVspoof2019_PA_train/flac/PA_T_0041073.flac,PA,PA_0082,CB,spoof,spoof,val,data/subset_raw_repaired/PA_val_PA_T_0041073.flac,clean
data/raw/PA/PA/ASVspoof2019_PA_train/flac/PA_T_0017658.flac,PA,PA_0081,BC,spoof,spoof,val,data/subset_raw/PA_val_PA_T_0017658.flac,clean
data/raw/PA/PA/ASVspoof2019_PA_train/flac/PA_T_0016508.flac,PA,PA_0094,AA,spoof,spoof,val,data/subset_raw/PA_val_PA_T_0016508.flac,clean
data/raw/PA/PA/ASVspoof2019_PA_train/flac/PA_T_0037707.flac,PA,PA_0092,CC,spoof,spoof,train,data/subset_raw_repaired/PA_train_PA_T_0037707.flac,clean
data/raw/PA/PA/ASVspoof2019_PA_train/flac/PA_T_0022561.flac,PA,PA_0083,AC,spoof,spoof,train,data/subset_raw_repaired/PA_train_PA_T_0022561.flac,clean
data/raw/PA/PA/ASVspoof2019_PA_train/flac/PA_T_0007105.flac,PA,PA_0082,CC,spoof,spoof,val,data/subset_raw/PA_val_PA_T_0007105.flac,clean
data/raw/PA/PA/ASVspoof2019_PA_train/flac/PA_T_0029424.flac,PA,PA_0089,AC,spoof,spoof,train,data/subset_raw/PA_train_PA_T_0029424.flac,clean
data/raw/PA/PA/ASVspoof2019_PA_train/flac/PA_T_0034021.flac,PA,PA_0094,CB,spoof,spoof,val,data/subset_raw/PA_val_PA_T_0034021.flac,clean
data/raw/PA/PA/ASVspoof2019_PA_train/flac/PA_T_0049867.flac,PA,PA_0091,BC,spoof,spoof,val,data/subset_raw/PA_val_PA_T_0049867.flac,clean
data/raw/PA/PA/ASVspoof2019_PA_train/flac/PA_T_0030793.flac,PA,PA_0088,AB,spoof,spoof,train,data/subset_raw/PA_train_PA_T_0030793.flac,clean
data/raw/PA/PA/ASVspoof2019_PA_train/flac/PA_T_0047834.flac,PA,PA_0081,CA,spoof,spoof,val,data/subset_raw_repaired/PA_val_PA_T_0047834.flac,clean
data/raw/PA/PA/ASVspoof2019_PA_train/flac/PA_T_0010105.flac,PA,PA_0086,CA,spoof,spoof,train,data/subset_raw_repaired/PA_train_PA_T_0010105.flac,clean
data/raw/PA/PA/ASVspoof2019_PA_train/flac/PA_T_0014821.flac,PA,PA_0094,AC,spoof,spoof,val,data/subset_raw/PA_val_PA_T_0014821.flac,clean
data/raw/PA/PA/ASVspoof2019_PA_train/flac/PA_T_0008142.flac,PA,PA_0091,BA,spoof,spoof,val,data/subset_raw/PA_val_PA_T_0008142.flac,clean
data/raw/PA/PA/ASVspoof2019_PA_train/flac/PA_T_0013795.flac,PA,PA_0081,BC,spoof,spoof,val,data/subset_raw_repaired/PA_val_PA_T_0013795.flac,clean
data/raw/PA/PA/ASVspoof2019_PA_train/flac/PA_T_0044738.flac,PA,PA_0086,CB,spoof,spoof,train,data/subset_raw_repaired/PA_train_PA_T_0044738.flac,clean
data/raw/PA/PA/ASVspoof2019_PA_train/flac/PA_T_0050340.flac,PA,PA_0092,CC,spoof,spoof,train,data/subset_raw/PA_train_PA_T_0050340.flac,clean
data/raw/PA/PA/ASVspoof2019_PA_train/flac/PA_T_0014302.flac,PA,PA_0084,CC,spoof,spoof,train,data/subset_raw/PA_train_PA_T_0014302.flac,clean
data/raw/PA/PA/ASVspoof2019_PA_train/flac/PA_T_0021501.flac,PA,PA_0091,CC,spoof,spoof,val,data/subset_raw_repaired/PA_val_PA_T_0021501.flac,clean
data/raw/PA/PA/ASVspoof2019_PA_train/flac/PA_T_0034587.flac,PA,PA_0087,AB,spoof,spoof,test,data/subset_raw_repaired/PA_test_PA_T_0034587.flac,clean
data/raw/PA/PA/ASVspoof2019_PA_train/flac/PA_T_0018252.flac,PA,PA_0079,AB,spoof,spoof,test,data/subset_raw_repaired/PA_test_PA_T_0018252.flac,clean
data/raw/PA/PA/ASVspoof2019_PA_train/flac/PA_T_0019347.flac,PA,PA_0091,BC,spoof,spoof,val,data/subset_raw_repaired/PA_val_PA_T_0019347.flac,clean
data/raw/PA/PA/ASVspoof2019_PA_train/flac/PA_T_0053638.flac,PA,PA_0092,CB,spoof,spoof,train,data/subset_raw/PA_train_PA_T_0053638.flac,clean
data/raw/PA/PA/ASVspoof2019_PA_train/flac/PA_T_0034066.flac,PA,PA_0080,CC,spoof,spoof,train,data/subset_raw/PA_train_PA_T_0034066.flac,clean
data/raw/PA/PA/ASVspoof2019_PA_train/flac/PA_T_0026834.flac,PA,PA_0088,CC,spoof,spoof,train,data/subset_raw/PA_train_PA_T_0026834.flac,clean
data/raw/PA/PA/ASVspoof2019_PA_train/flac/PA_T_0049319.flac,PA,PA_0094,AB,spoof,spoof,val,data/subset_raw_repaired/PA_val_PA_T_0049319.flac,clean
data/raw/PA/PA/ASVspoof2019_PA_train/flac/PA_T_0023874.flac,PA,PA_0079,AC,spoof,spoof,test,data/subset_raw_repaired/PA_test_PA_T_0023874.flac,clean
data/raw/PA/PA/ASVspoof2019_PA_train/flac/PA_T_0049893.flac,PA,PA_0081,CA,spoof,spoof,val,data/subset_raw_repaired/PA_val_PA_T_0049893.flac,clean
data/raw/PA/PA/ASVspoof2019_PA_train/flac/PA_T_0036861.flac,PA,PA_0098,BC,spoof,spoof,train,data/subset_raw_repaired/PA_train_PA_T_0036861.flac,clean
data/raw/PA/PA/ASVspoof2019_PA_train/flac/PA_T_0051504.flac,PA,PA_0083,BC,spoof,spoof,train,data/subset_raw_repaired/PA_train_PA_T_0051504.flac,clean
data/raw/PA/PA/ASVspoof2019_PA_train/flac/PA_T_0030047.flac,PA,PA_0082,CA,spoof,spoof,val,data/subset_raw_repaired/PA_val_PA_T_0030047.flac,clean
data/raw/PA/PA/ASVspoof2019_PA_train/flac/PA_T_0018440.flac,PA,PA_0094,AB,spoof,spoof,val,data/subset_raw/PA_val_PA_T_0018440.flac,clean
data/raw/PA/PA/ASVspoof2019_PA_train/flac/PA_T_0045944.flac,PA,PA_0081,BB,spoof,spoof,val,data/subset_raw_repaired/PA_val_PA_T_0045944.flac,clean
data/raw/PA/PA/ASVspoof2019_PA_train/flac/PA_T_0042083.flac,PA,PA_0088,BB,spoof,spoof,train,data/subset_raw_repaired/PA_train_PA_T_0042083.flac,clean
data/raw/PA/PA/ASVspoof2019_PA_train/flac/PA_T_0029473.flac,PA,PA_0093,AC,spoof,spoof,train,data/subset_raw_repaired/PA_train_PA_T_0029473.flac,clean
data/raw/PA/PA/ASVspoof2019_PA_train/flac/PA_T_0022569.flac,PA,PA_0084,AC,spoof,spoof,train,data/subset_raw/PA_train_PA_T_0022569.flac,clean
data/raw/PA/PA/ASVspoof2019_PA_train/flac/PA_T_0029792.flac,PA,PA_0090,BB,spoof,spoof,train,data/subset_raw/PA_train_PA_T_0029792.flac,clean
data/raw/PA/PA/ASVspoof2019_PA_train/flac/PA_T_0007301.flac,PA,PA_0086,AA,spoof,spoof,train,data/subset_raw/PA_train_PA_T_0007301.flac,clean
data/raw/PA/PA/ASVspoof2019_PA_train/flac/PA_T_0012121.flac,PA,PA_0084,BB,spoof,spoof,train,data/subset_raw_repaired/PA_train_PA_T_0012121.flac,clean
data/raw/PA/PA/ASVspoof2019_PA_train/flac/PA_T_0027255.flac,PA,PA_0091,AA,spoof,spoof,val,data/subset_raw/PA_val_PA_T_0027255.flac,clean
data/raw/PA/PA/ASVspoof2019_PA_train/flac/PA_T_0018316.flac,PA,PA_0084,AB,spoof,spoof,train,data/subset_raw/PA_train_PA_T_0018316.flac,clean
data/raw/PA/PA/ASVspoof2019_PA_train/flac/PA_T_0031259.flac,PA,PA_0088,BB,spoof,spoof,train,data/subset_raw_repaired/PA_train_PA_T_0031259.flac,clean
data/raw/PA/PA/ASVspoof2019_PA_train/flac/PA_T_0013106.flac,PA,PA_0081,AC,spoof,spoof,val,data/subset_raw/PA_val_PA_T_0013106.flac,clean
data/raw/PA/PA/ASVspoof2019_PA_train/flac/PA_T_0013321.flac,PA,PA_0080,BA,spoof,spoof,train,data/subset_raw/PA_train_PA_T_0013321.flac,clean
data/raw/PA/PA/ASVspoof2019_PA_train/flac/PA_T_0027229.flac,PA,PA_0089,AA,spoof,spoof,train,data/subset_raw/PA_train_PA_T_0027229.flac,clean
data/raw/PA/PA/ASVspoof2019_PA_train/flac/PA_T_0036693.flac,PA,PA_0097,BB,spoof,spoof,test,data/subset_raw/PA_test_PA_T_0036693.flac,clean
data/raw/PA/PA/ASVspoof2019_PA_train/flac/PA_T_0039182.flac,PA,PA_0090,BC,spoof,spoof,train,data/subset_raw_repaired/PA_train_PA_T_0039182.flac,clean
data/raw/PA/PA/ASVspoof2019_PA_train/flac/PA_T_0024917.flac,PA,PA_0090,CB,spoof,spoof,train,data/subset_raw_repaired/PA_train_PA_T_0024917.flac,clean
data/raw/PA/PA/ASVspoof2019_PA_train/flac/PA_T_0053347.flac,PA,PA_0090,CA,spoof,spoof,train,data/subset_raw/PA_train_PA_T_0053347.flac,clean
data/raw/PA/PA/ASVspoof2019_PA_train/flac/PA_T_0023595.flac,PA,PA_0095,AA,spoof,spoof,train,data/subset_raw/PA_train_PA_T_0023595.flac,clean
data/raw/PA/PA/ASVspoof2019_PA_train/flac/PA_T_0038983.flac,PA,PA_0092,AC,spoof,spoof,train,data/subset_raw_repaired/PA_train_PA_T_0038983.flac,clean
data/raw/PA/PA/ASVspoof2019_PA_train/flac/PA_T_0036591.flac,PA,PA_0083,BB,spoof,spoof,train,data/subset_raw/PA_train_PA_T_0036591.flac,clean
data/raw/PA/PA/ASVspoof2019_PA_train/flac/PA_T_0024300.flac,PA,PA_0082,BB,spoof,spoof,val,data/subset_raw/PA_val_PA_T_0024300.flac,clean
data/raw/PA/PA/ASVspoof2019_PA_train/flac/PA_T_0048359.flac,PA,PA_0080,CC,spoof,spoof,train,data/subset_raw_repaired/PA_train_PA_T_0048359.flac,clean
data/raw/PA/PA/ASVspoof2019_PA_train/flac/PA_T_0014804.flac,PA,PA_0092,AC,spoof,spoof,train,data/subset_raw_repaired/PA_train_PA_T_0014804.flac,clean
data/raw/PA/PA/ASVspoof2019_PA_train/flac/PA_T_0035647.flac,PA,PA_0082,CB,spoof,spoof,val,data/subset_raw/PA_val_PA_T_0035647.flac,clean
data/raw/PA/PA/ASVspoof2019_PA_train/flac/PA_T_0022177.flac,PA,PA_0085,AB,spoof,spoof,train,data/subset_raw/PA_train_PA_T_0022177.flac,clean
data/raw/PA/PA/ASVspoof2019_PA_train/flac/PA_T_0019203.flac,PA,PA_0079,BC,spoof,spoof,test,data/subset_raw_repaired/PA_test_PA_T_0019203.flac,clean
data/raw/PA/PA/ASVspoof2019_PA_train/flac/PA_T_0051914.flac,PA,PA_0088,CB,spoof,spoof,train,data/subset_raw_repaired/PA_train_PA_T_0051914.flac,clean
data/raw/PA/PA/ASVspoof2019_PA_train/flac/PA_T_0040500.flac,PA,PA_0093,BA,spoof,spoof,train,data/subset_raw_repaired/PA_train_PA_T_0040500.flac,clean
data/raw/PA/PA/ASVspoof2019_PA_train/flac/PA_T_0052262.flac,PA,PA_0091,AA,spoof,spoof,val,data/subset_raw/PA_val_PA_T_0052262.flac,clean
data/raw/PA/PA/ASVspoof2019_PA_train/flac/PA_T_0028777.flac,PA,PA_0095,CC,spoof,spoof,train,data/subset_raw_repaired/PA_train_PA_T_0028777.flac,clean
data/raw/PA/PA/ASVspoof2019_PA_train/flac/PA_T_0048822.flac,PA,PA_0089,AA,spoof,spoof,train,data/subset_raw/PA_train_PA_T_0048822.flac,clean
data/raw/PA/PA/ASVspoof2019_PA_train/flac/PA_T_0038113.flac,PA,PA_0093,AA,spoof,spoof,train,data/subset_raw_repaired/PA_train_PA_T_0038113.flac,clean
data/raw/PA/PA/ASVspoof2019_PA_train/flac/PA_T_0048590.flac,PA,PA_0098,CC,spoof,spoof,train,data/subset_raw_repaired/PA_train_PA_T_0048590.flac,clean
data/raw/PA/PA/ASVspoof2019_PA_train/flac/PA_T_0046874.flac,PA,PA_0091,AA,spoof,spoof,val,data/subset_raw/PA_val_PA_T_0046874.flac,clean
data/raw/PA/PA/ASVspoof2019_PA_train/flac/PA_T_0048674.flac,PA,PA_0082,AA,spoof,spoof,val,data/subset_raw_repaired/PA_val_PA_T_0048674.flac,clean
data/raw/PA/PA/ASVspoof2019_PA_train/flac/PA_T_0050891.flac,PA,PA_0080,AC,spoof,spoof,train,data/subset_raw_repaired/PA_train_PA_T_0050891.flac,clean
data/raw/PA/PA/ASVspoof2019_PA_train/flac/PA_T_0008612.flac,PA,PA_0080,CA,spoof,spoof,train,data/subset_raw_repaired/PA_train_PA_T_0008612.flac,clean
data/raw/PA/PA/ASVspoof2019_PA_train/flac/PA_T_0032150.flac,PA,PA_0081,CC,spoof,spoof,val,data/subset_raw_repaired/PA_val_PA_T_0032150.flac,clean
data/raw/PA/PA/ASVspoof2019_PA_train/flac/PA_T_0028402.flac,PA,PA_0080,CA,spoof,spoof,train,data/subset_raw/PA_train_PA_T_0028402.flac,clean
data/raw/PA/PA/ASVspoof2019_PA_train/flac/PA_T_0006991.flac,PA,PA_0083,CB,spoof,spoof,train,data/subset_raw_repaired/PA_train_PA_T_0006991.flac,clean
data/raw/PA/PA/ASVspoof2019_PA_train/flac/PA_T_0008127.flac,PA,PA_0090,BA,spoof,spoof,train,data/subset_raw/PA_train_PA_T_0008127.flac,clean
data/raw/PA/PA/ASVspoof2019_PA_train/flac/PA_T_0011832.flac,PA,PA_0089,AC,spoof,spoof,train,data/subset_raw_repaired/PA_train_PA_T_0011832.flac,clean
data/raw/PA/PA/ASVspoof2019_PA_train/flac/PA_T_0028818.flac,PA,PA_0080,AA,spoof,spoof,train,data/subset_raw_repaired/PA_train_PA_T_0028818.flac,clean
data/raw/PA/PA/ASVspoof2019_PA_train/flac/PA_T_0051165.flac,PA,PA_0084,BA,spoof,spoof,train,data/subset_raw/PA_train_PA_T_0051165.flac,clean
data/raw/PA/PA/ASVspoof2019_PA_train/flac/PA_T_0041201.flac,PA,PA_0096,CB,spoof,spoof,train,data/subset_raw_repaired/PA_train_PA_T_0041201.flac,clean
data/raw/PA/PA/ASVspoof2019_PA_train/flac/PA_T_0023538.flac,PA,PA_0090,AA,spoof,spoof,train,data/subset_raw/PA_train_PA_T_0023538.flac,clean
data/raw/PA/PA/ASVspoof2019_PA_train/flac/PA_T_0022838.flac,PA,PA_0096,AC,spoof,spoof,train,data/subset_raw_repaired/PA_train_PA_T_0022838.flac,clean
data/raw/PA/PA/ASVspoof2019_PA_train/flac/PA_T_0048299.flac,PA,PA_0096,CB,spoof,spoof,train,data/subset_raw/PA_train_PA_T_0048299.flac,clean
data/raw/PA/PA/ASVspoof2019_PA_train/flac/PA_T_0013759.flac,PA,PA_0098,BB,spoof,spoof,train,data/subset_raw/PA_train_PA_T_0013759.flac,clean
data/raw/PA/PA/ASVspoof2019_PA_train/flac/PA_T_0022026.flac,PA,PA_0098,AA,spoof,spoof,train,data/subset_raw_repaired/PA_train_PA_T_0022026.flac,clean
data/raw/PA/PA/ASVspoof2019_PA_train/flac/PA_T_0036311.flac,PA,PA_0086,AC,spoof,spoof,train,data/subset_raw/PA_train_PA_T_0036311.flac,clean
data/raw/PA/PA/ASVspoof2019_PA_train/flac/PA_T_0044990.flac,PA,PA_0097,CC,spoof,spoof,test,data/subset_raw_repaired/PA_test_PA_T_0044990.flac,clean
data/raw/PA/PA/ASVspoof2019_PA_train/flac/PA_T_0047363.flac,PA,PA_0098,BA,spoof,spoof,train,data/subset_raw_repaired/PA_train_PA_T_0047363.flac,clean
data/raw/PA/PA/ASVspoof2019_PA_train/flac/PA_T_0032471.flac,PA,PA_0082,AA,spoof,spoof,val,data/subset_raw_repaired/PA_val_PA_T_0032471.flac,clean
data/raw/PA/PA/ASVspoof2019_PA_train/flac/PA_T_0037847.flac,PA,PA_0081,AA,spoof,spoof,val,data/subset_raw_repaired/PA_val_PA_T_0037847.flac,clean
data/raw/PA/PA/ASVspoof2019_PA_train/flac/PA_T_0045636.flac,PA,PA_0090,AC,spoof,spoof,train,data/subset_raw/PA_train_PA_T_0045636.flac,clean
data/raw/PA/PA/ASVspoof2019_PA_train/flac/PA_T_0043501.flac,PA,PA_0093,AA,spoof,spoof,train,data/subset_raw_repaired/PA_train_PA_T_0043501.flac,clean
data/raw/PA/PA/ASVspoof2019_PA_train/flac/PA_T_0045904.flac,PA,PA_0097,BA,spoof,spoof,test,data/subset_raw/PA_test_PA_T_0045904.flac,clean
data/raw/PA/PA/ASVspoof2019_PA_train/flac/PA_T_0009189.flac,PA,PA_0088,AB,spoof,spoof,train,data/subset_raw/PA_train_PA_T_0009189.flac,clean
data/raw/PA/PA/ASVspoof2019_PA_train/flac/PA_T_0042091.flac,PA,PA_0089,BB,spoof,spoof,train,data/subset_raw_repaired/PA_train_PA_T_0042091.flac,clean
data/raw/PA/PA/ASVspoof2019_PA_train/flac/PA_T_0032258.flac,PA,PA_0089,CC,spoof,spoof,train,data/subset_raw/PA_train_PA_T_0032258.flac,clean
data/raw/PA/PA/ASVspoof2019_PA_train/flac/PA_T_0039745.flac,PA,PA_0090,AA,spoof,spoof,train,data/subset_raw/PA_train_PA_T_0039745.flac,clean
data/raw/PA/PA/ASVspoof2019_PA_train/flac/PA_T_0044016.flac,PA,PA_0097,AB,spoof,spoof,test,data/subset_raw_repaired/PA_test_PA_T_0044016.flac,clean
data/raw/PA/PA/ASVspoof2019_PA_train/flac/PA_T_0039308.flac,PA,PA_0095,CA,spoof,spoof,train,data/subset_raw/PA_train_PA_T_0039308.flac,clean
data/raw/PA/PA/ASVspoof2019_PA_train/flac/PA_T_0022097.flac,PA,PA_0082,AB,spoof,spoof,val,data/subset_raw_repaired/PA_val_PA_T_0022097.flac,clean
data/raw/PA/PA/ASVspoof2019_PA_train/flac/PA_T_0052047.flac,PA,PA_0082,CC,spoof,spoof,val,data/subset_raw/PA_val_PA_T_0052047.flac,clean
data/raw/PA/PA/ASVspoof2019_PA_train/flac/PA_T_0033633.flac,PA,PA_0096,AC,spoof,spoof,train,data/subset_raw/PA_train_PA_T_0033633.flac,clean
data/raw/PA/PA/ASVspoof2019_PA_train/flac/PA_T_0052970.flac,PA,PA_0080,BC,spoof,spoof,train,data/subset_raw/PA_train_PA_T_0052970.flac,clean
data/raw/PA/PA/ASVspoof2019_PA_train/flac/PA_T_0024048.flac,PA,PA_0093,AC,spoof,spoof,train,data/subset_raw_repaired/PA_train_PA_T_0024048.flac,clean
data/raw/PA/PA/ASVspoof2019_PA_train/flac/PA_T_0029279.flac,PA,PA_0097,AB,spoof,spoof,test,data/subset_raw/PA_test_PA_T_0029279.flac,clean
data/raw/PA/PA/ASVspoof2019_PA_train/flac/PA_T_0035675.flac,PA,PA_0085,CB,spoof,spoof,train,data/subset_raw_repaired/PA_train_PA_T_0035675.flac,clean
data/raw/PA/PA/ASVspoof2019_PA_train/flac/PA_T_0006515.flac,PA,PA_0094,AC,spoof,spoof,val,data/subset_raw/PA_val_PA_T_0006515.flac,clean
data/raw/PA/PA/ASVspoof2019_PA_train/flac/PA_T_0035336.flac,PA,PA_0087,BC,spoof,spoof,test,data/subset_raw/PA_test_PA_T_0035336.flac,clean
data/raw/PA/PA/ASVspoof2019_PA_train/flac/PA_T_0050668.flac,PA,PA_0081,AB,spoof,spoof,val,data/subset_raw/PA_val_PA_T_0050668.flac,clean
data/raw/PA/PA/ASVspoof2019_PA_train/flac/PA_T_0043345.flac,PA,PA_0085,AA,spoof,spoof,train,data/subset_raw_repaired/PA_train_PA_T_0043345.flac,clean
data/raw/PA/PA/ASVspoof2019_PA_train/flac/PA_T_0052233.flac,PA,PA_0085,AA,spoof,spoof,train,data/subset_raw_repaired/PA_train_PA_T_0052233.flac,clean
data/raw/PA/PA/ASVspoof2019_PA_train/flac/PA_T_0012695.flac,PA,PA_0087,AA,spoof,spoof,test,data/subset_raw_repaired/PA_test_PA_T_0012695.flac,clean
data/raw/PA/PA/ASVspoof2019_PA_train/flac/PA_T_0040628.flac,PA,PA_0089,BB,spoof,spoof,train,data/subset_raw_repaired/PA_train_PA_T_0040628.flac,clean
data/raw/PA/PA/ASVspoof2019_PA_train/flac/PA_T_0012523.flac,PA,PA_0085,CC,spoof,spoof,train,data/subset_raw/PA_train_PA_T_0012523.flac,clean
data/raw/PA/PA/ASVspoof2019_PA_train/flac/PA_T_0049196.flac,PA,PA_0088,AB,spoof,spoof,train,data/subset_raw/PA_train_PA_T_0049196.flac,clean
data/raw/PA/PA/ASVspoof2019_PA_train/flac/PA_T_0050272.flac,PA,PA_0084,CC,spoof,spoof,train,data/subset_raw/PA_train_PA_T_0050272.flac,clean
data/raw/PA/PA/ASVspoof2019_PA_train/flac/PA_T_0052422.flac,PA,PA_0083,AC,spoof,spoof,train,data/subset_raw_repaired/PA_train_PA_T_0052422.flac,clean
data/raw/PA/PA/ASVspoof2019_PA_train/flac/PA_T_0025938.flac,PA,PA_0098,BB,spoof,spoof,train,data/subset_raw/PA_train_PA_T_0025938.flac,clean
data/raw/PA/PA/ASVspoof2019_PA_train/flac/PA_T_0026598.flac,PA,PA_0092,CB,spoof,spoof,train,data/subset_raw_repaired/PA_train_PA_T_0026598.flac,clean
data/raw/PA/PA/ASVspoof2019_PA_train/flac/PA_T_0034685.flac,PA,PA_0095,AB,spoof,spoof,train,data/subset_raw_repaired/PA_train_PA_T_0034685.flac,clean
data/raw/PA/PA/ASVspoof2019_PA_train/flac/PA_T_0021066.flac,PA,PA_0080,CB,spoof,spoof,train,data/subset_raw/PA_train_PA_T_0021066.flac,clean
data/raw/PA/PA/ASVspoof2019_PA_train/flac/PA_T_0046201.flac,PA,PA_0090,BC,spoof,spoof,train,data/subset_raw/PA_train_PA_T_0046201.flac,clean
data/raw/PA/PA/ASVspoof2019_PA_train/flac/PA_T_0052701.flac,PA,PA_0096,BA,spoof,spoof,train,data/subset_raw_repaired/PA_train_PA_T_0052701.flac,clean
data/raw/PA/PA/ASVspoof2019_PA_train/flac/PA_T_0016284.flac,PA,PA_0083,AA,spoof,spoof,train,data/subset_raw_repaired/PA_train_PA_T_0016284.flac,clean
data/raw/PA/PA/ASVspoof2019_PA_train/flac/PA_T_0033717.flac,PA,PA_0086,BB,spoof,spoof,train,data/subset_raw/PA_train_PA_T_0033717.flac,clean
data/raw/PA/PA/ASVspoof2019_PA_train/flac/PA_T_0023296.flac,PA,PA_0080,CC,spoof,spoof,train,data/subset_raw/PA_train_PA_T_0023296.flac,clean
data/raw/PA/PA/ASVspoof2019_PA_train/flac/PA_T_0026532.flac,PA,PA_0088,CB,spoof,spoof,train,data/subset_raw/PA_train_PA_T_0026532.flac,clean
data/raw/PA/PA/ASVspoof2019_PA_train/flac/PA_T_0031844.flac,PA,PA_0080,CB,spoof,spoof,train,data/subset_raw_repaired/PA_train_PA_T_0031844.flac,clean
data/raw/PA/PA/ASVspoof2019_PA_train/flac/PA_T_0047781.flac,PA,PA_0097,BC,spoof,spoof,test,data/subset_raw/PA_test_PA_T_0047781.flac,clean
data/raw/PA/PA/ASVspoof2019_PA_train/flac/PA_T_0040371.flac,PA,PA_0098,AC,spoof,spoof,train,data/subset_raw_repaired/PA_train_PA_T_0040371.flac,clean
data/raw/PA/PA/ASVspoof2019_PA_train/flac/PA_T_0053991.flac,PA,PA_0098,CC,spoof,spoof,train,data/subset_raw/PA_train_PA_T_0053991.flac,clean
data/raw/PA/PA/ASVspoof2019_PA_train/flac/PA_T_0022160.flac,PA,PA_0085,AB,spoof,spoof,train,data/subset_raw_repaired/PA_train_PA_T_0022160.flac,clean
data/raw/PA/PA/ASVspoof2019_PA_train/flac/PA_T_0011204.flac,PA,PA_0098,AA,spoof,spoof,train,data/subset_raw_repaired/PA_train_PA_T_0011204.flac,clean
data/subset_g711/LA_train_LA_T_3891170_g711.wav,LA,LA_0085,-,bonafide,bonafide,train,data/subset_g711/LA_train_LA_T_3891170_g711.wav,g711_8khz
data/subset_g711/LA_test_LA_T_2948101_g711.wav,LA,LA_0097,-,bonafide,bonafide,test,data/subset_g711/LA_test_LA_T_2948101_g711.wav,g711_8khz
data/subset_g711/LA_train_LA_T_8919107_g711.wav,LA,LA_0084,-,bonafide,bonafide,train,data/subset_g711/LA_train_LA_T_8919107_g711.wav,g711_8khz
data/subset_g711/LA_train_LA_T_6650735_g711.wav,LA,LA_0081,-,bonafide,bonafide,train,data/subset_g711/LA_train_LA_T_6650735_g711.wav,g711_8khz
data/subset_g711/LA_test_LA_T_5362691_g711.wav,LA,LA_0086,-,bonafide,bonafide,test,data/subset_g711/LA_test_LA_T_5362691_g711.wav,g711_8khz
data/subset_g711/LA_train_LA_T_9132181_g711.wav,LA,LA_0098,-,bonafide,bonafide,train,data/subset_g711/LA_train_LA_T_9132181_g711.wav,g711_8khz
data/subset_g711/LA_train_LA_T_3517700_g711.wav,LA,LA_0098,-,bonafide,bonafide,train,data/subset_g711/LA_train_LA_T_3517700_g711.wav,g711_8khz
data/subset_g711/LA_train_LA_T_2502033_g711.wav,LA,LA_0092,-,bonafide,bonafide,train,data/subset_g711/LA_train_LA_T_2502033_g711.wav,g711_8khz
data/subset_g711/LA_train_LA_T_8234497_g711.wav,LA,LA_0090,-,bonafide,bonafide,train,data/subset_g711/LA_train_LA_T_8234497_g711.wav,g711_8khz
data/subset_g711/LA_train_LA_T_8847275_g711.wav,LA,LA_0094,-,bonafide,bonafide,train,data/subset_g711/LA_train_LA_T_8847275_g711.wav,g711_8khz
data/subset_g711/LA_test_LA_T_6175341_g711.wav,LA,LA_0097,-,bonafide,bonafide,test,data/subset_g711/LA_test_LA_T_6175341_g711.wav,g711_8khz
data/subset_g711/LA_train_LA_T_3324661_g711.wav,LA,LA_0087,-,bonafide,bonafide,train,data/subset_g711/LA_train_LA_T_3324661_g711.wav,g711_8khz
data/subset_g711/LA_train_LA_T_6636159_g711.wav,LA,LA_0092,-,bonafide,bonafide,train,data/subset_g711/LA_train_LA_T_6636159_g711.wav,g711_8khz
data/subset_g711/LA_train_LA_T_1744427_g711.wav,LA,LA_0091,-,bonafide,bonafide,train,data/subset_g711/LA_train_LA_T_1744427_g711.wav,g711_8khz
data/subset_g711/LA_train_LA_T_5314492_g711.wav,LA,LA_0088,-,bonafide,bonafide,train,data/subset_g711/LA_train_LA_T_5314492_g711.wav,g711_8khz
data/subset_g711/LA_train_LA_T_1933449_g711.wav,LA,LA_0083,-,bonafide,bonafide,train,data/subset_g711/LA_train_LA_T_1933449_g711.wav,g711_8khz
data/subset_g711/LA_train_LA_T_4400269_g711.wav,LA,LA_0081,-,bonafide,bonafide,train,data/subset_g711/LA_train_LA_T_4400269_g711.wav,g711_8khz
data/subset_g711/LA_train_LA_T_1897758_g711.wav,LA,LA_0096,-,bonafide,bonafide,train,data/subset_g711/LA_train_LA_T_1897758_g711.wav,g711_8khz
data/subset_g711/LA_train_LA_T_9074017_g711.wav,LA,LA_0096,-,bonafide,bonafide,train,data/subset_g711/LA_train_LA_T_9074017_g711.wav,g711_8khz
data/subset_g711/LA_train_LA_T_8874328_g711.wav,LA,LA_0087,-,bonafide,bonafide,train,data/subset_g711/LA_train_LA_T_8874328_g711.wav,g711_8khz
data/subset_g711/LA_train_LA_T_8388870_g711.wav,LA,LA_0081,-,bonafide,bonafide,train,data/subset_g711/LA_train_LA_T_8388870_g711.wav,g711_8khz
data/subset_g711/LA_val_LA_T_4290789_g711.wav,LA,LA_0089,-,bonafide,bonafide,val,data/subset_g711/LA_val_LA_T_4290789_g711.wav,g711_8khz
data/subset_g711/LA_test_LA_T_9506168_g711.wav,LA,LA_0097,-,bonafide,bonafide,test,data/subset_g711/LA_test_LA_T_9506168_g711.wav,g711_8khz
data/subset_g711/LA_train_LA_T_4606578_g711.wav,LA,LA_0084,-,bonafide,bonafide,train,data/subset_g711/LA_train_LA_T_4606578_g711.wav,g711_8khz
data/subset_g711/LA_train_LA_T_9863654_g711.wav,LA,LA_0087,-,bonafide,bonafide,train,data/subset_g711/LA_train_LA_T_9863654_g711.wav,g711_8khz
data/subset_g711/LA_train_LA_T_2439075_g711.wav,LA,LA_0096,-,bonafide,bonafide,train,data/subset_g711/LA_train_LA_T_2439075_g711.wav,g711_8khz
data/subset_g711/LA_train_LA_T_5954195_g711.wav,LA,LA_0079,-,bonafide,bonafide,train,data/subset_g711/LA_train_LA_T_5954195_g711.wav,g711_8khz
data/subset_g711/LA_train_LA_T_4362109_g711.wav,LA,LA_0079,-,bonafide,bonafide,train,data/subset_g711/LA_train_LA_T_4362109_g711.wav,g711_8khz
data/subset_g711/LA_train_LA_T_5326363_g711.wav,LA,LA_0091,-,bonafide,bonafide,train,data/subset_g711/LA_train_LA_T_5326363_g711.wav,g711_8khz
data/subset_g711/LA_test_LA_T_1611587_g711.wav,LA,LA_0086,-,bonafide,bonafide,test,data/subset_g711/LA_test_LA_T_1611587_g711.wav,g711_8khz
data/subset_g711/LA_train_LA_T_8052308_g711.wav,LA,LA_0084,-,bonafide,bonafide,train,data/subset_g711/LA_train_LA_T_8052308_g711.wav,g711_8khz
data/subset_g711/LA_train_LA_T_6015645_g711.wav,LA,LA_0087,-,bonafide,bonafide,train,data/subset_g711/LA_train_LA_T_6015645_g711.wav,g711_8khz
data/subset_g711/LA_train_LA_T_5065316_g711.wav,LA,LA_0092,-,bonafide,bonafide,train,data/subset_g711/LA_train_LA_T_5065316_g711.wav,g711_8khz
data/subset_g711/LA_train_LA_T_5374473_g711.wav,LA,LA_0091,-,bonafide,bonafide,train,data/subset_g711/LA_train_LA_T_5374473_g711.wav,g711_8khz
data/subset_g711/LA_train_LA_T_4176612_g711.wav,LA,LA_0080,-,bonafide,bonafide,train,data/subset_g711/LA_train_LA_T_4176612_g711.wav,g711_8khz
data/subset_g711/LA_train_LA_T_9593260_g711.wav,LA,LA_0084,-,bonafide,bonafide,train,data/subset_g711/LA_train_LA_T_9593260_g711.wav,g711_8khz
data/subset_g711/LA_train_LA_T_3154528_g711.wav,LA,LA_0084,-,bonafide,bonafide,train,data/subset_g711/LA_train_LA_T_3154528_g711.wav,g711_8khz
data/subset_g711/LA_val_LA_T_5669661_g711.wav,LA,LA_0089,-,bonafide,bonafide,val,data/subset_g711/LA_val_LA_T_5669661_g711.wav,g711_8khz
data/subset_g711/LA_train_LA_T_3995089_g711.wav,LA,LA_0079,-,bonafide,bonafide,train,data/subset_g711/LA_train_LA_T_3995089_g711.wav,g711_8khz
data/subset_g711/LA_train_LA_T_2345808_g711.wav,LA,LA_0091,-,bonafide,bonafide,train,data/subset_g711/LA_train_LA_T_2345808_g711.wav,g711_8khz
data/subset_g711/LA_train_LA_T_7075102_g711.wav,LA,LA_0081,-,bonafide,bonafide,train,data/subset_g711/LA_train_LA_T_7075102_g711.wav,g711_8khz
data/subset_g711/LA_train_LA_T_7974459_g711.wav,LA,LA_0083,-,bonafide,bonafide,train,data/subset_g711/LA_train_LA_T_7974459_g711.wav,g711_8khz
data/subset_g711/LA_train_LA_T_4105004_g711.wav,LA,LA_0080,-,bonafide,bonafide,train,data/subset_g711/LA_train_LA_T_4105004_g711.wav,g711_8khz
data/subset_g711/LA_train_LA_T_3485288_g711.wav,LA,LA_0092,-,bonafide,bonafide,train,data/subset_g711/LA_train_LA_T_3485288_g711.wav,g711_8khz
data/subset_g711/LA_train_LA_T_7208401_g711.wav,LA,LA_0094,-,bonafide,bonafide,train,data/subset_g711/LA_train_LA_T_7208401_g711.wav,g711_8khz
data/subset_g711/LA_val_LA_T_4436477_g711.wav,LA,LA_0089,-,bonafide,bonafide,val,data/subset_g711/LA_val_LA_T_4436477_g711.wav,g711_8khz
data/subset_g711/LA_train_LA_T_8208951_g711.wav,LA,LA_0096,-,bonafide,bonafide,train,data/subset_g711/LA_train_LA_T_8208951_g711.wav,g711_8khz
data/subset_g711/LA_train_LA_T_8651978_g711.wav,LA,LA_0087,-,bonafide,bonafide,train,data/subset_g711/LA_train_LA_T_8651978_g711.wav,g711_8khz
data/subset_g711/LA_train_LA_T_1963829_g711.wav,LA,LA_0084,-,bonafide,bonafide,train,data/subset_g711/LA_train_LA_T_1963829_g711.wav,g711_8khz
data/subset_g711/LA_test_LA_T_4891261_g711.wav,LA,LA_0093,-,bonafide,bonafide,test,data/subset_g711/LA_test_LA_T_4891261_g711.wav,g711_8khz
data/subset_g711/LA_train_LA_T_2280500_g711.wav,LA,LA_0084,-,bonafide,bonafide,train,data/subset_g711/LA_train_LA_T_2280500_g711.wav,g711_8khz
data/subset_g711/LA_train_LA_T_5799348_g711.wav,LA,LA_0090,-,bonafide,bonafide,train,data/subset_g711/LA_train_LA_T_5799348_g711.wav,g711_8khz
data/subset_g711/LA_train_LA_T_3680444_g711.wav,LA,LA_0096,-,bonafide,bonafide,train,data/subset_g711/LA_train_LA_T_3680444_g711.wav,g711_8khz
data/subset_g711/LA_train_LA_T_2054424_g711.wav,LA,LA_0096,-,bonafide,bonafide,train,data/subset_g711/LA_train_LA_T_2054424_g711.wav,g711_8khz
data/subset_g711/LA_train_LA_T_7357748_g711.wav,LA,LA_0087,-,bonafide,bonafide,train,data/subset_g711/LA_train_LA_T_7357748_g711.wav,g711_8khz
data/subset_g711/LA_train_LA_T_1873366_g711.wav,LA,LA_0083,-,bonafide,bonafide,train,data/subset_g711/LA_train_LA_T_1873366_g711.wav,g711_8khz
data/subset_g711/LA_train_LA_T_7514330_g711.wav,LA,LA_0087,-,bonafide,bonafide,train,data/subset_g711/LA_train_LA_T_7514330_g711.wav,g711_8khz
data/subset_g711/LA_train_LA_T_7179987_g711.wav,LA,LA_0098,-,bonafide,bonafide,train,data/subset_g711/LA_train_LA_T_7179987_g711.wav,g711_8khz
data/subset_g711/LA_train_LA_T_7121055_g711.wav,LA,LA_0088,-,bonafide,bonafide,train,data/subset_g711/LA_train_LA_T_7121055_g711.wav,g711_8khz
data/subset_g711/LA_train_LA_T_9378967_g711.wav,LA,LA_0098,-,bonafide,bonafide,train,data/subset_g711/LA_train_LA_T_9378967_g711.wav,g711_8khz
data/subset_g711/LA_train_LA_T_7839297_g711.wav,LA,LA_0096,-,bonafide,bonafide,train,data/subset_g711/LA_train_LA_T_7839297_g711.wav,g711_8khz
data/subset_g711/LA_test_LA_T_1991708_g711.wav,LA,LA_0093,-,bonafide,bonafide,test,data/subset_g711/LA_test_LA_T_1991708_g711.wav,g711_8khz
data/subset_g711/LA_train_LA_T_6105178_g711.wav,LA,LA_0079,-,bonafide,bonafide,train,data/subset_g711/LA_train_LA_T_6105178_g711.wav,g711_8khz
data/subset_g711/LA_val_LA_T_9772981_g711.wav,LA,LA_0082,-,bonafide,bonafide,val,data/subset_g711/LA_val_LA_T_9772981_g711.wav,g711_8khz
data/subset_g711/LA_train_LA_T_7223058_g711.wav,LA,LA_0095,-,bonafide,bonafide,train,data/subset_g711/LA_train_LA_T_7223058_g711.wav,g711_8khz
data/subset_g711/LA_train_LA_T_5114581_g711.wav,LA,LA_0094,-,bonafide,bonafide,train,data/subset_g711/LA_train_LA_T_5114581_g711.wav,g711_8khz
data/subset_g711/LA_train_LA_T_6877652_g711.wav,LA,LA_0095,-,bonafide,bonafide,train,data/subset_g711/LA_train_LA_T_6877652_g711.wav,g711_8khz
data/subset_g711/LA_val_LA_T_6946670_g711.wav,LA,LA_0082,-,bonafide,bonafide,val,data/subset_g711/LA_val_LA_T_6946670_g711.wav,g711_8khz
data/subset_g711/LA_train_LA_T_9251617_g711.wav,LA,LA_0092,-,bonafide,bonafide,train,data/subset_g711/LA_train_LA_T_9251617_g711.wav,g711_8khz
data/subset_g711/LA_train_LA_T_7826829_g711.wav,LA,LA_0085,-,bonafide,bonafide,train,data/subset_g711/LA_train_LA_T_7826829_g711.wav,g711_8khz
data/subset_g711/LA_train_LA_T_2147294_g711.wav,LA,LA_0091,-,bonafide,bonafide,train,data/subset_g711/LA_train_LA_T_2147294_g711.wav,g711_8khz
data/subset_g711/LA_val_LA_T_8172146_g711.wav,LA,LA_0089,-,bonafide,bonafide,val,data/subset_g711/LA_val_LA_T_8172146_g711.wav,g711_8khz
data/subset_g711/LA_train_LA_T_9276467_g711.wav,LA,LA_0091,-,bonafide,bonafide,train,data/subset_g711/LA_train_LA_T_9276467_g711.wav,g711_8khz
data/subset_g711/LA_train_LA_T_1410416_g711.wav,LA,LA_0087,-,bonafide,bonafide,train,data/subset_g711/LA_train_LA_T_1410416_g711.wav,g711_8khz
data/subset_g711/LA_train_LA_T_1831818_g711.wav,LA,LA_0084,-,bonafide,bonafide,train,data/subset_g711/LA_train_LA_T_1831818_g711.wav,g711_8khz
data/subset_g711/LA_test_LA_T_6034182_g711.wav,LA,LA_0086,-,bonafide,bonafide,test,data/subset_g711/LA_test_LA_T_6034182_g711.wav,g711_8khz
data/subset_g711/LA_test_LA_T_7579441_g711.wav,LA,LA_0097,-,bonafide,bonafide,test,data/subset_g711/LA_test_LA_T_7579441_g711.wav,g711_8khz
data/subset_g711/LA_train_LA_T_8589988_g711.wav,LA,LA_0084,-,bonafide,bonafide,train,data/subset_g711/LA_train_LA_T_8589988_g711.wav,g711_8khz
data/subset_g711/LA_val_LA_T_9969620_g711.wav,LA,LA_0089,-,bonafide,bonafide,val,data/subset_g711/LA_val_LA_T_9969620_g711.wav,g711_8khz
data/subset_g711/LA_test_LA_T_3470152_g711.wav,LA,LA_0093,-,bonafide,bonafide,test,data/subset_g711/LA_test_LA_T_3470152_g711.wav,g711_8khz
data/subset_g711/LA_train_LA_T_6093991_g711.wav,LA,LA_0096,-,bonafide,bonafide,train,data/subset_g711/LA_train_LA_T_6093991_g711.wav,g711_8khz
data/subset_g711/LA_train_LA_T_7214355_g711.wav,LA,LA_0090,-,bonafide,bonafide,train,data/subset_g711/LA_train_LA_T_7214355_g711.wav,g711_8khz
data/subset_g711/LA_train_LA_T_2127844_g711.wav,LA,LA_0088,-,bonafide,bonafide,train,data/subset_g711/LA_train_LA_T_2127844_g711.wav,g711_8khz
data/subset_g711/LA_train_LA_T_1636151_g711.wav,LA,LA_0092,-,bonafide,bonafide,train,data/subset_g711/LA_train_LA_T_1636151_g711.wav,g711_8khz
data/subset_g711/LA_train_LA_T_1363347_g711.wav,LA,LA_0095,-,bonafide,bonafide,train,data/subset_g711/LA_train_LA_T_1363347_g711.wav,g711_8khz
data/subset_g711/LA_train_LA_T_8925615_g711.wav,LA,LA_0096,-,bonafide,bonafide,train,data/subset_g711/LA_train_LA_T_8925615_g711.wav,g711_8khz
data/subset_g711/LA_test_LA_T_6450026_g711.wav,LA,LA_0093,-,bonafide,bonafide,test,data/subset_g711/LA_test_LA_T_6450026_g711.wav,g711_8khz
data/subset_g711/LA_train_LA_T_9213454_g711.wav,LA,LA_0081,-,bonafide,bonafide,train,data/subset_g711/LA_train_LA_T_9213454_g711.wav,g711_8khz
data/subset_g711/LA_val_LA_T_3068473_g711.wav,LA,LA_0082,-,bonafide,bonafide,val,data/subset_g711/LA_val_LA_T_3068473_g711.wav,g711_8khz
data/subset_g711/LA_train_LA_T_5683238_g711.wav,LA,LA_0088,-,bonafide,bonafide,train,data/subset_g711/LA_train_LA_T_5683238_g711.wav,g711_8khz
data/subset_g711/LA_val_LA_T_1923872_g711.wav,LA,LA_0082,-,bonafide,bonafide,val,data/subset_g711/LA_val_LA_T_1923872_g711.wav,g711_8khz
data/subset_g711/LA_train_LA_T_5399126_g711.wav,LA,LA_0080,-,bonafide,bonafide,train,data/subset_g711/LA_train_LA_T_5399126_g711.wav,g711_8khz
data/subset_g711/LA_train_LA_T_3849267_g711.wav,LA,LA_0079,-,bonafide,bonafide,train,data/subset_g711/LA_train_LA_T_3849267_g711.wav,g711_8khz
data/subset_g711/LA_train_LA_T_1482834_g711.wav,LA,LA_0087,-,bonafide,bonafide,train,data/subset_g711/LA_train_LA_T_1482834_g711.wav,g711_8khz
data/subset_g711/LA_train_LA_T_8490726_g711.wav,LA,LA_0091,-,bonafide,bonafide,train,data/subset_g711/LA_train_LA_T_8490726_g711.wav,g711_8khz
data/subset_g711/LA_test_LA_T_6724576_g711.wav,LA,LA_0097,-,bonafide,bonafide,test,data/subset_g711/LA_test_LA_T_6724576_g711.wav,g711_8khz
data/subset_g711/LA_train_LA_T_4043474_g711.wav,LA,LA_0085,-,bonafide,bonafide,train,data/subset_g711/LA_train_LA_T_4043474_g711.wav,g711_8khz
data/subset_g711/LA_train_LA_T_7344886_g711.wav,LA,LA_0083,-,bonafide,bonafide,train,data/subset_g711/LA_train_LA_T_7344886_g711.wav,g711_8khz
data/subset_g711/LA_train_LA_T_2707835_g711.wav,LA,LA_0088,-,bonafide,bonafide,train,data/subset_g711/LA_train_LA_T_2707835_g711.wav,g711_8khz
data/subset_g711/LA_train_LA_T_8898922_g711.wav,LA,LA_0087,-,bonafide,bonafide,train,data/subset_g711/LA_train_LA_T_8898922_g711.wav,g711_8khz
data/subset_g711/LA_train_LA_T_2066209_g711.wav,LA,LA_0098,-,bonafide,bonafide,train,data/subset_g711/LA_train_LA_T_2066209_g711.wav,g711_8khz
data/subset_g711/LA_test_LA_T_1861398_g711.wav,LA,LA_0086,-,bonafide,bonafide,test,data/subset_g711/LA_test_LA_T_1861398_g711.wav,g711_8khz
data/subset_g711/LA_train_LA_T_4615562_g711.wav,LA,LA_0085,-,bonafide,bonafide,train,data/subset_g711/LA_train_LA_T_4615562_g711.wav,g711_8khz
data/subset_g711/LA_test_LA_T_4270225_g711.wav,LA,LA_0093,-,bonafide,bonafide,test,data/subset_g711/LA_test_LA_T_4270225_g711.wav,g711_8khz
data/subset_g711/LA_train_LA_T_6271185_g711.wav,LA,LA_0088,-,bonafide,bonafide,train,data/subset_g711/LA_train_LA_T_6271185_g711.wav,g711_8khz
data/subset_g711/LA_train_LA_T_3772667_g711.wav,LA,LA_0080,-,bonafide,bonafide,train,data/subset_g711/LA_train_LA_T_3772667_g711.wav,g711_8khz
data/subset_g711/LA_train_LA_T_4263726_g711.wav,LA,LA_0095,-,bonafide,bonafide,train,data/subset_g711/LA_train_LA_T_4263726_g711.wav,g711_8khz
data/subset_g711/LA_train_LA_T_9048990_g711.wav,LA,LA_0092,-,bonafide,bonafide,train,data/subset_g711/LA_train_LA_T_9048990_g711.wav,g711_8khz
data/subset_g711/LA_val_LA_T_6594586_g711.wav,LA,LA_0089,-,bonafide,bonafide,val,data/subset_g711/LA_val_LA_T_6594586_g711.wav,g711_8khz
data/subset_g711/LA_train_LA_T_8726287_g711.wav,LA,LA_0088,-,bonafide,bonafide,train,data/subset_g711/LA_train_LA_T_8726287_g711.wav,g711_8khz
data/subset_g711/LA_train_LA_T_9457505_g711.wav,LA,LA_0091,-,bonafide,bonafide,train,data/subset_g711/LA_train_LA_T_9457505_g711.wav,g711_8khz
data/subset_g711/LA_train_LA_T_2598851_g711.wav,LA,LA_0092,-,bonafide,bonafide,train,data/subset_g711/LA_train_LA_T_2598851_g711.wav,g711_8khz
data/subset_g711/LA_train_LA_T_2118892_g711.wav,LA,LA_0088,-,bonafide,bonafide,train,data/subset_g711/LA_train_LA_T_2118892_g711.wav,g711_8khz
data/subset_g711/LA_train_LA_T_9032022_g711.wav,LA,LA_0085,-,bonafide,bonafide,train,data/subset_g711/LA_train_LA_T_9032022_g711.wav,g711_8khz
data/subset_g711/LA_train_LA_T_6059767_g711.wav,LA,LA_0092,-,bonafide,bonafide,train,data/subset_g711/LA_train_LA_T_6059767_g711.wav,g711_8khz
data/subset_g711/LA_train_LA_T_3447323_g711.wav,LA,LA_0088,-,bonafide,bonafide,train,data/subset_g711/LA_train_LA_T_3447323_g711.wav,g711_8khz
data/subset_g711/LA_train_LA_T_5795707_g711.wav,LA,LA_0087,-,bonafide,bonafide,train,data/subset_g711/LA_train_LA_T_5795707_g711.wav,g711_8khz
data/subset_g711/LA_train_LA_T_8105555_g711.wav,LA,LA_0084,-,bonafide,bonafide,train,data/subset_g711/LA_train_LA_T_8105555_g711.wav,g711_8khz
data/subset_g711/LA_train_LA_T_6376473_g711.wav,LA,LA_0094,-,bonafide,bonafide,train,data/subset_g711/LA_train_LA_T_6376473_g711.wav,g711_8khz
data/subset_g711/LA_train_LA_T_9102017_g711.wav,LA,LA_0080,-,bonafide,bonafide,train,data/subset_g711/LA_train_LA_T_9102017_g711.wav,g711_8khz
data/subset_g711/LA_train_LA_T_2482961_g711.wav,LA,LA_0095,-,bonafide,bonafide,train,data/subset_g711/LA_train_LA_T_2482961_g711.wav,g711_8khz
data/subset_g711/LA_val_LA_T_8955767_g711.wav,LA,LA_0089,-,bonafide,bonafide,val,data/subset_g711/LA_val_LA_T_8955767_g711.wav,g711_8khz
data/subset_g711/LA_train_LA_T_2642748_g711.wav,LA,LA_0096,-,bonafide,bonafide,train,data/subset_g711/LA_train_LA_T_2642748_g711.wav,g711_8khz
data/subset_g711/LA_train_LA_T_9189420_g711.wav,LA,LA_0083,-,bonafide,bonafide,train,data/subset_g711/LA_train_LA_T_9189420_g711.wav,g711_8khz
data/subset_g711/LA_train_LA_T_6631167_g711.wav,LA,LA_0080,-,bonafide,bonafide,train,data/subset_g711/LA_train_LA_T_6631167_g711.wav,g711_8khz
data/subset_g711/LA_train_LA_T_3395385_g711.wav,LA,LA_0096,-,bonafide,bonafide,train,data/subset_g711/LA_train_LA_T_3395385_g711.wav,g711_8khz
data/subset_g711/LA_test_LA_T_4051929_g711.wav,LA,LA_0093,-,bonafide,bonafide,test,data/subset_g711/LA_test_LA_T_4051929_g711.wav,g711_8khz
data/subset_g711/LA_val_LA_T_7696598_g711.wav,LA,LA_0082,-,bonafide,bonafide,val,data/subset_g711/LA_val_LA_T_7696598_g711.wav,g711_8khz
data/subset_g711/LA_train_LA_T_7467165_g711.wav,LA,LA_0094,-,bonafide,bonafide,train,data/subset_g711/LA_train_LA_T_7467165_g711.wav,g711_8khz
data/subset_g711/LA_train_LA_T_5266787_g711.wav,LA,LA_0080,-,bonafide,bonafide,train,data/subset_g711/LA_train_LA_T_5266787_g711.wav,g711_8khz
data/subset_g711/LA_test_LA_T_2175978_g711.wav,LA,LA_0097,-,bonafide,bonafide,test,data/subset_g711/LA_test_LA_T_2175978_g711.wav,g711_8khz
data/subset_g711/LA_test_LA_T_1979527_g711.wav,LA,LA_0086,-,bonafide,bonafide,test,data/subset_g711/LA_test_LA_T_1979527_g711.wav,g711_8khz
data/subset_g711/LA_test_LA_T_3264459_g711.wav,LA,LA_0086,-,bonafide,bonafide,test,data/subset_g711/LA_test_LA_T_3264459_g711.wav,g711_8khz
data/subset_g711/LA_train_LA_T_8178089_g711.wav,LA,LA_0085,-,bonafide,bonafide,train,data/subset_g711/LA_train_LA_T_8178089_g711.wav,g711_8khz
data/subset_g711/LA_train_LA_T_1023546_g711.wav,LA,LA_0085,-,bonafide,bonafide,train,data/subset_g711/LA_train_LA_T_1023546_g711.wav,g711_8khz
data/subset_g711/LA_train_LA_T_8275432_g711.wav,LA,LA_0088,-,bonafide,bonafide,train,data/subset_g711/LA_train_LA_T_8275432_g711.wav,g711_8khz
data/subset_g711/LA_train_LA_T_3747046_g711.wav,LA,LA_0088,-,bonafide,bonafide,train,data/subset_g711/LA_train_LA_T_3747046_g711.wav,g711_8khz
data/subset_g711/LA_train_LA_T_4197596_g711.wav,LA,LA_0098,-,bonafide,bonafide,train,data/subset_g711/LA_train_LA_T_4197596_g711.wav,g711_8khz
data/subset_g711/LA_test_LA_T_5326968_g711.wav,LA,LA_0093,-,bonafide,bonafide,test,data/subset_g711/LA_test_LA_T_5326968_g711.wav,g711_8khz
data/subset_g711/LA_test_LA_T_4630790_g711.wav,LA,LA_0093,-,bonafide,bonafide,test,data/subset_g711/LA_test_LA_T_4630790_g711.wav,g711_8khz
data/subset_g711/LA_train_LA_T_4711197_g711.wav,LA,LA_0085,-,bonafide,bonafide,train,data/subset_g711/LA_train_LA_T_4711197_g711.wav,g711_8khz
data/subset_g711/LA_train_LA_T_9553112_g711.wav,LA,LA_0095,-,bonafide,bonafide,train,data/subset_g711/LA_train_LA_T_9553112_g711.wav,g711_8khz
data/subset_g711/LA_train_LA_T_5696560_g711.wav,LA,LA_0092,-,bonafide,bonafide,train,data/subset_g711/LA_train_LA_T_5696560_g711.wav,g711_8khz
data/subset_g711/LA_train_LA_T_6756969_g711.wav,LA,LA_0087,-,bonafide,bonafide,train,data/subset_g711/LA_train_LA_T_6756969_g711.wav,g711_8khz
data/subset_g711/LA_val_LA_T_1325649_g711.wav,LA,LA_0089,-,bonafide,bonafide,val,data/subset_g711/LA_val_LA_T_1325649_g711.wav,g711_8khz
data/subset_g711/LA_train_LA_T_3545264_g711.wav,LA,LA_0094,-,bonafide,bonafide,train,data/subset_g711/LA_train_LA_T_3545264_g711.wav,g711_8khz
data/subset_g711/LA_train_LA_T_7677120_g711.wav,LA,LA_0079,-,bonafide,bonafide,train,data/subset_g711/LA_train_LA_T_7677120_g711.wav,g711_8khz
data/subset_g711/LA_train_LA_T_1878391_g711.wav,LA,LA_0084,-,bonafide,bonafide,train,data/subset_g711/LA_train_LA_T_1878391_g711.wav,g711_8khz
data/subset_g711/LA_train_LA_T_9779411_g711.wav,LA,LA_0087,-,bonafide,bonafide,train,data/subset_g711/LA_train_LA_T_9779411_g711.wav,g711_8khz
data/subset_g711/LA_train_LA_T_7051313_g711.wav,LA,LA_0084,-,bonafide,bonafide,train,data/subset_g711/LA_train_LA_T_7051313_g711.wav,g711_8khz
data/subset_g711/LA_train_LA_T_7196016_g711.wav,LA,LA_0095,A01,spoof,spoof,train,data/subset_g711/LA_train_LA_T_7196016_g711.wav,g711_8khz
data/subset_g711/LA_train_LA_T_2021613_g711.wav,LA,LA_0088,A04,spoof,spoof,train,data/subset_g711/LA_train_LA_T_2021613_g711.wav,g711_8khz
data/subset_g711/LA_train_LA_T_6942847_g711.wav,LA,LA_0083,A04,spoof,spoof,train,data/subset_g711/LA_train_LA_T_6942847_g711.wav,g711_8khz
data/subset_g711/LA_train_LA_T_8159529_g711.wav,LA,LA_0090,A01,spoof,spoof,train,data/subset_g711/LA_train_LA_T_8159529_g711.wav,g711_8khz
data/subset_g711/LA_train_LA_T_8367117_g711.wav,LA,LA_0098,A06,spoof,spoof,train,data/subset_g711/LA_train_LA_T_8367117_g711.wav,g711_8khz
data/subset_g711/LA_test_LA_T_4873700_g711.wav,LA,LA_0086,A05,spoof,spoof,test,data/subset_g711/LA_test_LA_T_4873700_g711.wav,g711_8khz
data/subset_g711/LA_train_LA_T_5454842_g711.wav,LA,LA_0083,A05,spoof,spoof,train,data/subset_g711/LA_train_LA_T_5454842_g711.wav,g711_8khz
data/subset_g711/LA_train_LA_T_5820593_g711.wav,LA,LA_0096,A02,spoof,spoof,train,data/subset_g711/LA_train_LA_T_5820593_g711.wav,g711_8khz
data/subset_g711/LA_test_LA_T_5054337_g711.wav,LA,LA_0086,A02,spoof,spoof,test,data/subset_g711/LA_test_LA_T_5054337_g711.wav,g711_8khz
data/subset_g711/LA_train_LA_T_1531219_g711.wav,LA,LA_0091,A05,spoof,spoof,train,data/subset_g711/LA_train_LA_T_1531219_g711.wav,g711_8khz
data/subset_g711/LA_test_LA_T_1929428_g711.wav,LA,LA_0097,A03,spoof,spoof,test,data/subset_g711/LA_test_LA_T_1929428_g711.wav,g711_8khz
data/subset_g711/LA_train_LA_T_3167562_g711.wav,LA,LA_0083,A04,spoof,spoof,train,data/subset_g711/LA_train_LA_T_3167562_g711.wav,g711_8khz
data/subset_g711/LA_train_LA_T_9382514_g711.wav,LA,LA_0088,A02,spoof,spoof,train,data/subset_g711/LA_train_LA_T_9382514_g711.wav,g711_8khz
data/subset_g711/LA_train_LA_T_3683064_g711.wav,LA,LA_0088,A04,spoof,spoof,train,data/subset_g711/LA_train_LA_T_3683064_g711.wav,g711_8khz
data/subset_g711/LA_test_LA_T_5209238_g711.wav,LA,LA_0097,A06,spoof,spoof,test,data/subset_g711/LA_test_LA_T_5209238_g711.wav,g711_8khz
data/subset_g711/LA_train_LA_T_1217503_g711.wav,LA,LA_0090,A03,spoof,spoof,train,data/subset_g711/LA_train_LA_T_1217503_g711.wav,g711_8khz
data/subset_g711/LA_train_LA_T_2191824_g711.wav,LA,LA_0085,A06,spoof,spoof,train,data/subset_g711/LA_train_LA_T_2191824_g711.wav,g711_8khz
data/subset_g711/LA_train_LA_T_4164792_g711.wav,LA,LA_0084,A03,spoof,spoof,train,data/subset_g711/LA_train_LA_T_4164792_g711.wav,g711_8khz
data/subset_g711/LA_train_LA_T_7412444_g711.wav,LA,LA_0084,A06,spoof,spoof,train,data/subset_g711/LA_train_LA_T_7412444_g711.wav,g711_8khz
data/subset_g711/LA_train_LA_T_6355446_g711.wav,LA,LA_0080,A06,spoof,spoof,train,data/subset_g711/LA_train_LA_T_6355446_g711.wav,g711_8khz
data/subset_g711/LA_test_LA_T_2667116_g711.wav,LA,LA_0093,A05,spoof,spoof,test,data/subset_g711/LA_test_LA_T_2667116_g711.wav,g711_8khz
data/subset_g711/LA_train_LA_T_6919433_g711.wav,LA,LA_0092,A05,spoof,spoof,train,data/subset_g711/LA_train_LA_T_6919433_g711.wav,g711_8khz
data/subset_g711/LA_val_LA_T_8953521_g711.wav,LA,LA_0089,A01,spoof,spoof,val,data/subset_g711/LA_val_LA_T_8953521_g711.wav,g711_8khz
data/subset_g711/LA_train_LA_T_3287677_g711.wav,LA,LA_0083,A03,spoof,spoof,train,data/subset_g711/LA_train_LA_T_3287677_g711.wav,g711_8khz
data/subset_g711/LA_test_LA_T_9851170_g711.wav,LA,LA_0086,A04,spoof,spoof,test,data/subset_g711/LA_test_LA_T_9851170_g711.wav,g711_8khz
data/subset_g711/LA_train_LA_T_1544826_g711.wav,LA,LA_0095,A03,spoof,spoof,train,data/subset_g711/LA_train_LA_T_1544826_g711.wav,g711_8khz
data/subset_g711/LA_test_LA_T_6866613_g711.wav,LA,LA_0097,A04,spoof,spoof,test,data/subset_g711/LA_test_LA_T_6866613_g711.wav,g711_8khz
data/subset_g711/LA_train_LA_T_5379096_g711.wav,LA,LA_0092,A03,spoof,spoof,train,data/subset_g711/LA_train_LA_T_5379096_g711.wav,g711_8khz
data/subset_g711/LA_train_LA_T_1957538_g711.wav,LA,LA_0087,A03,spoof,spoof,train,data/subset_g711/LA_train_LA_T_1957538_g711.wav,g711_8khz
data/subset_g711/LA_test_LA_T_8276326_g711.wav,LA,LA_0086,A03,spoof,spoof,test,data/subset_g711/LA_test_LA_T_8276326_g711.wav,g711_8khz
data/subset_g711/LA_train_LA_T_7249621_g711.wav,LA,LA_0080,A05,spoof,spoof,train,data/subset_g711/LA_train_LA_T_7249621_g711.wav,g711_8khz
data/subset_g711/LA_test_LA_T_6030668_g711.wav,LA,LA_0097,A04,spoof,spoof,test,data/subset_g711/LA_test_LA_T_6030668_g711.wav,g711_8khz
data/subset_g711/LA_train_LA_T_2457545_g711.wav,LA,LA_0092,A04,spoof,spoof,train,data/subset_g711/LA_train_LA_T_2457545_g711.wav,g711_8khz
data/subset_g711/LA_train_LA_T_9639913_g711.wav,LA,LA_0083,A05,spoof,spoof,train,data/subset_g711/LA_train_LA_T_9639913_g711.wav,g711_8khz
data/subset_g711/LA_train_LA_T_8813074_g711.wav,LA,LA_0081,A03,spoof,spoof,train,data/subset_g711/LA_train_LA_T_8813074_g711.wav,g711_8khz
data/subset_g711/LA_train_LA_T_3192467_g711.wav,LA,LA_0087,A03,spoof,spoof,train,data/subset_g711/LA_train_LA_T_3192467_g711.wav,g711_8khz
data/subset_g711/LA_val_LA_T_9190352_g711.wav,LA,LA_0089,A06,spoof,spoof,val,data/subset_g711/LA_val_LA_T_9190352_g711.wav,g711_8khz
data/subset_g711/LA_train_LA_T_4868092_g711.wav,LA,LA_0090,A02,spoof,spoof,train,data/subset_g711/LA_train_LA_T_4868092_g711.wav,g711_8khz
data/subset_g711/LA_train_LA_T_6878620_g711.wav,LA,LA_0081,A02,spoof,spoof,train,data/subset_g711/LA_train_LA_T_6878620_g711.wav,g711_8khz
data/subset_g711/LA_train_LA_T_8345097_g711.wav,LA,LA_0087,A02,spoof,spoof,train,data/subset_g711/LA_train_LA_T_8345097_g711.wav,g711_8khz
data/subset_g711/LA_train_LA_T_1839608_g711.wav,LA,LA_0096,A05,spoof,spoof,train,data/subset_g711/LA_train_LA_T_1839608_g711.wav,g711_8khz
data/subset_g711/LA_val_LA_T_4847789_g711.wav,LA,LA_0089,A01,spoof,spoof,val,data/subset_g711/LA_val_LA_T_4847789_g711.wav,g711_8khz
data/subset_g711/LA_train_LA_T_5320272_g711.wav,LA,LA_0088,A04,spoof,spoof,train,data/subset_g711/LA_train_LA_T_5320272_g711.wav,g711_8khz
data/subset_g711/LA_train_LA_T_9144261_g711.wav,LA,LA_0090,A01,spoof,spoof,train,data/subset_g711/LA_train_LA_T_9144261_g711.wav,g711_8khz
data/subset_g711/LA_train_LA_T_4291784_g711.wav,LA,LA_0083,A01,spoof,spoof,train,data/subset_g711/LA_train_LA_T_4291784_g711.wav,g711_8khz
data/subset_g711/LA_test_LA_T_4754759_g711.wav,LA,LA_0097,A04,spoof,spoof,test,data/subset_g711/LA_test_LA_T_4754759_g711.wav,g711_8khz
data/subset_g711/LA_train_LA_T_6823968_g711.wav,LA,LA_0079,A02,spoof,spoof,train,data/subset_g711/LA_train_LA_T_6823968_g711.wav,g711_8khz
data/subset_g711/LA_train_LA_T_2942946_g711.wav,LA,LA_0092,A03,spoof,spoof,train,data/subset_g711/LA_train_LA_T_2942946_g711.wav,g711_8khz
data/subset_g711/LA_val_LA_T_9395136_g711.wav,LA,LA_0089,A04,spoof,spoof,val,data/subset_g711/LA_val_LA_T_9395136_g711.wav,g711_8khz
data/subset_g711/LA_test_LA_T_4244044_g711.wav,LA,LA_0097,A06,spoof,spoof,test,data/subset_g711/LA_test_LA_T_4244044_g711.wav,g711_8khz
data/subset_g711/LA_train_LA_T_1926605_g711.wav,LA,LA_0090,A06,spoof,spoof,train,data/subset_g711/LA_train_LA_T_1926605_g711.wav,g711_8khz
data/subset_g711/LA_test_LA_T_5021134_g711.wav,LA,LA_0097,A06,spoof,spoof,test,data/subset_g711/LA_test_LA_T_5021134_g711.wav,g711_8khz
data/subset_g711/LA_train_LA_T_8093073_g711.wav,LA,LA_0080,A04,spoof,spoof,train,data/subset_g711/LA_train_LA_T_8093073_g711.wav,g711_8khz
data/subset_g711/LA_train_LA_T_1711356_g711.wav,LA,LA_0090,A01,spoof,spoof,train,data/subset_g711/LA_train_LA_T_1711356_g711.wav,g711_8khz
data/subset_g711/LA_train_LA_T_3011280_g711.wav,LA,LA_0080,A02,spoof,spoof,train,data/subset_g711/LA_train_LA_T_3011280_g711.wav,g711_8khz
data/subset_g711/LA_train_LA_T_5865525_g711.wav,LA,LA_0090,A01,spoof,spoof,train,data/subset_g711/LA_train_LA_T_5865525_g711.wav,g711_8khz
data/subset_g711/LA_train_LA_T_9108679_g711.wav,LA,LA_0085,A02,spoof,spoof,train,data/subset_g711/LA_train_LA_T_9108679_g711.wav,g711_8khz
data/subset_g711/LA_train_LA_T_6071492_g711.wav,LA,LA_0091,A03,spoof,spoof,train,data/subset_g711/LA_train_LA_T_6071492_g711.wav,g711_8khz
data/subset_g711/LA_train_LA_T_1050944_g711.wav,LA,LA_0088,A05,spoof,spoof,train,data/subset_g711/LA_train_LA_T_1050944_g711.wav,g711_8khz
data/subset_g711/LA_train_LA_T_2338435_g711.wav,LA,LA_0079,A03,spoof,spoof,train,data/subset_g711/LA_train_LA_T_2338435_g711.wav,g711_8khz
data/subset_g711/LA_train_LA_T_9969841_g711.wav,LA,LA_0096,A01,spoof,spoof,train,data/subset_g711/LA_train_LA_T_9969841_g711.wav,g711_8khz
data/subset_g711/LA_train_LA_T_2369027_g711.wav,LA,LA_0087,A06,spoof,spoof,train,data/subset_g711/LA_train_LA_T_2369027_g711.wav,g711_8khz
data/subset_g711/LA_test_LA_T_4562769_g711.wav,LA,LA_0097,A06,spoof,spoof,test,data/subset_g711/LA_test_LA_T_4562769_g711.wav,g711_8khz
data/subset_g711/LA_val_LA_T_5557943_g711.wav,LA,LA_0089,A06,spoof,spoof,val,data/subset_g711/LA_val_LA_T_5557943_g711.wav,g711_8khz
data/subset_g711/LA_val_LA_T_5299003_g711.wav,LA,LA_0089,A05,spoof,spoof,val,data/subset_g711/LA_val_LA_T_5299003_g711.wav,g711_8khz
data/subset_g711/LA_train_LA_T_6866302_g711.wav,LA,LA_0092,A04,spoof,spoof,train,data/subset_g711/LA_train_LA_T_6866302_g711.wav,g711_8khz
data/subset_g711/LA_train_LA_T_4844815_g711.wav,LA,LA_0080,A01,spoof,spoof,train,data/subset_g711/LA_train_LA_T_4844815_g711.wav,g711_8khz
data/subset_g711/LA_train_LA_T_7389695_g711.wav,LA,LA_0079,A01,spoof,spoof,train,data/subset_g711/LA_train_LA_T_7389695_g711.wav,g711_8khz
data/subset_g711/LA_train_LA_T_4991778_g711.wav,LA,LA_0085,A06,spoof,spoof,train,data/subset_g711/LA_train_LA_T_4991778_g711.wav,g711_8khz
data/subset_g711/LA_train_LA_T_2462718_g711.wav,LA,LA_0091,A03,spoof,spoof,train,data/subset_g711/LA_train_LA_T_2462718_g711.wav,g711_8khz
data/subset_g711/LA_val_LA_T_5181234_g711.wav,LA,LA_0082,A05,spoof,spoof,val,data/subset_g711/LA_val_LA_T_5181234_g711.wav,g711_8khz
data/subset_g711/LA_train_LA_T_9027506_g711.wav,LA,LA_0080,A02,spoof,spoof,train,data/subset_g711/LA_train_LA_T_9027506_g711.wav,g711_8khz
data/subset_g711/LA_train_LA_T_8186635_g711.wav,LA,LA_0081,A01,spoof,spoof,train,data/subset_g711/LA_train_LA_T_8186635_g711.wav,g711_8khz
data/subset_g711/LA_test_LA_T_5447517_g711.wav,LA,LA_0086,A03,spoof,spoof,test,data/subset_g711/LA_test_LA_T_5447517_g711.wav,g711_8khz
data/subset_g711/LA_train_LA_T_9752029_g711.wav,LA,LA_0079,A04,spoof,spoof,train,data/subset_g711/LA_train_LA_T_9752029_g711.wav,g711_8khz
data/subset_g711/LA_val_LA_T_3541347_g711.wav,LA,LA_0082,A06,spoof,spoof,val,data/subset_g711/LA_val_LA_T_3541347_g711.wav,g711_8khz
data/subset_g711/LA_train_LA_T_8055426_g711.wav,LA,LA_0090,A01,spoof,spoof,train,data/subset_g711/LA_train_LA_T_8055426_g711.wav,g711_8khz
data/subset_g711/LA_val_LA_T_9056284_g711.wav,LA,LA_0089,A01,spoof,spoof,val,data/subset_g711/LA_val_LA_T_9056284_g711.wav,g711_8khz
data/subset_g711/LA_train_LA_T_3303089_g711.wav,LA,LA_0091,A01,spoof,spoof,train,data/subset_g711/LA_train_LA_T_3303089_g711.wav,g711_8khz
data/subset_g711/LA_train_LA_T_5710203_g711.wav,LA,LA_0098,A04,spoof,spoof,train,data/subset_g711/LA_train_LA_T_5710203_g711.wav,g711_8khz
data/subset_g711/LA_train_LA_T_8856200_g711.wav,LA,LA_0090,A01,spoof,spoof,train,data/subset_g711/LA_train_LA_T_8856200_g711.wav,g711_8khz
data/subset_g711/LA_test_LA_T_3674915_g711.wav,LA,LA_0097,A06,spoof,spoof,test,data/subset_g711/LA_test_LA_T_3674915_g711.wav,g711_8khz
data/subset_g711/LA_test_LA_T_9492498_g711.wav,LA,LA_0093,A03,spoof,spoof,test,data/subset_g711/LA_test_LA_T_9492498_g711.wav,g711_8khz
data/subset_g711/LA_val_LA_T_9274561_g711.wav,LA,LA_0089,A03,spoof,spoof,val,data/subset_g711/LA_val_LA_T_9274561_g711.wav,g711_8khz
data/subset_g711/LA_train_LA_T_6785696_g711.wav,LA,LA_0087,A03,spoof,spoof,train,data/subset_g711/LA_train_LA_T_6785696_g711.wav,g711_8khz
data/subset_g711/LA_val_LA_T_9529562_g711.wav,LA,LA_0082,A02,spoof,spoof,val,data/subset_g711/LA_val_LA_T_9529562_g711.wav,g711_8khz
data/subset_g711/LA_train_LA_T_1076210_g711.wav,LA,LA_0094,A01,spoof,spoof,train,data/subset_g711/LA_train_LA_T_1076210_g711.wav,g711_8khz
data/subset_g711/LA_test_LA_T_5333693_g711.wav,LA,LA_0097,A05,spoof,spoof,test,data/subset_g711/LA_test_LA_T_5333693_g711.wav,g711_8khz
data/subset_g711/LA_val_LA_T_6904969_g711.wav,LA,LA_0082,A01,spoof,spoof,val,data/subset_g711/LA_val_LA_T_6904969_g711.wav,g711_8khz
data/subset_g711/LA_train_LA_T_8287825_g711.wav,LA,LA_0079,A03,spoof,spoof,train,data/subset_g711/LA_train_LA_T_8287825_g711.wav,g711_8khz
data/subset_g711/LA_train_LA_T_2445227_g711.wav,LA,LA_0090,A03,spoof,spoof,train,data/subset_g711/LA_train_LA_T_2445227_g711.wav,g711_8khz
data/subset_g711/LA_train_LA_T_9499930_g711.wav,LA,LA_0092,A05,spoof,spoof,train,data/subset_g711/LA_train_LA_T_9499930_g711.wav,g711_8khz
data/subset_g711/LA_val_LA_T_6838646_g711.wav,LA,LA_0089,A03,spoof,spoof,val,data/subset_g711/LA_val_LA_T_6838646_g711.wav,g711_8khz
data/subset_g711/LA_train_LA_T_9683366_g711.wav,LA,LA_0080,A04,spoof,spoof,train,data/subset_g711/LA_train_LA_T_9683366_g711.wav,g711_8khz
data/subset_g711/LA_test_LA_T_2789947_g711.wav,LA,LA_0097,A05,spoof,spoof,test,data/subset_g711/LA_test_LA_T_2789947_g711.wav,g711_8khz
data/subset_g711/LA_train_LA_T_4307188_g711.wav,LA,LA_0085,A05,spoof,spoof,train,data/subset_g711/LA_train_LA_T_4307188_g711.wav,g711_8khz
data/subset_g711/LA_train_LA_T_7136815_g711.wav,LA,LA_0085,A06,spoof,spoof,train,data/subset_g711/LA_train_LA_T_7136815_g711.wav,g711_8khz
data/subset_g711/LA_train_LA_T_6174387_g711.wav,LA,LA_0096,A01,spoof,spoof,train,data/subset_g711/LA_train_LA_T_6174387_g711.wav,g711_8khz
data/subset_g711/LA_train_LA_T_9347890_g711.wav,LA,LA_0083,A04,spoof,spoof,train,data/subset_g711/LA_train_LA_T_9347890_g711.wav,g711_8khz
data/subset_g711/LA_train_LA_T_9683231_g711.wav,LA,LA_0081,A02,spoof,spoof,train,data/subset_g711/LA_train_LA_T_9683231_g711.wav,g711_8khz
data/subset_g711/LA_train_LA_T_7670531_g711.wav,LA,LA_0084,A01,spoof,spoof,train,data/subset_g711/LA_train_LA_T_7670531_g711.wav,g711_8khz
data/subset_g711/LA_train_LA_T_4207818_g711.wav,LA,LA_0081,A01,spoof,spoof,train,data/subset_g711/LA_train_LA_T_4207818_g711.wav,g711_8khz
data/subset_g711/LA_val_LA_T_3813986_g711.wav,LA,LA_0089,A05,spoof,spoof,val,data/subset_g711/LA_val_LA_T_3813986_g711.wav,g711_8khz
data/subset_g711/LA_train_LA_T_2237022_g711.wav,LA,LA_0098,A01,spoof,spoof,train,data/subset_g711/LA_train_LA_T_2237022_g711.wav,g711_8khz
data/subset_g711/LA_train_LA_T_5105792_g711.wav,LA,LA_0091,A02,spoof,spoof,train,data/subset_g711/LA_train_LA_T_5105792_g711.wav,g711_8khz
data/subset_g711/LA_train_LA_T_1054206_g711.wav,LA,LA_0092,A06,spoof,spoof,train,data/subset_g711/LA_train_LA_T_1054206_g711.wav,g711_8khz
data/subset_g711/LA_train_LA_T_8811619_g711.wav,LA,LA_0096,A01,spoof,spoof,train,data/subset_g711/LA_train_LA_T_8811619_g711.wav,g711_8khz
data/subset_g711/LA_train_LA_T_8966163_g711.wav,LA,LA_0085,A03,spoof,spoof,train,data/subset_g711/LA_train_LA_T_8966163_g711.wav,g711_8khz
data/subset_g711/LA_train_LA_T_5718643_g711.wav,LA,LA_0083,A02,spoof,spoof,train,data/subset_g711/LA_train_LA_T_5718643_g711.wav,g711_8khz
data/subset_g711/LA_train_LA_T_7814998_g711.wav,LA,LA_0096,A04,spoof,spoof,train,data/subset_g711/LA_train_LA_T_7814998_g711.wav,g711_8khz
data/subset_g711/LA_train_LA_T_8126617_g711.wav,LA,LA_0091,A03,spoof,spoof,train,data/subset_g711/LA_train_LA_T_8126617_g711.wav,g711_8khz
data/subset_g711/LA_train_LA_T_4608788_g711.wav,LA,LA_0095,A02,spoof,spoof,train,data/subset_g711/LA_train_LA_T_4608788_g711.wav,g711_8khz
data/subset_g711/LA_train_LA_T_7081724_g711.wav,LA,LA_0084,A05,spoof,spoof,train,data/subset_g711/LA_train_LA_T_7081724_g711.wav,g711_8khz
data/subset_g711/LA_test_LA_T_7623077_g711.wav,LA,LA_0097,A05,spoof,spoof,test,data/subset_g711/LA_test_LA_T_7623077_g711.wav,g711_8khz
data/subset_g711/LA_train_LA_T_8574954_g711.wav,LA,LA_0085,A02,spoof,spoof,train,data/subset_g711/LA_train_LA_T_8574954_g711.wav,g711_8khz
data/subset_g711/LA_test_LA_T_2233012_g711.wav,LA,LA_0086,A06,spoof,spoof,test,data/subset_g711/LA_test_LA_T_2233012_g711.wav,g711_8khz
data/subset_g711/LA_train_LA_T_6510676_g711.wav,LA,LA_0090,A05,spoof,spoof,train,data/subset_g711/LA_train_LA_T_6510676_g711.wav,g711_8khz
data/subset_g711/LA_test_LA_T_6962997_g711.wav,LA,LA_0097,A04,spoof,spoof,test,data/subset_g711/LA_test_LA_T_6962997_g711.wav,g711_8khz
data/subset_g711/LA_train_LA_T_4973732_g711.wav,LA,LA_0081,A01,spoof,spoof,train,data/subset_g711/LA_train_LA_T_4973732_g711.wav,g711_8khz
data/subset_g711/LA_train_LA_T_9860705_g711.wav,LA,LA_0095,A01,spoof,spoof,train,data/subset_g711/LA_train_LA_T_9860705_g711.wav,g711_8khz
data/subset_g711/LA_train_LA_T_5882239_g711.wav,LA,LA_0087,A02,spoof,spoof,train,data/subset_g711/LA_train_LA_T_5882239_g711.wav,g711_8khz
data/subset_g711/LA_train_LA_T_4583580_g711.wav,LA,LA_0098,A03,spoof,spoof,train,data/subset_g711/LA_train_LA_T_4583580_g711.wav,g711_8khz
data/subset_g711/LA_test_LA_T_5770156_g711.wav,LA,LA_0097,A01,spoof,spoof,test,data/subset_g711/LA_test_LA_T_5770156_g711.wav,g711_8khz
data/subset_g711/LA_train_LA_T_3339466_g711.wav,LA,LA_0091,A05,spoof,spoof,train,data/subset_g711/LA_train_LA_T_3339466_g711.wav,g711_8khz
data/subset_g711/LA_train_LA_T_4506743_g711.wav,LA,LA_0081,A04,spoof,spoof,train,data/subset_g711/LA_train_LA_T_4506743_g711.wav,g711_8khz
data/subset_g711/LA_test_LA_T_3622175_g711.wav,LA,LA_0097,A01,spoof,spoof,test,data/subset_g711/LA_test_LA_T_3622175_g711.wav,g711_8khz
data/subset_g711/LA_test_LA_T_6796337_g711.wav,LA,LA_0097,A03,spoof,spoof,test,data/subset_g711/LA_test_LA_T_6796337_g711.wav,g711_8khz
data/subset_g711/LA_train_LA_T_1471299_g711.wav,LA,LA_0094,A02,spoof,spoof,train,data/subset_g711/LA_train_LA_T_1471299_g711.wav,g711_8khz
data/subset_g711/LA_test_LA_T_9858769_g711.wav,LA,LA_0086,A06,spoof,spoof,test,data/subset_g711/LA_test_LA_T_9858769_g711.wav,g711_8khz
data/subset_g711/LA_train_LA_T_7047656_g711.wav,LA,LA_0090,A01,spoof,spoof,train,data/subset_g711/LA_train_LA_T_7047656_g711.wav,g711_8khz
data/subset_g711/LA_train_LA_T_4195301_g711.wav,LA,LA_0084,A02,spoof,spoof,train,data/subset_g711/LA_train_LA_T_4195301_g711.wav,g711_8khz
data/subset_g711/LA_train_LA_T_8588493_g711.wav,LA,LA_0085,A06,spoof,spoof,train,data/subset_g711/LA_train_LA_T_8588493_g711.wav,g711_8khz
data/subset_g711/LA_train_LA_T_5192352_g711.wav,LA,LA_0090,A01,spoof,spoof,train,data/subset_g711/LA_train_LA_T_5192352_g711.wav,g711_8khz
data/subset_g711/LA_train_LA_T_8897417_g711.wav,LA,LA_0087,A02,spoof,spoof,train,data/subset_g711/LA_train_LA_T_8897417_g711.wav,g711_8khz
data/subset_g711/LA_test_LA_T_4769657_g711.wav,LA,LA_0097,A04,spoof,spoof,test,data/subset_g711/LA_test_LA_T_4769657_g711.wav,g711_8khz
data/subset_g711/LA_train_LA_T_8944036_g711.wav,LA,LA_0092,A04,spoof,spoof,train,data/subset_g711/LA_train_LA_T_8944036_g711.wav,g711_8khz
data/subset_g711/LA_train_LA_T_5415449_g711.wav,LA,LA_0095,A04,spoof,spoof,train,data/subset_g711/LA_train_LA_T_5415449_g711.wav,g711_8khz
data/subset_g711/LA_train_LA_T_2084488_g711.wav,LA,LA_0085,A03,spoof,spoof,train,data/subset_g711/LA_train_LA_T_2084488_g711.wav,g711_8khz
data/subset_g711/LA_test_LA_T_2618857_g711.wav,LA,LA_0093,A03,spoof,spoof,test,data/subset_g711/LA_test_LA_T_2618857_g711.wav,g711_8khz
data/subset_g711/LA_train_LA_T_6749249_g711.wav,LA,LA_0084,A06,spoof,spoof,train,data/subset_g711/LA_train_LA_T_6749249_g711.wav,g711_8khz
data/subset_g711/LA_train_LA_T_3652205_g711.wav,LA,LA_0095,A02,spoof,spoof,train,data/subset_g711/LA_train_LA_T_3652205_g711.wav,g711_8khz
data/subset_g711/LA_train_LA_T_2977629_g711.wav,LA,LA_0085,A01,spoof,spoof,train,data/subset_g711/LA_train_LA_T_2977629_g711.wav,g711_8khz
data/subset_g711/LA_train_LA_T_2582329_g711.wav,LA,LA_0084,A04,spoof,spoof,train,data/subset_g711/LA_train_LA_T_2582329_g711.wav,g711_8khz
data/subset_g711/LA_train_LA_T_4880191_g711.wav,LA,LA_0095,A01,spoof,spoof,train,data/subset_g711/LA_train_LA_T_4880191_g711.wav,g711_8khz
data/subset_g711/LA_train_LA_T_9017192_g711.wav,LA,LA_0090,A04,spoof,spoof,train,data/subset_g711/LA_train_LA_T_9017192_g711.wav,g711_8khz
data/subset_g711/LA_train_LA_T_6834916_g711.wav,LA,LA_0088,A01,spoof,spoof,train,data/subset_g711/LA_train_LA_T_6834916_g711.wav,g711_8khz
data/subset_g711/LA_train_LA_T_9754738_g711.wav,LA,LA_0098,A02,spoof,spoof,train,data/subset_g711/LA_train_LA_T_9754738_g711.wav,g711_8khz
data/subset_g711/LA_train_LA_T_2307363_g711.wav,LA,LA_0092,A04,spoof,spoof,train,data/subset_g711/LA_train_LA_T_2307363_g711.wav,g711_8khz
data/subset_g711/LA_test_LA_T_5832521_g711.wav,LA,LA_0093,A01,spoof,spoof,test,data/subset_g711/LA_test_LA_T_5832521_g711.wav,g711_8khz
data/subset_g711/LA_test_LA_T_6051675_g711.wav,LA,LA_0086,A06,spoof,spoof,test,data/subset_g711/LA_test_LA_T_6051675_g711.wav,g711_8khz
data/subset_g711/PA_train_PA_T_0002477_g711.wav,PA,PA_0086,-,bonafide,bonafide,train,data/subset_g711/PA_train_PA_T_0002477_g711.wav,g711_8khz
data/subset_g711/PA_train_PA_T_0001048_g711.wav,PA,PA_0083,-,bonafide,bonafide,train,data/subset_g711/PA_train_PA_T_0001048_g711.wav,g711_8khz
data/subset_g711/PA_train_PA_T_0003165_g711.wav,PA,PA_0095,-,bonafide,bonafide,train,data/subset_g711/PA_train_PA_T_0003165_g711.wav,g711_8khz
data/subset_g711/PA_train_PA_T_0002373_g711.wav,PA,PA_0096,-,bonafide,bonafide,train,data/subset_g711/PA_train_PA_T_0002373_g711.wav,g711_8khz
data/subset_g711/PA_train_PA_T_0002108_g711.wav,PA,PA_0089,-,bonafide,bonafide,train,data/subset_g711/PA_train_PA_T_0002108_g711.wav,g711_8khz
data/subset_g711/PA_train_PA_T_0001504_g711.wav,PA,PA_0089,-,bonafide,bonafide,train,data/subset_g711/PA_train_PA_T_0001504_g711.wav,g711_8khz
data/subset_g711/PA_train_PA_T_0004520_g711.wav,PA,PA_0090,-,bonafide,bonafide,train,data/subset_g711/PA_train_PA_T_0004520_g711.wav,g711_8khz
data/subset_g711/PA_train_PA_T_0001346_g711.wav,PA,PA_0093,-,bonafide,bonafide,train,data/subset_g711/PA_train_PA_T_0001346_g711.wav,g711_8khz
data/subset_g711/PA_val_PA_T_0001221_g711.wav,PA,PA_0081,-,bonafide,bonafide,val,data/subset_g711/PA_val_PA_T_0001221_g711.wav,g711_8khz
data/subset_g711/PA_val_PA_T_0001823_g711.wav,PA,PA_0081,-,bonafide,bonafide,val,data/subset_g711/PA_val_PA_T_0001823_g711.wav,g711_8khz
data/subset_g711/PA_train_PA_T_0002863_g711.wav,PA,PA_0085,-,bonafide,bonafide,train,data/subset_g711/PA_train_PA_T_0002863_g711.wav,g711_8khz
data/subset_g711/PA_train_PA_T_0002536_g711.wav,PA,PA_0092,-,bonafide,bonafide,train,data/subset_g711/PA_train_PA_T_0002536_g711.wav,g711_8khz
data/subset_g711/PA_val_PA_T_0000034_g711.wav,PA,PA_0082,-,bonafide,bonafide,val,data/subset_g711/PA_val_PA_T_0000034_g711.wav,g711_8khz
data/subset_g711/PA_train_PA_T_0003502_g711.wav,PA,PA_0089,-,bonafide,bonafide,train,data/subset_g711/PA_train_PA_T_0003502_g711.wav,g711_8khz
data/subset_g711/PA_test_PA_T_0002681_g711.wav,PA,PA_0087,-,bonafide,bonafide,test,data/subset_g711/PA_test_PA_T_0002681_g711.wav,g711_8khz
data/subset_g711/PA_test_PA_T_0002883_g711.wav,PA,PA_0087,-,bonafide,bonafide,test,data/subset_g711/PA_test_PA_T_0002883_g711.wav,g711_8khz
data/subset_g711/PA_train_PA_T_0000777_g711.wav,PA,PA_0096,-,bonafide,bonafide,train,data/subset_g711/PA_train_PA_T_0000777_g711.wav,g711_8khz
data/subset_g711/PA_train_PA_T_0001514_g711.wav,PA,PA_0090,-,bonafide,bonafide,train,data/subset_g711/PA_train_PA_T_0001514_g711.wav,g711_8khz
data/subset_g711/PA_val_PA_T_0002823_g711.wav,PA,PA_0081,-,bonafide,bonafide,val,data/subset_g711/PA_val_PA_T_0002823_g711.wav,g711_8khz
data/subset_g711/PA_train_PA_T_0002466_g711.wav,PA,PA_0085,-,bonafide,bonafide,train,data/subset_g711/PA_train_PA_T_0002466_g711.wav,g711_8khz
data/subset_g711/PA_train_PA_T_0002743_g711.wav,PA,PA_0093,-,bonafide,bonafide,train,data/subset_g711/PA_train_PA_T_0002743_g711.wav,g711_8khz
data/subset_g711/PA_train_PA_T_0002064_g711.wav,PA,PA_0085,-,bonafide,bonafide,train,data/subset_g711/PA_train_PA_T_0002064_g711.wav,g711_8khz
data/subset_g711/PA_train_PA_T_0003138_g711.wav,PA,PA_0092,-,bonafide,bonafide,train,data/subset_g711/PA_train_PA_T_0003138_g711.wav,g711_8khz
data/subset_g711/PA_test_PA_T_0002803_g711.wav,PA,PA_0079,-,bonafide,bonafide,test,data/subset_g711/PA_test_PA_T_0002803_g711.wav,g711_8khz
data/subset_g711/PA_train_PA_T_0003816_g711.wav,PA,PA_0080,-,bonafide,bonafide,train,data/subset_g711/PA_train_PA_T_0003816_g711.wav,g711_8khz
data/subset_g711/PA_train_PA_T_0001540_g711.wav,PA,PA_0092,-,bonafide,bonafide,train,data/subset_g711/PA_train_PA_T_0001540_g711.wav,g711_8khz
data/subset_g711/PA_test_PA_T_0000085_g711.wav,PA,PA_0087,-,bonafide,bonafide,test,data/subset_g711/PA_test_PA_T_0000085_g711.wav,g711_8khz
data/subset_g711/PA_test_PA_T_0005003_g711.wav,PA,PA_0079,-,bonafide,bonafide,test,data/subset_g711/PA_test_PA_T_0005003_g711.wav,g711_8khz
data/subset_g711/PA_train_PA_T_0003263_g711.wav,PA,PA_0085,-,bonafide,bonafide,train,data/subset_g711/PA_train_PA_T_0003263_g711.wav,g711_8khz
data/subset_g711/PA_train_PA_T_0005020_g711.wav,PA,PA_0080,-,bonafide,bonafide,train,data/subset_g711/PA_train_PA_T_0005020_g711.wav,g711_8khz
data/subset_g711/PA_test_PA_T_0004487_g711.wav,PA,PA_0087,-,bonafide,bonafide,test,data/subset_g711/PA_test_PA_T_0004487_g711.wav,g711_8khz
data/subset_g711/PA_train_PA_T_0003251_g711.wav,PA,PA_0084,-,bonafide,bonafide,train,data/subset_g711/PA_train_PA_T_0003251_g711.wav,g711_8khz
data/subset_g711/PA_train_PA_T_0002246_g711.wav,PA,PA_0083,-,bonafide,bonafide,train,data/subset_g711/PA_train_PA_T_0002246_g711.wav,g711_8khz
data/subset_g711/PA_train_PA_T_0004714_g711.wav,PA,PA_0090,-,bonafide,bonafide,train,data/subset_g711/PA_train_PA_T_0004714_g711.wav,g711_8khz
data/subset_g711/PA_train_PA_T_0001908_g711.wav,PA,PA_0089,-,bonafide,bonafide,train,data/subset_g711/PA_train_PA_T_0001908_g711.wav,g711_8khz
data/subset_g711/PA_train_PA_T_0003244_g711.wav,PA,PA_0083,-,bonafide,bonafide,train,data/subset_g711/PA_train_PA_T_0003244_g711.wav,g711_8khz
data/subset_g711/PA_val_PA_T_0005032_g711.wav,PA,PA_0082,-,bonafide,bonafide,val,data/subset_g711/PA_val_PA_T_0005032_g711.wav,g711_8khz
data/subset_g711/PA_train_PA_T_0005370_g711.wav,PA,PA_0095,-,bonafide,bonafide,train,data/subset_g711/PA_train_PA_T_0005370_g711.wav,g711_8khz
data/subset_g711/PA_train_PA_T_0001731_g711.wav,PA,PA_0092,-,bonafide,bonafide,train,data/subset_g711/PA_train_PA_T_0001731_g711.wav,g711_8khz
data/subset_g711/PA_test_PA_T_0000009_g711.wav,PA,PA_0079,-,bonafide,bonafide,test,data/subset_g711/PA_test_PA_T_0000009_g711.wav,g711_8khz
data/subset_g711/PA_train_PA_T_0001545_g711.wav,PA,PA_0093,-,bonafide,bonafide,train,data/subset_g711/PA_train_PA_T_0001545_g711.wav,g711_8khz
data/subset_g711/PA_train_PA_T_0005319_g711.wav,PA,PA_0090,-,bonafide,bonafide,train,data/subset_g711/PA_train_PA_T_0005319_g711.wav,g711_8khz
data/subset_g711/PA_train_PA_T_0004845_g711.wav,PA,PA_0083,-,bonafide,bonafide,train,data/subset_g711/PA_train_PA_T_0004845_g711.wav,g711_8khz
data/subset_g711/PA_train_PA_T_0000997_g711.wav,PA,PA_0098,-,bonafide,bonafide,train,data/subset_g711/PA_train_PA_T_0000997_g711.wav,g711_8khz
data/subset_g711/PA_train_PA_T_0001394_g711.wav,PA,PA_0098,-,bonafide,bonafide,train,data/subset_g711/PA_train_PA_T_0001394_g711.wav,g711_8khz
data/subset_g711/PA_train_PA_T_0003494_g711.wav,PA,PA_0088,-,bonafide,bonafide,train,data/subset_g711/PA_train_PA_T_0003494_g711.wav,g711_8khz
data/subset_g711/PA_test_PA_T_0000382_g711.wav,PA,PA_0097,-,bonafide,bonafide,test,data/subset_g711/PA_test_PA_T_0000382_g711.wav,g711_8khz
data/subset_g711/PA_test_PA_T_0004786_g711.wav,PA,PA_0097,-,bonafide,bonafide,test,data/subset_g711/PA_test_PA_T_0004786_g711.wav,g711_8khz
data/subset_g711/PA_train_PA_T_0003711_g711.wav,PA,PA_0090,-,bonafide,bonafide,train,data/subset_g711/PA_train_PA_T_0003711_g711.wav,g711_8khz
data/subset_g711/PA_val_PA_T_0002437_g711.wav,PA,PA_0082,-,bonafide,bonafide,val,data/subset_g711/PA_val_PA_T_0002437_g711.wav,g711_8khz
data/subset_g711/PA_train_PA_T_0001050_g711.wav,PA,PA_0083,-,bonafide,bonafide,train,data/subset_g711/PA_train_PA_T_0001050_g711.wav,g711_8khz
data/subset_g711/PA_test_PA_T_0003410_g711.wav,PA,PA_0079,-,bonafide,bonafide,test,data/subset_g711/PA_test_PA_T_0003410_g711.wav,g711_8khz
data/subset_g711/PA_train_PA_T_0002105_g711.wav,PA,PA_0089,-,bonafide,bonafide,train,data/subset_g711/PA_train_PA_T_0002105_g711.wav,g711_8khz
data/subset_g711/PA_test_PA_T_0001783_g711.wav,PA,PA_0097,-,bonafide,bonafide,test,data/subset_g711/PA_test_PA_T_0001783_g711.wav,g711_8khz
data/subset_g711/PA_val_PA_T_0003122_g711.wav,PA,PA_0091,-,bonafide,bonafide,val,data/subset_g711/PA_val_PA_T_0003122_g711.wav,g711_8khz
data/subset_g711/PA_train_PA_T_0004613_g711.wav,PA,PA_0080,-,bonafide,bonafide,train,data/subset_g711/PA_train_PA_T_0004613_g711.wav,g711_8khz
data/subset_g711/PA_train_PA_T_0002703_g711.wav,PA,PA_0089,-,bonafide,bonafide,train,data/subset_g711/PA_train_PA_T_0002703_g711.wav,g711_8khz
data/subset_g711/PA_test_PA_T_0004389_g711.wav,PA,PA_0097,-,bonafide,bonafide,test,data/subset_g711/PA_test_PA_T_0004389_g711.wav,g711_8khz
data/subset_g711/PA_train_PA_T_0001895_g711.wav,PA,PA_0088,-,bonafide,bonafide,train,data/subset_g711/PA_train_PA_T_0001895_g711.wav,g711_8khz
data/subset_g711/PA_train_PA_T_0004862_g711.wav,PA,PA_0085,-,bonafide,bonafide,train,data/subset_g711/PA_train_PA_T_0004862_g711.wav,g711_8khz
data/subset_g711/PA_train_PA_T_0001398_g711.wav,PA,PA_0098,-,bonafide,bonafide,train,data/subset_g711/PA_train_PA_T_0001398_g711.wav,g711_8khz
data/subset_g711/PA_train_PA_T_0003258_g711.wav,PA,PA_0084,-,bonafide,bonafide,train,data/subset_g711/PA_train_PA_T_0003258_g711.wav,g711_8khz
data/subset_g711/PA_train_PA_T_0004400_g711.wav,PA,PA_0098,-,bonafide,bonafide,train,data/subset_g711/PA_train_PA_T_0004400_g711.wav,g711_8khz
data/subset_g711/PA_train_PA_T_0003291_g711.wav,PA,PA_0088,-,bonafide,bonafide,train,data/subset_g711/PA_train_PA_T_0003291_g711.wav,g711_8khz
data/subset_g711/PA_train_PA_T_0003471_g711.wav,PA,PA_0086,-,bonafide,bonafide,train,data/subset_g711/PA_train_PA_T_0003471_g711.wav,g711_8khz
data/subset_g711/PA_train_PA_T_0001879_g711.wav,PA,PA_0086,-,bonafide,bonafide,train,data/subset_g711/PA_train_PA_T_0001879_g711.wav,g711_8khz
data/subset_g711/PA_train_PA_T_0004567_g711.wav,PA,PA_0095,-,bonafide,bonafide,train,data/subset_g711/PA_train_PA_T_0004567_g711.wav,g711_8khz
data/subset_g711/PA_train_PA_T_0000506_g711.wav,PA,PA_0089,-,bonafide,bonafide,train,data/subset_g711/PA_train_PA_T_0000506_g711.wav,g711_8khz
data/subset_g711/PA_val_PA_T_0000839_g711.wav,PA,PA_0082,-,bonafide,bonafide,val,data/subset_g711/PA_val_PA_T_0000839_g711.wav,g711_8khz
data/subset_g711/PA_train_PA_T_0000133_g711.wav,PA,PA_0092,-,bonafide,bonafide,train,data/subset_g711/PA_train_PA_T_0000133_g711.wav,g711_8khz
data/subset_g711/PA_train_PA_T_0002645_g711.wav,PA,PA_0083,-,bonafide,bonafide,train,data/subset_g711/PA_train_PA_T_0002645_g711.wav,g711_8khz
data/subset_g711/PA_test_PA_T_0001601_g711.wav,PA,PA_0079,-,bonafide,bonafide,test,data/subset_g711/PA_test_PA_T_0001601_g711.wav,g711_8khz
data/subset_g711/PA_train_PA_T_0000280_g711.wav,PA,PA_0086,-,bonafide,bonafide,train,data/subset_g711/PA_train_PA_T_0000280_g711.wav,g711_8khz
data/subset_g711/PA_train_PA_T_0000857_g711.wav,PA,PA_0084,-,bonafide,bonafide,train,data/subset_g711/PA_train_PA_T_0000857_g711.wav,g711_8khz
data/subset_g711/PA_train_PA_T_0000945_g711.wav,PA,PA_0093,-,bonafide,bonafide,train,data/subset_g711/PA_train_PA_T_0000945_g711.wav,g711_8khz
data/subset_g711/PA_train_PA_T_0003254_g711.wav,PA,PA_0084,-,bonafide,bonafide,train,data/subset_g711/PA_train_PA_T_0003254_g711.wav,g711_8khz
data/subset_g711/PA_test_PA_T_0002982_g711.wav,PA,PA_0097,-,bonafide,bonafide,test,data/subset_g711/PA_test_PA_T_0002982_g711.wav,g711_8khz
data/subset_g711/PA_train_PA_T_0001096_g711.wav,PA,PA_0088,-,bonafide,bonafide,train,data/subset_g711/PA_train_PA_T_0001096_g711.wav,g711_8khz
data/subset_g711/PA_train_PA_T_0002997_g711.wav,PA,PA_0098,-,bonafide,bonafide,train,data/subset_g711/PA_train_PA_T_0002997_g711.wav,g711_8khz
data/subset_g711/PA_train_PA_T_0001704_g711.wav,PA,PA_0089,-,bonafide,bonafide,train,data/subset_g711/PA_train_PA_T_0001704_g711.wav,g711_8khz
data/subset_g711/PA_train_PA_T_0001617_g711.wav,PA,PA_0080,-,bonafide,bonafide,train,data/subset_g711/PA_train_PA_T_0001617_g711.wav,g711_8khz
data/subset_g711/PA_train_PA_T_0001095_g711.wav,PA,PA_0088,-,bonafide,bonafide,train,data/subset_g711/PA_train_PA_T_0001095_g711.wav,g711_8khz
data/subset_g711/PA_train_PA_T_0000249_g711.wav,PA,PA_0083,-,bonafide,bonafide,train,data/subset_g711/PA_train_PA_T_0000249_g711.wav,g711_8khz
data/subset_g711/PA_train_PA_T_0003772_g711.wav,PA,PA_0096,-,bonafide,bonafide,train,data/subset_g711/PA_train_PA_T_0003772_g711.wav,g711_8khz
data/subset_g711/PA_train_PA_T_0001878_g711.wav,PA,PA_0086,-,bonafide,bonafide,train,data/subset_g711/PA_train_PA_T_0001878_g711.wav,g711_8khz
data/subset_g711/PA_train_PA_T_0002312_g711.wav,PA,PA_0090,-,bonafide,bonafide,train,data/subset_g711/PA_train_PA_T_0002312_g711.wav,g711_8khz
data/subset_g711/PA_train_PA_T_0005013_g711.wav,PA,PA_0080,-,bonafide,bonafide,train,data/subset_g711/PA_train_PA_T_0005013_g711.wav,g711_8khz
data/subset_g711/PA_train_PA_T_0003667_g711.wav,PA,PA_0085,-,bonafide,bonafide,train,data/subset_g711/PA_train_PA_T_0003667_g711.wav,g711_8khz
data/subset_g711/PA_train_PA_T_0003218_g711.wav,PA,PA_0080,-,bonafide,bonafide,train,data/subset_g711/PA_train_PA_T_0003218_g711.wav,g711_8khz
data/subset_g711/PA_train_PA_T_0003316_g711.wav,PA,PA_0090,-,bonafide,bonafide,train,data/subset_g711/PA_train_PA_T_0003316_g711.wav,g711_8khz
data/subset_g711/PA_train_PA_T_0004747_g711.wav,PA,PA_0093,-,bonafide,bonafide,train,data/subset_g711/PA_train_PA_T_0004747_g711.wav,g711_8khz
data/subset_g711/PA_train_PA_T_0003476_g711.wav,PA,PA_0086,-,bonafide,bonafide,train,data/subset_g711/PA_train_PA_T_0003476_g711.wav,g711_8khz
data/subset_g711/PA_train_PA_T_0005300_g711.wav,PA,PA_0088,-,bonafide,bonafide,train,data/subset_g711/PA_train_PA_T_0005300_g711.wav,g711_8khz
data/subset_g711/PA_train_PA_T_0003048_g711.wav,PA,PA_0083,-,bonafide,bonafide,train,data/subset_g711/PA_train_PA_T_0003048_g711.wav,g711_8khz
data/subset_g711/PA_train_PA_T_0005303_g711.wav,PA,PA_0089,-,bonafide,bonafide,train,data/subset_g711/PA_train_PA_T_0005303_g711.wav,g711_8khz
data/subset_g711/PA_val_PA_T_0000024_g711.wav,PA,PA_0081,-,bonafide,bonafide,val,data/subset_g711/PA_val_PA_T_0000024_g711.wav,g711_8khz
data/subset_g711/PA_train_PA_T_0000417_g711.wav,PA,PA_0080,-,bonafide,bonafide,train,data/subset_g711/PA_train_PA_T_0000417_g711.wav,g711_8khz
data/subset_g711/PA_test_PA_T_0002587_g711.wav,PA,PA_0097,-,bonafide,bonafide,test,data/subset_g711/PA_test_PA_T_0002587_g711.wav,g711_8khz
data/subset_g711/PA_train_PA_T_0000241_g711.wav,PA,PA_0083,-,bonafide,bonafide,train,data/subset_g711/PA_train_PA_T_0000241_g711.wav,g711_8khz
data/subset_g711/PA_train_PA_T_0003976_g711.wav,PA,PA_0096,-,bonafide,bonafide,train,data/subset_g711/PA_train_PA_T_0003976_g711.wav,g711_8khz
data/subset_g711/PA_train_PA_T_0001118_g711.wav,PA,PA_0090,-,bonafide,bonafide,train,data/subset_g711/PA_train_PA_T_0001118_g711.wav,g711_8khz
data/subset_g711/PA_test_PA_T_0003608_g711.wav,PA,PA_0079,-,bonafide,bonafide,test,data/subset_g711/PA_test_PA_T_0003608_g711.wav,g711_8khz
data/subset_g711/PA_train_PA_T_0004246_g711.wav,PA,PA_0083,-,bonafide,bonafide,train,data/subset_g711/PA_train_PA_T_0004246_g711.wav,g711_8khz
data/subset_g711/PA_train_PA_T_0004255_g711.wav,PA,PA_0084,-,bonafide,bonafide,train,data/subset_g711/PA_train_PA_T_0004255_g711.wav,g711_8khz
data/subset_g711/PA_test_PA_T_0004589_g711.wav,PA,PA_0097,-,bonafide,bonafide,test,data/subset_g711/PA_test_PA_T_0004589_g711.wav,g711_8khz
data/subset_g711/PA_val_PA_T_0002926_g711.wav,PA,PA_0091,-,bonafide,bonafide,val,data/subset_g711/PA_val_PA_T_0002926_g711.wav,g711_8khz
data/subset_g711/PA_train_PA_T_0000016_g711.wav,PA,PA_0080,-,bonafide,bonafide,train,data/subset_g711/PA_train_PA_T_0000016_g711.wav,g711_8khz
data/subset_g711/PA_val_PA_T_0004956_g711.wav,PA,PA_0094,-,bonafide,bonafide,val,data/subset_g711/PA_val_PA_T_0004956_g711.wav,g711_8khz
data/subset_g711/PA_train_PA_T_0000080_g711.wav,PA,PA_0086,-,bonafide,bonafide,train,data/subset_g711/PA_train_PA_T_0000080_g711.wav,g711_8khz
data/subset_g711/PA_val_PA_T_0004129_g711.wav,PA,PA_0091,-,bonafide,bonafide,val,data/subset_g711/PA_val_PA_T_0004129_g711.wav,g711_8khz
data/subset_g711/PA_train_PA_T_0000766_g711.wav,PA,PA_0095,-,bonafide,bonafide,train,data/subset_g711/PA_train_PA_T_0000766_g711.wav,g711_8khz
data/subset_g711/PA_val_PA_T_0004721_g711.wav,PA,PA_0091,-,bonafide,bonafide,val,data/subset_g711/PA_val_PA_T_0004721_g711.wav,g711_8khz
data/subset_g711/PA_train_PA_T_0001880_g711.wav,PA,PA_0086,-,bonafide,bonafide,train,data/subset_g711/PA_train_PA_T_0001880_g711.wav,g711_8khz
data/subset_g711/PA_train_PA_T_0000297_g711.wav,PA,PA_0088,-,bonafide,bonafide,train,data/subset_g711/PA_train_PA_T_0000297_g711.wav,g711_8khz
data/subset_g711/PA_test_PA_T_0003008_g711.wav,PA,PA_0079,-,bonafide,bonafide,test,data/subset_g711/PA_test_PA_T_0003008_g711.wav,g711_8khz
data/subset_g711/PA_train_PA_T_0000316_g711.wav,PA,PA_0090,-,bonafide,bonafide,train,data/subset_g711/PA_train_PA_T_0000316_g711.wav,g711_8khz
data/subset_g711/PA_test_PA_T_0003987_g711.wav,PA,PA_0097,-,bonafide,bonafide,test,data/subset_g711/PA_test_PA_T_0003987_g711.wav,g711_8khz
data/subset_g711/PA_test_PA_T_0001189_g711.wav,PA,PA_0097,-,bonafide,bonafide,test,data/subset_g711/PA_test_PA_T_0001189_g711.wav,g711_8khz
data/subset_g711/PA_train_PA_T_0001733_g711.wav,PA,PA_0092,-,bonafide,bonafide,train,data/subset_g711/PA_train_PA_T_0001733_g711.wav,g711_8khz
data/subset_g711/PA_train_PA_T_0000298_g711.wav,PA,PA_0088,-,bonafide,bonafide,train,data/subset_g711/PA_train_PA_T_0000298_g711.wav,g711_8khz
data/subset_g711/PA_train_PA_T_0000578_g711.wav,PA,PA_0096,-,bonafide,bonafide,train,data/subset_g711/PA_train_PA_T_0000578_g711.wav,g711_8khz
data/subset_g711/PA_train_PA_T_0000473_g711.wav,PA,PA_0086,-,bonafide,bonafide,train,data/subset_g711/PA_train_PA_T_0000473_g711.wav,g711_8khz
data/subset_g711/PA_train_PA_T_0001667_g711.wav,PA,PA_0085,-,bonafide,bonafide,train,data/subset_g711/PA_train_PA_T_0001667_g711.wav,g711_8khz
data/subset_g711/PA_train_PA_T_0004509_g711.wav,PA,PA_0089,-,bonafide,bonafide,train,data/subset_g711/PA_train_PA_T_0004509_g711.wav,g711_8khz
data/subset_g711/PA_train_PA_T_0003769_g711.wav,PA,PA_0095,-,bonafide,bonafide,train,data/subset_g711/PA_train_PA_T_0003769_g711.wav,g711_8khz
data/subset_g711/PA_train_PA_T_0000469_g711.wav,PA,PA_0085,-,bonafide,bonafide,train,data/subset_g711/PA_train_PA_T_0000469_g711.wav,g711_8khz
data/subset_g711/PA_train_PA_T_0004661_g711.wav,PA,PA_0085,-,bonafide,bonafide,train,data/subset_g711/PA_train_PA_T_0004661_g711.wav,g711_8khz
data/subset_g711/PA_val_PA_T_0004025_g711.wav,PA,PA_0081,-,bonafide,bonafide,val,data/subset_g711/PA_val_PA_T_0004025_g711.wav,g711_8khz
data/subset_g711/PA_val_PA_T_0001729_g711.wav,PA,PA_0091,-,bonafide,bonafide,val,data/subset_g711/PA_val_PA_T_0001729_g711.wav,g711_8khz
data/subset_g711/PA_train_PA_T_0004819_g711.wav,PA,PA_0080,-,bonafide,bonafide,train,data/subset_g711/PA_train_PA_T_0004819_g711.wav,g711_8khz
data/subset_g711/PA_val_PA_T_0003439_g711.wav,PA,PA_0082,-,bonafide,bonafide,val,data/subset_g711/PA_val_PA_T_0003439_g711.wav,g711_8khz
data/subset_g711/PA_val_PA_T_0004959_g711.wav,PA,PA_0094,-,bonafide,bonafide,val,data/subset_g711/PA_val_PA_T_0004959_g711.wav,g711_8khz
data/subset_g711/PA_val_PA_T_0001323_g711.wav,PA,PA_0091,-,bonafide,bonafide,val,data/subset_g711/PA_val_PA_T_0001323_g711.wav,g711_8khz
data/subset_g711/PA_train_PA_T_0004861_g711.wav,PA,PA_0085,-,bonafide,bonafide,train,data/subset_g711/PA_train_PA_T_0004861_g711.wav,g711_8khz
data/subset_g711/PA_train_PA_T_0000168_g711.wav,PA,PA_0095,-,bonafide,bonafide,train,data/subset_g711/PA_train_PA_T_0000168_g711.wav,g711_8khz
data/subset_g711/PA_train_PA_T_0002276_g711.wav,PA,PA_0086,-,bonafide,bonafide,train,data/subset_g711/PA_train_PA_T_0002276_g711.wav,g711_8khz
data/subset_g711/PA_train_PA_T_0000706_g711.wav,PA,PA_0089,-,bonafide,bonafide,train,data/subset_g711/PA_train_PA_T_0000706_g711.wav,g711_8khz
data/subset_g711/PA_train_PA_T_0005150_g711.wav,PA,PA_0093,-,bonafide,bonafide,train,data/subset_g711/PA_train_PA_T_0005150_g711.wav,g711_8khz
data/subset_g711/PA_train_PA_T_0001892_g711.wav,PA,PA_0088,-,bonafide,bonafide,train,data/subset_g711/PA_train_PA_T_0001892_g711.wav,g711_8khz
data/subset_g711/PA_train_PA_T_0000912_g711.wav,PA,PA_0090,-,bonafide,bonafide,train,data/subset_g711/PA_train_PA_T_0000912_g711.wav,g711_8khz
data/subset_g711/PA_val_PA_T_0001631_g711.wav,PA,PA_0082,-,bonafide,bonafide,val,data/subset_g711/PA_val_PA_T_0001631_g711.wav,g711_8khz
data/subset_g711/PA_train_PA_T_0003448_g711.wav,PA,PA_0083,-,bonafide,bonafide,train,data/subset_g711/PA_train_PA_T_0003448_g711.wav,g711_8khz
data/subset_g711/PA_train_PA_T_0004167_g711.wav,PA,PA_0095,-,bonafide,bonafide,train,data/subset_g711/PA_train_PA_T_0004167_g711.wav,g711_8khz
data/subset_g711/PA_train_PA_T_0003947_g711.wav,PA,PA_0093,-,bonafide,bonafide,train,data/subset_g711/PA_train_PA_T_0003947_g711.wav,g711_8khz
data/subset_g711/PA_val_PA_T_0001521_g711.wav,PA,PA_0091,-,bonafide,bonafide,val,data/subset_g711/PA_val_PA_T_0001521_g711.wav,g711_8khz
data/subset_g711/PA_train_PA_T_0003312_g711.wav,PA,PA_0090,-,bonafide,bonafide,train,data/subset_g711/PA_train_PA_T_0003312_g711.wav,g711_8khz
data/subset_g711/PA_train_PA_T_0003948_g711.wav,PA,PA_0093,-,bonafide,bonafide,train,data/subset_g711/PA_train_PA_T_0003948_g711.wav,g711_8khz
data/subset_g711/PA_val_PA_T_0004924_g711.wav,PA,PA_0091,-,bonafide,bonafide,val,data/subset_g711/PA_val_PA_T_0004924_g711.wav,g711_8khz
data/subset_g711/PA_train_PA_T_0003820_g711.wav,PA,PA_0080,-,bonafide,bonafide,train,data/subset_g711/PA_train_PA_T_0003820_g711.wav,g711_8khz
data/subset_g711/PA_train_PA_T_0003940_g711.wav,PA,PA_0092,-,bonafide,bonafide,train,data/subset_g711/PA_train_PA_T_0003940_g711.wav,g711_8khz
data/subset_g711/PA_val_PA_T_0041647_g711.wav,PA,PA_0082,AC,spoof,spoof,val,data/subset_g711/PA_val_PA_T_0041647_g711.wav,g711_8khz
data/subset_g711/PA_val_PA_T_0017667_g711.wav,PA,PA_0082,BC,spoof,spoof,val,data/subset_g711/PA_val_PA_T_0017667_g711.wav,g711_8khz
data/subset_g711/PA_test_PA_T_0051297_g711.wav,PA,PA_0079,BB,spoof,spoof,test,data/subset_g711/PA_test_PA_T_0051297_g711.wav,g711_8khz
data/subset_g711/PA_train_PA_T_0046332_g711.wav,PA,PA_0085,CA,spoof,spoof,train,data/subset_g711/PA_train_PA_T_0046332_g711.wav,g711_8khz
data/subset_g711/PA_val_PA_T_0053351_g711.wav,PA,PA_0091,CA,spoof,spoof,val,data/subset_g711/PA_val_PA_T_0053351_g711.wav,g711_8khz
data/subset_g711/PA_test_PA_T_0005405_g711.wav,PA,PA_0079,AA,spoof,spoof,test,data/subset_g711/PA_test_PA_T_0005405_g711.wav,g711_8khz
data/subset_g711/PA_train_PA_T_0050047_g711.wav,PA,PA_0098,CA,spoof,spoof,train,data/subset_g711/PA_train_PA_T_0050047_g711.wav,g711_8khz
data/subset_g711/PA_val_PA_T_0011930_g711.wav,PA,PA_0094,AC,spoof,spoof,val,data/subset_g711/PA_val_PA_T_0011930_g711.wav,g711_8khz
data/subset_g711/PA_train_PA_T_0008803_g711.wav,PA,PA_0089,CB,spoof,spoof,train,data/subset_g711/PA_train_PA_T_0008803_g711.wav,g711_8khz
data/subset_g711/PA_train_PA_T_0037711_g711.wav,PA,PA_0093,CC,spoof,spoof,train,data/subset_g711/PA_train_PA_T_0037711_g711.wav,g711_8khz
data/subset_g711/PA_train_PA_T_0005548_g711.wav,PA,PA_0086,AA,spoof,spoof,train,data/subset_g711/PA_train_PA_T_0005548_g711.wav,g711_8khz
data/subset_g711/PA_train_PA_T_0037438_g711.wav,PA,PA_0095,CB,spoof,spoof,train,data/subset_g711/PA_train_PA_T_0037438_g711.wav,g711_8khz
data/subset_g711/PA_val_PA_T_0048373_g711.wav,PA,PA_0081,CC,spoof,spoof,val,data/subset_g711/PA_val_PA_T_0048373_g711.wav,g711_8khz
data/subset_g711/PA_val_PA_T_0034898_g711.wav,PA,PA_0091,AC,spoof,spoof,val,data/subset_g711/PA_val_PA_T_0034898_g711.wav,g711_8khz
data/subset_g711/PA_test_PA_T_0021773_g711.wav,PA,PA_0087,AA,spoof,spoof,test,data/subset_g711/PA_test_PA_T_0021773_g711.wav,g711_8khz
data/subset_g711/PA_train_PA_T_0048949_g711.wav,PA,PA_0096,AA,spoof,spoof,train,data/subset_g711/PA_train_PA_T_0048949_g711.wav,g711_8khz
data/subset_g711/PA_val_PA_T_0005866_g711.wav,PA,PA_0082,AB,spoof,spoof,val,data/subset_g711/PA_val_PA_T_0005866_g711.wav,g711_8khz
data/subset_g711/PA_val_PA_T_0019912_g711.wav,PA,PA_0082,AB,spoof,spoof,val,data/subset_g711/PA_val_PA_T_0019912_g711.wav,g711_8khz
data/subset_g711/PA_train_PA_T_0025804_g711.wav,PA,PA_0080,BB,spoof,spoof,train,data/subset_g711/PA_train_PA_T_0025804_g711.wav,g711_8khz
data/subset_g711/PA_val_PA_T_0042856_g711.wav,PA,PA_0091,CB,spoof,spoof,val,data/subset_g711/PA_val_PA_T_0042856_g711.wav,g711_8khz
data/subset_g711/PA_val_PA_T_0041073_g711.wav,PA,PA_0082,CB,spoof,spoof,val,data/subset_g711/PA_val_PA_T_0041073_g711.wav,g711_8khz
data/subset_g711/PA_val_PA_T_0017658_g711.wav,PA,PA_0081,BC,spoof,spoof,val,data/subset_g711/PA_val_PA_T_0017658_g711.wav,g711_8khz
data/subset_g711/PA_val_PA_T_0016508_g711.wav,PA,PA_0094,AA,spoof,spoof,val,data/subset_g711/PA_val_PA_T_0016508_g711.wav,g711_8khz
data/subset_g711/PA_train_PA_T_0037707_g711.wav,PA,PA_0092,CC,spoof,spoof,train,data/subset_g711/PA_train_PA_T_0037707_g711.wav,g711_8khz
data/subset_g711/PA_train_PA_T_0022561_g711.wav,PA,PA_0083,AC,spoof,spoof,train,data/subset_g711/PA_train_PA_T_0022561_g711.wav,g711_8khz
data/subset_g711/PA_val_PA_T_0007105_g711.wav,PA,PA_0082,CC,spoof,spoof,val,data/subset_g711/PA_val_PA_T_0007105_g711.wav,g711_8khz
data/subset_g711/PA_train_PA_T_0029424_g711.wav,PA,PA_0089,AC,spoof,spoof,train,data/subset_g711/PA_train_PA_T_0029424_g711.wav,g711_8khz
data/subset_g711/PA_val_PA_T_0034021_g711.wav,PA,PA_0094,CB,spoof,spoof,val,data/subset_g711/PA_val_PA_T_0034021_g711.wav,g711_8khz
data/subset_g711/PA_val_PA_T_0049867_g711.wav,PA,PA_0091,BC,spoof,spoof,val,data/subset_g711/PA_val_PA_T_0049867_g711.wav,g711_8khz
data/subset_g711/PA_train_PA_T_0030793_g711.wav,PA,PA_0088,AB,spoof,spoof,train,data/subset_g711/PA_train_PA_T_0030793_g711.wav,g711_8khz
data/subset_g711/PA_val_PA_T_0047834_g711.wav,PA,PA_0081,CA,spoof,spoof,val,data/subset_g711/PA_val_PA_T_0047834_g711.wav,g711_8khz
data/subset_g711/PA_train_PA_T_0010105_g711.wav,PA,PA_0086,CA,spoof,spoof,train,data/subset_g711/PA_train_PA_T_0010105_g711.wav,g711_8khz
data/subset_g711/PA_val_PA_T_0014821_g711.wav,PA,PA_0094,AC,spoof,spoof,val,data/subset_g711/PA_val_PA_T_0014821_g711.wav,g711_8khz
data/subset_g711/PA_val_PA_T_0008142_g711.wav,PA,PA_0091,BA,spoof,spoof,val,data/subset_g711/PA_val_PA_T_0008142_g711.wav,g711_8khz
data/subset_g711/PA_val_PA_T_0013795_g711.wav,PA,PA_0081,BC,spoof,spoof,val,data/subset_g711/PA_val_PA_T_0013795_g711.wav,g711_8khz
data/subset_g711/PA_train_PA_T_0044738_g711.wav,PA,PA_0086,CB,spoof,spoof,train,data/subset_g711/PA_train_PA_T_0044738_g711.wav,g711_8khz
data/subset_g711/PA_train_PA_T_0050340_g711.wav,PA,PA_0092,CC,spoof,spoof,train,data/subset_g711/PA_train_PA_T_0050340_g711.wav,g711_8khz
data/subset_g711/PA_train_PA_T_0014302_g711.wav,PA,PA_0084,CC,spoof,spoof,train,data/subset_g711/PA_train_PA_T_0014302_g711.wav,g711_8khz
data/subset_g711/PA_val_PA_T_0021501_g711.wav,PA,PA_0091,CC,spoof,spoof,val,data/subset_g711/PA_val_PA_T_0021501_g711.wav,g711_8khz
data/subset_g711/PA_test_PA_T_0034587_g711.wav,PA,PA_0087,AB,spoof,spoof,test,data/subset_g711/PA_test_PA_T_0034587_g711.wav,g711_8khz
data/subset_g711/PA_test_PA_T_0018252_g711.wav,PA,PA_0079,AB,spoof,spoof,test,data/subset_g711/PA_test_PA_T_0018252_g711.wav,g711_8khz
data/subset_g711/PA_val_PA_T_0019347_g711.wav,PA,PA_0091,BC,spoof,spoof,val,data/subset_g711/PA_val_PA_T_0019347_g711.wav,g711_8khz
data/subset_g711/PA_train_PA_T_0053638_g711.wav,PA,PA_0092,CB,spoof,spoof,train,data/subset_g711/PA_train_PA_T_0053638_g711.wav,g711_8khz
data/subset_g711/PA_train_PA_T_0034066_g711.wav,PA,PA_0080,CC,spoof,spoof,train,data/subset_g711/PA_train_PA_T_0034066_g711.wav,g711_8khz
data/subset_g711/PA_train_PA_T_0026834_g711.wav,PA,PA_0088,CC,spoof,spoof,train,data/subset_g711/PA_train_PA_T_0026834_g711.wav,g711_8khz
data/subset_g711/PA_val_PA_T_0049319_g711.wav,PA,PA_0094,AB,spoof,spoof,val,data/subset_g711/PA_val_PA_T_0049319_g711.wav,g711_8khz
data/subset_g711/PA_test_PA_T_0023874_g711.wav,PA,PA_0079,AC,spoof,spoof,test,data/subset_g711/PA_test_PA_T_0023874_g711.wav,g711_8khz
data/subset_g711/PA_val_PA_T_0049893_g711.wav,PA,PA_0081,CA,spoof,spoof,val,data/subset_g711/PA_val_PA_T_0049893_g711.wav,g711_8khz
data/subset_g711/PA_train_PA_T_0036861_g711.wav,PA,PA_0098,BC,spoof,spoof,train,data/subset_g711/PA_train_PA_T_0036861_g711.wav,g711_8khz
data/subset_g711/PA_train_PA_T_0051504_g711.wav,PA,PA_0083,BC,spoof,spoof,train,data/subset_g711/PA_train_PA_T_0051504_g711.wav,g711_8khz
data/subset_g711/PA_val_PA_T_0030047_g711.wav,PA,PA_0082,CA,spoof,spoof,val,data/subset_g711/PA_val_PA_T_0030047_g711.wav,g711_8khz
data/subset_g711/PA_val_PA_T_0018440_g711.wav,PA,PA_0094,AB,spoof,spoof,val,data/subset_g711/PA_val_PA_T_0018440_g711.wav,g711_8khz
data/subset_g711/PA_val_PA_T_0045944_g711.wav,PA,PA_0081,BB,spoof,spoof,val,data/subset_g711/PA_val_PA_T_0045944_g711.wav,g711_8khz
data/subset_g711/PA_train_PA_T_0042083_g711.wav,PA,PA_0088,BB,spoof,spoof,train,data/subset_g711/PA_train_PA_T_0042083_g711.wav,g711_8khz
data/subset_g711/PA_train_PA_T_0029473_g711.wav,PA,PA_0093,AC,spoof,spoof,train,data/subset_g711/PA_train_PA_T_0029473_g711.wav,g711_8khz
data/subset_g711/PA_train_PA_T_0022569_g711.wav,PA,PA_0084,AC,spoof,spoof,train,data/subset_g711/PA_train_PA_T_0022569_g711.wav,g711_8khz
data/subset_g711/PA_train_PA_T_0029792_g711.wav,PA,PA_0090,BB,spoof,spoof,train,data/subset_g711/PA_train_PA_T_0029792_g711.wav,g711_8khz
data/subset_g711/PA_train_PA_T_0007301_g711.wav,PA,PA_0086,AA,spoof,spoof,train,data/subset_g711/PA_train_PA_T_0007301_g711.wav,g711_8khz
data/subset_g711/PA_train_PA_T_0012121_g711.wav,PA,PA_0084,BB,spoof,spoof,train,data/subset_g711/PA_train_PA_T_0012121_g711.wav,g711_8khz
data/subset_g711/PA_val_PA_T_0027255_g711.wav,PA,PA_0091,AA,spoof,spoof,val,data/subset_g711/PA_val_PA_T_0027255_g711.wav,g711_8khz
data/subset_g711/PA_train_PA_T_0018316_g711.wav,PA,PA_0084,AB,spoof,spoof,train,data/subset_g711/PA_train_PA_T_0018316_g711.wav,g711_8khz
data/subset_g711/PA_train_PA_T_0031259_g711.wav,PA,PA_0088,BB,spoof,spoof,train,data/subset_g711/PA_train_PA_T_0031259_g711.wav,g711_8khz
data/subset_g711/PA_val_PA_T_0013106_g711.wav,PA,PA_0081,AC,spoof,spoof,val,data/subset_g711/PA_val_PA_T_0013106_g711.wav,g711_8khz
data/subset_g711/PA_train_PA_T_0013321_g711.wav,PA,PA_0080,BA,spoof,spoof,train,data/subset_g711/PA_train_PA_T_0013321_g711.wav,g711_8khz
data/subset_g711/PA_train_PA_T_0027229_g711.wav,PA,PA_0089,AA,spoof,spoof,train,data/subset_g711/PA_train_PA_T_0027229_g711.wav,g711_8khz
data/subset_g711/PA_test_PA_T_0036693_g711.wav,PA,PA_0097,BB,spoof,spoof,test,data/subset_g711/PA_test_PA_T_0036693_g711.wav,g711_8khz
data/subset_g711/PA_train_PA_T_0039182_g711.wav,PA,PA_0090,BC,spoof,spoof,train,data/subset_g711/PA_train_PA_T_0039182_g711.wav,g711_8khz
data/subset_g711/PA_train_PA_T_0024917_g711.wav,PA,PA_0090,CB,spoof,spoof,train,data/subset_g711/PA_train_PA_T_0024917_g711.wav,g711_8khz
data/subset_g711/PA_train_PA_T_0053347_g711.wav,PA,PA_0090,CA,spoof,spoof,train,data/subset_g711/PA_train_PA_T_0053347_g711.wav,g711_8khz
data/subset_g711/PA_train_PA_T_0023595_g711.wav,PA,PA_0095,AA,spoof,spoof,train,data/subset_g711/PA_train_PA_T_0023595_g711.wav,g711_8khz
data/subset_g711/PA_train_PA_T_0038983_g711.wav,PA,PA_0092,AC,spoof,spoof,train,data/subset_g711/PA_train_PA_T_0038983_g711.wav,g711_8khz
data/subset_g711/PA_train_PA_T_0036591_g711.wav,PA,PA_0083,BB,spoof,spoof,train,data/subset_g711/PA_train_PA_T_0036591_g711.wav,g711_8khz
data/subset_g711/PA_val_PA_T_0024300_g711.wav,PA,PA_0082,BB,spoof,spoof,val,data/subset_g711/PA_val_PA_T_0024300_g711.wav,g711_8khz
data/subset_g711/PA_train_PA_T_0048359_g711.wav,PA,PA_0080,CC,spoof,spoof,train,data/subset_g711/PA_train_PA_T_0048359_g711.wav,g711_8khz
data/subset_g711/PA_train_PA_T_0014804_g711.wav,PA,PA_0092,AC,spoof,spoof,train,data/subset_g711/PA_train_PA_T_0014804_g711.wav,g711_8khz
data/subset_g711/PA_val_PA_T_0035647_g711.wav,PA,PA_0082,CB,spoof,spoof,val,data/subset_g711/PA_val_PA_T_0035647_g711.wav,g711_8khz
data/subset_g711/PA_train_PA_T_0022177_g711.wav,PA,PA_0085,AB,spoof,spoof,train,data/subset_g711/PA_train_PA_T_0022177_g711.wav,g711_8khz
data/subset_g711/PA_test_PA_T_0019203_g711.wav,PA,PA_0079,BC,spoof,spoof,test,data/subset_g711/PA_test_PA_T_0019203_g711.wav,g711_8khz
data/subset_g711/PA_train_PA_T_0051914_g711.wav,PA,PA_0088,CB,spoof,spoof,train,data/subset_g711/PA_train_PA_T_0051914_g711.wav,g711_8khz
data/subset_g711/PA_train_PA_T_0040500_g711.wav,PA,PA_0093,BA,spoof,spoof,train,data/subset_g711/PA_train_PA_T_0040500_g711.wav,g711_8khz
data/subset_g711/PA_val_PA_T_0052262_g711.wav,PA,PA_0091,AA,spoof,spoof,val,data/subset_g711/PA_val_PA_T_0052262_g711.wav,g711_8khz
data/subset_g711/PA_train_PA_T_0028777_g711.wav,PA,PA_0095,CC,spoof,spoof,train,data/subset_g711/PA_train_PA_T_0028777_g711.wav,g711_8khz
data/subset_g711/PA_train_PA_T_0048822_g711.wav,PA,PA_0089,AA,spoof,spoof,train,data/subset_g711/PA_train_PA_T_0048822_g711.wav,g711_8khz
data/subset_g711/PA_train_PA_T_0038113_g711.wav,PA,PA_0093,AA,spoof,spoof,train,data/subset_g711/PA_train_PA_T_0038113_g711.wav,g711_8khz
data/subset_g711/PA_train_PA_T_0048590_g711.wav,PA,PA_0098,CC,spoof,spoof,train,data/subset_g711/PA_train_PA_T_0048590_g711.wav,g711_8khz
data/subset_g711/PA_val_PA_T_0046874_g711.wav,PA,PA_0091,AA,spoof,spoof,val,data/subset_g711/PA_val_PA_T_0046874_g711.wav,g711_8khz
data/subset_g711/PA_val_PA_T_0048674_g711.wav,PA,PA_0082,AA,spoof,spoof,val,data/subset_g711/PA_val_PA_T_0048674_g711.wav,g711_8khz
data/subset_g711/PA_train_PA_T_0050891_g711.wav,PA,PA_0080,AC,spoof,spoof,train,data/subset_g711/PA_train_PA_T_0050891_g711.wav,g711_8khz
data/subset_g711/PA_train_PA_T_0008612_g711.wav,PA,PA_0080,CA,spoof,spoof,train,data/subset_g711/PA_train_PA_T_0008612_g711.wav,g711_8khz
data/subset_g711/PA_val_PA_T_0032150_g711.wav,PA,PA_0081,CC,spoof,spoof,val,data/subset_g711/PA_val_PA_T_0032150_g711.wav,g711_8khz
data/subset_g711/PA_train_PA_T_0028402_g711.wav,PA,PA_0080,CA,spoof,spoof,train,data/subset_g711/PA_train_PA_T_0028402_g711.wav,g711_8khz
data/subset_g711/PA_train_PA_T_0006991_g711.wav,PA,PA_0083,CB,spoof,spoof,train,data/subset_g711/PA_train_PA_T_0006991_g711.wav,g711_8khz
data/subset_g711/PA_train_PA_T_0008127_g711.wav,PA,PA_0090,BA,spoof,spoof,train,data/subset_g711/PA_train_PA_T_0008127_g711.wav,g711_8khz
data/subset_g711/PA_train_PA_T_0011832_g711.wav,PA,PA_0089,AC,spoof,spoof,train,data/subset_g711/PA_train_PA_T_0011832_g711.wav,g711_8khz
data/subset_g711/PA_train_PA_T_0028818_g711.wav,PA,PA_0080,AA,spoof,spoof,train,data/subset_g711/PA_train_PA_T_0028818_g711.wav,g711_8khz
data/subset_g711/PA_train_PA_T_0051165_g711.wav,PA,PA_0084,BA,spoof,spoof,train,data/subset_g711/PA_train_PA_T_0051165_g711.wav,g711_8khz
data/subset_g711/PA_train_PA_T_0041201_g711.wav,PA,PA_0096,CB,spoof,spoof,train,data/subset_g711/PA_train_PA_T_0041201_g711.wav,g711_8khz
data/subset_g711/PA_train_PA_T_0023538_g711.wav,PA,PA_0090,AA,spoof,spoof,train,data/subset_g711/PA_train_PA_T_0023538_g711.wav,g711_8khz
data/subset_g711/PA_train_PA_T_0022838_g711.wav,PA,PA_0096,AC,spoof,spoof,train,data/subset_g711/PA_train_PA_T_0022838_g711.wav,g711_8khz
data/subset_g711/PA_train_PA_T_0048299_g711.wav,PA,PA_0096,CB,spoof,spoof,train,data/subset_g711/PA_train_PA_T_0048299_g711.wav,g711_8khz
data/subset_g711/PA_train_PA_T_0013759_g711.wav,PA,PA_0098,BB,spoof,spoof,train,data/subset_g711/PA_train_PA_T_0013759_g711.wav,g711_8khz
data/subset_g711/PA_train_PA_T_0022026_g711.wav,PA,PA_0098,AA,spoof,spoof,train,data/subset_g711/PA_train_PA_T_0022026_g711.wav,g711_8khz
data/subset_g711/PA_train_PA_T_0036311_g711.wav,PA,PA_0086,AC,spoof,spoof,train,data/subset_g711/PA_train_PA_T_0036311_g711.wav,g711_8khz
data/subset_g711/PA_test_PA_T_0044990_g711.wav,PA,PA_0097,CC,spoof,spoof,test,data/subset_g711/PA_test_PA_T_0044990_g711.wav,g711_8khz
data/subset_g711/PA_train_PA_T_0047363_g711.wav,PA,PA_0098,BA,spoof,spoof,train,data/subset_g711/PA_train_PA_T_0047363_g711.wav,g711_8khz
data/subset_g711/PA_val_PA_T_0032471_g711.wav,PA,PA_0082,AA,spoof,spoof,val,data/subset_g711/PA_val_PA_T_0032471_g711.wav,g711_8khz
data/subset_g711/PA_val_PA_T_0037847_g711.wav,PA,PA_0081,AA,spoof,spoof,val,data/subset_g711/PA_val_PA_T_0037847_g711.wav,g711_8khz
data/subset_g711/PA_train_PA_T_0045636_g711.wav,PA,PA_0090,AC,spoof,spoof,train,data/subset_g711/PA_train_PA_T_0045636_g711.wav,g711_8khz
data/subset_g711/PA_train_PA_T_0043501_g711.wav,PA,PA_0093,AA,spoof,spoof,train,data/subset_g711/PA_train_PA_T_0043501_g711.wav,g711_8khz
data/subset_g711/PA_test_PA_T_0045904_g711.wav,PA,PA_0097,BA,spoof,spoof,test,data/subset_g711/PA_test_PA_T_0045904_g711.wav,g711_8khz
data/subset_g711/PA_train_PA_T_0009189_g711.wav,PA,PA_0088,AB,spoof,spoof,train,data/subset_g711/PA_train_PA_T_0009189_g711.wav,g711_8khz
data/subset_g711/PA_train_PA_T_0042091_g711.wav,PA,PA_0089,BB,spoof,spoof,train,data/subset_g711/PA_train_PA_T_0042091_g711.wav,g711_8khz
data/subset_g711/PA_train_PA_T_0032258_g711.wav,PA,PA_0089,CC,spoof,spoof,train,data/subset_g711/PA_train_PA_T_0032258_g711.wav,g711_8khz
data/subset_g711/PA_train_PA_T_0039745_g711.wav,PA,PA_0090,AA,spoof,spoof,train,data/subset_g711/PA_train_PA_T_0039745_g711.wav,g711_8khz
data/subset_g711/PA_test_PA_T_0044016_g711.wav,PA,PA_0097,AB,spoof,spoof,test,data/subset_g711/PA_test_PA_T_0044016_g711.wav,g711_8khz
data/subset_g711/PA_train_PA_T_0039308_g711.wav,PA,PA_0095,CA,spoof,spoof,train,data/subset_g711/PA_train_PA_T_0039308_g711.wav,g711_8khz
data/subset_g711/PA_val_PA_T_0022097_g711.wav,PA,PA_0082,AB,spoof,spoof,val,data/subset_g711/PA_val_PA_T_0022097_g711.wav,g711_8khz
data/subset_g711/PA_val_PA_T_0052047_g711.wav,PA,PA_0082,CC,spoof,spoof,val,data/subset_g711/PA_val_PA_T_0052047_g711.wav,g711_8khz
data/subset_g711/PA_train_PA_T_0033633_g711.wav,PA,PA_0096,AC,spoof,spoof,train,data/subset_g711/PA_train_PA_T_0033633_g711.wav,g711_8khz
data/subset_g711/PA_train_PA_T_0052970_g711.wav,PA,PA_0080,BC,spoof,spoof,train,data/subset_g711/PA_train_PA_T_0052970_g711.wav,g711_8khz
data/subset_g711/PA_train_PA_T_0024048_g711.wav,PA,PA_0093,AC,spoof,spoof,train,data/subset_g711/PA_train_PA_T_0024048_g711.wav,g711_8khz
data/subset_g711/PA_test_PA_T_0029279_g711.wav,PA,PA_0097,AB,spoof,spoof,test,data/subset_g711/PA_test_PA_T_0029279_g711.wav,g711_8khz
data/subset_g711/PA_train_PA_T_0035675_g711.wav,PA,PA_0085,CB,spoof,spoof,train,data/subset_g711/PA_train_PA_T_0035675_g711.wav,g711_8khz
data/subset_g711/PA_val_PA_T_0006515_g711.wav,PA,PA_0094,AC,spoof,spoof,val,data/subset_g711/PA_val_PA_T_0006515_g711.wav,g711_8khz
data/subset_g711/PA_test_PA_T_0035336_g711.wav,PA,PA_0087,BC,spoof,spoof,test,data/subset_g711/PA_test_PA_T_0035336_g711.wav,g711_8khz
data/subset_g711/PA_val_PA_T_0050668_g711.wav,PA,PA_0081,AB,spoof,spoof,val,data/subset_g711/PA_val_PA_T_0050668_g711.wav,g711_8khz
data/subset_g711/PA_train_PA_T_0043345_g711.wav,PA,PA_0085,AA,spoof,spoof,train,data/subset_g711/PA_train_PA_T_0043345_g711.wav,g711_8khz
data/subset_g711/PA_train_PA_T_0052233_g711.wav,PA,PA_0085,AA,spoof,spoof,train,data/subset_g711/PA_train_PA_T_0052233_g711.wav,g711_8khz
data/subset_g711/PA_test_PA_T_0012695_g711.wav,PA,PA_0087,AA,spoof,spoof,test,data/subset_g711/PA_test_PA_T_0012695_g711.wav,g711_8khz
data/subset_g711/PA_train_PA_T_0040628_g711.wav,PA,PA_0089,BB,spoof,spoof,train,data/subset_g711/PA_train_PA_T_0040628_g711.wav,g711_8khz
data/subset_g711/PA_train_PA_T_0012523_g711.wav,PA,PA_0085,CC,spoof,spoof,train,data/subset_g711/PA_train_PA_T_0012523_g711.wav,g711_8khz
data/subset_g711/PA_train_PA_T_0049196_g711.wav,PA,PA_0088,AB,spoof,spoof,train,data/subset_g711/PA_train_PA_T_0049196_g711.wav,g711_8khz
data/subset_g711/PA_train_PA_T_0050272_g711.wav,PA,PA_0084,CC,spoof,spoof,train,data/subset_g711/PA_train_PA_T_0050272_g711.wav,g711_8khz
data/subset_g711/PA_train_PA_T_0052422_g711.wav,PA,PA_0083,AC,spoof,spoof,train,data/subset_g711/PA_train_PA_T_0052422_g711.wav,g711_8khz
data/subset_g711/PA_train_PA_T_0025938_g711.wav,PA,PA_0098,BB,spoof,spoof,train,data/subset_g711/PA_train_PA_T_0025938_g711.wav,g711_8khz
data/subset_g711/PA_train_PA_T_0026598_g711.wav,PA,PA_0092,CB,spoof,spoof,train,data/subset_g711/PA_train_PA_T_0026598_g711.wav,g711_8khz
data/subset_g711/PA_train_PA_T_0034685_g711.wav,PA,PA_0095,AB,spoof,spoof,train,data/subset_g711/PA_train_PA_T_0034685_g711.wav,g711_8khz
data/subset_g711/PA_train_PA_T_0021066_g711.wav,PA,PA_0080,CB,spoof,spoof,train,data/subset_g711/PA_train_PA_T_0021066_g711.wav,g711_8khz
data/subset_g711/PA_train_PA_T_0046201_g711.wav,PA,PA_0090,BC,spoof,spoof,train,data/subset_g711/PA_train_PA_T_0046201_g711.wav,g711_8khz
data/subset_g711/PA_train_PA_T_0052701_g711.wav,PA,PA_0096,BA,spoof,spoof,train,data/subset_g711/PA_train_PA_T_0052701_g711.wav,g711_8khz
data/subset_g711/PA_train_PA_T_0016284_g711.wav,PA,PA_0083,AA,spoof,spoof,train,data/subset_g711/PA_train_PA_T_0016284_g711.wav,g711_8khz
data/subset_g711/PA_train_PA_T_0033717_g711.wav,PA,PA_0086,BB,spoof,spoof,train,data/subset_g711/PA_train_PA_T_0033717_g711.wav,g711_8khz
data/subset_g711/PA_train_PA_T_0023296_g711.wav,PA,PA_0080,CC,spoof,spoof,train,data/subset_g711/PA_train_PA_T_0023296_g711.wav,g711_8khz
data/subset_g711/PA_train_PA_T_0026532_g711.wav,PA,PA_0088,CB,spoof,spoof,train,data/subset_g711/PA_train_PA_T_0026532_g711.wav,g711_8khz
data/subset_g711/PA_train_PA_T_0031844_g711.wav,PA,PA_0080,CB,spoof,spoof,train,data/subset_g711/PA_train_PA_T_0031844_g711.wav,g711_8khz
data/subset_g711/PA_test_PA_T_0047781_g711.wav,PA,PA_0097,BC,spoof,spoof,test,data/subset_g711/PA_test_PA_T_0047781_g711.wav,g711_8khz
data/subset_g711/PA_train_PA_T_0040371_g711.wav,PA,PA_0098,AC,spoof,spoof,train,data/subset_g711/PA_train_PA_T_0040371_g711.wav,g711_8khz
data/subset_g711/PA_train_PA_T_0053991_g711.wav,PA,PA_0098,CC,spoof,spoof,train,data/subset_g711/PA_train_PA_T_0053991_g711.wav,g711_8khz
data/subset_g711/PA_train_PA_T_0022160_g711.wav,PA,PA_0085,AB,spoof,spoof,train,data/subset_g711/PA_train_PA_T_0022160_g711.wav,g711_8khz
data/subset_g711/PA_train_PA_T_0011204_g711.wav,PA,PA_0098,AA,spoof,spoof,train,data/subset_g711/PA_train_PA_T_0011204_g711.wav,g711_8khz
